Charm++> No provisioning arguments specified. Running with a single PE.
         Use +auto-provision to fully subscribe resources or +p1 to silence this message.
Charm++: standalone mode (not using charmrun)
Charm++> Running in Multicore mode: 1 threads (PEs)
Charm++> Using recursive bisection (scheme 3) for topology aware partitions
Charm++ warning> fences and atomic operations not available in native assembly
Converse/Charm++ Commit ID: v6.10.2-0-g7bf00fa-namd-charm-6.10.2-build-2020-Aug-05-556
Charm++> Disabling isomalloc because mmap() does not work.
CharmLB> Load balancer assumes all CPUs are same.
Charm++> Running on 1 hosts (1 sockets x 4 cores x 2 PUs = 8-way SMP)
Charm++> cpu topology info is gathered in 0.008 seconds.
Info: NAMD 2.14 for Win64-multicore
Info: 
Info: Please visit http://www.ks.uiuc.edu/Research/namd/
Info: for updates, documentation, and support information.
Info: 
Info: Please cite Phillips et al., J. Chem. Phys. 153:044130 (2020) doi:10.1063/5.0014475
Info: in all publications reporting results obtained with NAMD.
Info: 
Info: Based on Charm++/Converse 61002 for multicore-win64
Info: Built Wed, Aug 05, 2020 1:08:15 PM by jim on europa
Info: Running on 1 processors, 1 nodes, 1 physical nodes.
Info: CPU topology information available.
Info: Charm++/Converse parallel runtime startup completed at 0.0079999 s
CkLoopLib is used in SMP with simple dynamic scheduling (converse-level notification)
Info: 2.16016 MB of memory in use based on GetProcessMemoryInfo
Info: Configuration file is .\water_simulation.conf
Info: Changed directory to .
TCL: Suspending until startup complete.
Info: SIMULATION PARAMETERS:
Info: TIMESTEP               1
Info: NUMBER OF STEPS        0
Info: STEPS PER CYCLE        10
Info: PERIODIC CELL BASIS 1  21 0 0
Info: PERIODIC CELL BASIS 2  0 21 0
Info: PERIODIC CELL BASIS 3  0 0 21
Info: PERIODIC CELL CENTER   0 -0.3 0.1
Info: WRAPPING ALL CLUSTERS AROUND PERIODIC BOUNDARIES ON OUTPUT.
Info: LOAD BALANCER  Centralized
Info: LOAD BALANCING STRATEGY  New Load Balancers -- DEFAULT
Info: LDB PERIOD             2000 steps
Info: FIRST LDB TIMESTEP     50
Info: LAST LDB TIMESTEP     -1
Info: LDB BACKGROUND SCALING 1
Info: HOM BACKGROUND SCALING 1
Info: PME BACKGROUND SCALING 1
Info: MIN ATOMS PER PATCH    40
Info: INITIAL TEMPERATURE    300
Info: CENTER OF MASS MOVING INITIALLY? NO
Info: DIELECTRIC             1
Info: EXCLUDE                SCALED ONE-FOUR
Info: 1-4 ELECTROSTATICS SCALED BY 1
Info: MODIFIED 1-4 VDW PARAMETERS WILL BE USED
Info: DCD FILENAME           water_simulation.dcd
Info: DCD FREQUENCY          500
Info: DCD FIRST STEP         500
Info: DCD FILE WILL CONTAIN UNIT CELL DATA
Info: XST FILENAME           water_simulation.xst
Info: XST FREQUENCY          250
Info: VELOCITY DCD FILENAME    water_simulation.veldcd
Info: VELOCITY DCD FREQUENCY   500
Info: VELOCITY DCD FIRST STEP  500
Info: NO FORCE DCD OUTPUT
Info: OUTPUT FILENAME        water_simulation
Info: BINARY OUTPUT FILES WILL BE USED
Info: RESTART FILENAME       water_simulation.restart
Info: RESTART FREQUENCY      500
Info: BINARY RESTART FILES WILL BE USED
Info: SWITCHING ACTIVE
Info: SWITCHING ON           10
Info: SWITCHING OFF          12
Info: PAIRLIST DISTANCE      14
Info: PAIRLIST SHRINK RATE   0.01
Info: PAIRLIST GROW RATE     0.01
Info: PAIRLIST TRIGGER       0.3
Info: PAIRLISTS PER CYCLE    2
Info: PAIRLISTS ENABLED
Info: MARGIN                 2.5
Info: HYDROGEN GROUP CUTOFF  2.5
Info: PATCH DIMENSION        19
Info: ENERGY OUTPUT STEPS    100
Info: CROSSTERM ENERGY INCLUDED IN DIHEDRAL
Info: TIMING OUTPUT STEPS    1000
Info: PRESSURE OUTPUT STEPS  100
Info: LANGEVIN DYNAMICS ACTIVE
Info: LANGEVIN TEMPERATURE   300
Info: LANGEVIN USING BBK INTEGRATOR
Info: LANGEVIN DAMPING COEFFICIENT IS 1 INVERSE PS
Info: LANGEVIN DYNAMICS NOT APPLIED TO HYDROGENS
Info: LANGEVIN PISTON PRESSURE CONTROL ACTIVE
Info:        TARGET PRESSURE IS 1.01325 BAR
Info:     OSCILLATION PERIOD IS 100 FS
Info:             DECAY TIME IS 50 FS
Info:     PISTON TEMPERATURE IS 300 K
Info:       PRESSURE CONTROL IS GROUP-BASED
Info:    INITIAL STRAIN RATE IS 0 0 0
Info:       CELL FLUCTUATION IS ISOTROPIC
Info: PARTICLE MESH EWALD (PME) ACTIVE
Info: PME TOLERANCE               1e-06
Info: PME EWALD COEFFICIENT       0.257952
Info: PME INTERPOLATION ORDER     4
Info: PME GRID DIMENSIONS         24 24 24
Info: PME MAXIMUM GRID SPACING    1
Info: FULL ELECTROSTATIC EVALUATION FREQUENCY      2
Info: USING VERLET I (r-RESPA) MTS SCHEME.
Info: C1 SPLITTING OF LONG RANGE ELECTROSTATICS
Info: PLACING ATOMS IN PATCHES BY HYDROGEN GROUPS
Info: RANDOM NUMBER SEED     1755070685
Info: USE HYDROGEN BONDS?    NO
Info: COORDINATE PDB         water_box.pdb
Info: STRUCTURE FILE         water_box.psf
Info: PARAMETER file: CHARMM format! 
Info: PARAMETERS             par_all27_prot_lipid.inp
Info: USING ARITHMETIC MEAN TO COMBINE L-J SIGMA PARAMETERS
Info: SUMMARY OF PARAMETERS:
Info: 180 BONDS
Info: 447 ANGLES
Info: 566 DIHEDRAL
Info: 46 IMPROPER
Info: 6 CROSSTERM
Info: 119 VDW
Info: 0 VDW_PAIRS
Info: 0 NBTHOLE_PAIRS
Info: TIME FOR READING PSF FILE: 0.00300002
Info: Reading pdb file water_box.pdb
Info: TIME FOR READING PDB FILE: 0.00100017
Info: 
Info: ****************************
Info: STRUCTURE SUMMARY:
Info: 699 ATOMS
Info: 466 BONDS
Info: 233 ANGLES
Info: 0 DIHEDRALS
Info: 0 IMPROPERS
Info: 0 CROSSTERMS
Info: 0 EXCLUSIONS
Info: 2097 DEGREES OF FREEDOM
Info: 233 HYDROGEN GROUPS
Info: 3 ATOMS IN LARGEST HYDROGEN GROUP
Info: 233 MIGRATION GROUPS
Info: 3 ATOMS IN LARGEST MIGRATION GROUP
Info: TOTAL MASS = 4197.59 amu
Info: TOTAL CHARGE = 0 e
Info: MASS DENSITY = 0.752664 g/cm^3
Info: ATOM DENSITY = 0.0754778 atoms/A^3
Info: *****************************
Info: 
Info: Entering startup at 0.0250001 s, 3.09375 MB of memory in use
Info: Startup phase 0 took 0 s, 3.09375 MB of memory in use
Info: ADDED 699 IMPLICIT EXCLUSIONS
Info: Startup phase 1 took 0.000999928 s, 3.22656 MB of memory in use
Info: NONBONDED TABLE R-SQUARED SPACING: 0.0625
Info: NONBONDED TABLE SIZE: 769 POINTS
Info: ABSOLUTE IMPRECISION IN FAST TABLE FORCE: 2.64698e-23 AT 11.9138
Info: RELATIVE IMPRECISION IN FAST TABLE FORCE: 1.40436e-16 AT 11.9138
Info: INCONSISTENCY IN FAST TABLE ENERGY VS FORCE: 0.000325096 AT 11.9556
Info: ABSOLUTE IMPRECISION IN SCOR TABLE FORCE: 4.10282e-22 AT 11.9138
Info: RELATIVE IMPRECISION IN SCOR TABLE FORCE: 3.56912e-15 AT 11.9138
Info: INCONSISTENCY IN SCOR TABLE ENERGY VS FORCE: 0.000324844 AT 11.9556
Info: ABSOLUTE IMPRECISION IN VDWA TABLE ENERGY: 9.86076e-32 AT 11.8295
Info: RELATIVE IMPRECISION IN VDWA TABLE ENERGY: 6.75473e-14 AT 11.9138
Info: ABSOLUTE IMPRECISION IN VDWA TABLE FORCE: 4.62223e-32 AT 11.9138
Info: RELATIVE IMPRECISION IN VDWA TABLE FORCE: 2.12237e-15 AT 11.9138
Info: INCONSISTENCY IN VDWA TABLE ENERGY VS FORCE: 0.0040507 AT 0.251946
Info: ABSOLUTE IMPRECISION IN VDWB TABLE ENERGY: 4.1359e-25 AT 11.8295
Info: RELATIVE IMPRECISION IN VDWB TABLE ENERGY: 7.56853e-15 AT 11.9138
Info: ABSOLUTE IMPRECISION IN VDWB TABLE FORCE: 3.87741e-26 AT 11.9138
Info: RELATIVE IMPRECISION IN VDWB TABLE FORCE: 5.97409e-16 AT 11.9138
Info: INCONSISTENCY IN VDWB TABLE ENERGY VS FORCE: 0.00150189 AT 0.251946
Info: Startup phase 2 took 0 s, 4.02734 MB of memory in use
Info: Startup phase 3 took 0 s, 4.02734 MB of memory in use
Info: Startup phase 4 took 0 s, 4.05859 MB of memory in use
Info: Startup phase 5 took 0 s, 4.05859 MB of memory in use
Info: PATCH GRID IS 1 (PERIODIC) BY 1 (PERIODIC) BY 1 (PERIODIC)
Info: PATCH GRID IS 1-AWAY BY 1-AWAY BY 1-AWAY
Info: REMOVING COM VELOCITY -0.0731614 -0.125464 0.0421701
Info: LARGEST PATCH (0) HAS 699 ATOMS
Info: TORUS A SIZE 1 USING 0
Info: TORUS B SIZE 1 USING 0
Info: TORUS C SIZE 1 USING 0
Info: TORUS MINIMAL MESH SIZE IS 1 BY 1 BY 1
Info: Placed 100% of base nodes on same physical node as patch
Info: Startup phase 6 took 0.000999928 s, 4.39063 MB of memory in use
Info: PME using 1 and 1 processors for FFT and reciprocal sum.
Info: PME GRID LOCATIONS: 0
Info: PME TRANS LOCATIONS: 0
Info: PME USING 1 GRID NODES AND 1 TRANS NODES
Info: Optimizing 4 FFT steps.  1... 2... 3... 4...   Done.
Info: Startup phase 7 took 0 s, 4.39063 MB of memory in use
Info: Startup phase 8 took 0 s, 4.39063 MB of memory in use
Info: Startup phase 9 took 0 s, 4.39063 MB of memory in use
Info: Startup phase 10 took 0 s, 4.39063 MB of memory in use
Info: Startup phase 11 took 0 s, 4.39063 MB of memory in use
LDB: Central LB being created...
Info: Startup phase 12 took 0 s, 4.39063 MB of memory in use
Info: CREATING 25 COMPUTE OBJECTS
Info: Startup phase 13 took 0 s, 4.42969 MB of memory in use
Info: Startup phase 14 took 0 s, 4.42969 MB of memory in use
Info: Startup phase 15 took 0 s, 4.70703 MB of memory in use
Info: Finished startup at 0.027 s, 4.70703 MB of memory in use

TCL: Minimizing for 100 steps
PRESSURE: 0 -2867.28 -486.095 537.431 -486.095 -3663.56 2597.97 537.431 2597.97 2385.8
GPRESSURE: 0 -12921.9 -706.252 884.161 -1863.56 -10841.5 2818.01 291.441 1065.94 -7706.78
ETITLE:      TS           BOND          ANGLE          DIHED          IMPRP               ELECT            VDW       BOUNDARY           MISC        KINETIC               TOTAL           TEMP      POTENTIAL         TOTAL3        TEMPAVG            PRESSURE      GPRESSURE         VOLUME       PRESSAVG      GPRESSAVG

ENERGY:       0       192.4753        58.4516         0.0000         0.0000          -2060.6886       321.7102         0.0000         0.0000         0.0000          -1488.0514         0.0000     -1488.0514     -1488.0514         0.0000          -1381.6812    -10490.0521      9261.0000     -1381.6812    -10490.0521

OPENING EXTENDED SYSTEM TRAJECTORY FILE
MINIMIZER STARTING CONJUGATE GRADIENT ALGORITHM
LINE MINIMIZER REDUCING GRADIENT FROM 1.16904e+06 TO 1169.04
PRESSURE: 1 -3002.07 -588.521 6.41351 -588.521 -3432.09 1136.64 6.41351 1136.64 -1246.47
GPRESSURE: 1 -13712.1 -492.684 481.252 -1641.79 -12388.7 1038.55 -85.0352 -469.926 -12617.6
ENERGY:       1       108.5284        50.9776         0.0000         0.0000          -2074.5726       250.8701         0.0000         0.0000         0.0000          -1664.1965         0.0000     -1664.1965     -1664.1965         0.0000          -2560.2093    -12906.1407      9261.0000     -2560.2093    -12906.1407

PRESSURE: 2 -3271.02 -685.497 -296.396 -685.497 -2924.6 688.237 -296.396 688.237 -2198.3
GPRESSURE: 2 -14333.5 -316.197 302.81 -1458.74 -13403.3 284.678 -268.94 -1093.36 -14498.3
ENERGY:       2        70.6978        47.4333         0.0000         0.0000          -2088.0433       220.2526         0.0000         0.0000         0.0000          -1749.6596         0.0000     -1749.6596     -1749.6596         0.0000          -2797.9732    -14078.3987      9261.0000     -2797.9732    -14078.3987

PRESSURE: 3 -3713.07 -804.564 -525.794 -804.564 -2412.08 599.699 -525.794 599.699 -2442.82
GPRESSURE: 3 -14822.5 -189.199 197.914 -1326.77 -14122.4 -95.9885 -393.544 -1383.89 -15344.8
ENERGY:       3        78.9962        47.8216         0.0000         0.0000          -2101.0635       204.8710         0.0000         0.0000         0.0000          -1769.3747         0.0000     -1769.3747     -1769.3747         0.0000          -2855.9905    -14763.2274      9261.0000     -2855.9905    -14763.2274

PRESSURE: 4 -4351.63 -943.47 -727.433 -943.47 -2002.94 654.848 -727.433 654.848 -2588.59
GPRESSURE: 4 -15202.9 -105.67 122.548 -1239.3 -14648.5 -320.444 -495.178 -1531.59 -15770.4
ENERGY:       4       133.4193        52.1543         0.0000         0.0000          -2113.5983       196.6948         0.0000         0.0000         0.0000          -1731.3299         0.0000     -1731.3299     -1731.3299         0.0000          -2981.0542    -15207.2895      9261.0000     -2981.0542    -15207.2895

LINE MINIMIZER BRACKET: DX 0.000208655 0.000208655 DU -19.7151 38.0448 DUDX -242019 47375.9 315207 
PRESSURE: 5 -3626.1 -783.111 -490.083 -783.111 -2492.39 601.057 -490.083 601.057 -2417.82
GPRESSURE: 5 -14748.9 -207.139 212.753 -1345.46 -14017.6 -46.7435 -374.83 -1348.31 -15241.8
ENERGY:       5        74.4023        47.4829         0.0000         0.0000          -2098.9218       206.8147         0.0000         0.0000         0.0000          -1770.2218         0.0000     -1770.2218     -1770.2218         0.0000          -2845.4383    -14669.4297      9261.0000     -2845.4383    -14669.4297

LINE MINIMIZER BRACKET: DX 0.000173814 3.48407e-05 DU -20.5623 0.847168 DUDX -242019 1148.2 47375.9 
MINIMIZER RESTARTING CONJUGATE GRADIENT ALGORITHM
LINE MINIMIZER REDUCING GRADIENT FROM 104132 TO 104.132
PRESSURE: 6 -3334.07 -518.397 193.8 -518.397 -3702.48 -249.358 193.8 -249.358 -3048.79
GPRESSURE: 6 -15792.1 -82.6013 221.502 -1352.51 -14711.9 131.453 -372.597 -1071.17 -16101.1
ENERGY:       6        70.9576        36.2306         0.0000         0.0000          -2142.5056       199.5134         0.0000         0.0000         0.0000          -1835.8041         0.0000     -1835.8041     -1835.8041         0.0000          -3361.7819    -15535.0220      9261.0000     -3361.7819    -15535.0220

PRESSURE: 7 -3893.71 -504.325 940.205 -504.325 -5498.28 -1195.11 940.205 -1195.11 -4854.19
GPRESSURE: 7 -16643.7 -8.33006 222.842 -1399.32 -15138.1 422.825 -378.209 -714.229 -16732.3
ENERGY:       7       174.1479        48.2522         0.0000         0.0000          -2184.9827       198.0131         0.0000         0.0000         0.0000          -1764.5694         0.0000     -1764.5694     -1764.5694         0.0000          -4748.7283    -16171.3702      9261.0000     -4748.7283    -16171.3702

LINE MINIMIZER BRACKET: DX 0.00129579 0.00129579 DU -65.5822 71.2346 DUDX -104132 2611.85 106748 
PRESSURE: 8 -3324.67 -533.954 122.853 -533.954 -3554.05 -161.055 122.853 -161.055 -2933.73
GPRESSURE: 8 -15696.6 -92.9736 220.814 -1350.27 -14653.9 108.909 -372.634 -1102.11 -16025.4
ENERGY:       8        66.4728        36.2814         0.0000         0.0000          -2138.1971       199.9857         0.0000         0.0000         0.0000          -1835.4571         0.0000     -1835.4571     -1835.4571         0.0000          -3270.8182    -15458.6420      9261.0000     -3270.8182    -15458.6420

LINE MINIMIZER BRACKET: DX 0.000129579 0.00129579 DU -0.346921 71.2346 DUDX -7973.11 2611.85 106748 
PRESSURE: 9 -3330.96 -522.032 176.228 -522.032 -3665.29 -227.486 176.228 -227.486 -3019.26
GPRESSURE: 9 -15768.7 -85.1436 221.341 -1351.95 -14697.8 125.765 -372.596 -1078.9 -16082.6
ENERGY:       9        69.7508        36.2215         0.0000         0.0000          -2141.4427       199.6246         0.0000         0.0000         0.0000          -1835.8458         0.0000     -1835.8458     -1835.8458         0.0000          -3338.5056    -15516.3688      9261.0000     -3338.5056    -15516.3688

LDB: ============= START OF LOAD BALANCING ============== 0.0680001
LDB: ============== END OF LOAD BALANCING =============== 0.0680001
LDB: =============== DONE WITH MIGRATION ================ 0.0680001
LINE MINIMIZER BRACKET: DX 9.7585e-05 3.19938e-05 DU -0.388654 0.0417328 DUDX -7973.11 0.662412 2611.85 
MINIMIZER RESTARTING CONJUGATE GRADIENT ALGORITHM
LINE MINIMIZER REDUCING GRADIENT FROM 121221 TO 121.221
PRESSURE: 10 -3859.63 -380.283 -544.087 -380.283 -2748.63 21.665 -544.087 21.665 -3122.41
GPRESSURE: 10 -16404.9 50.5193 202.034 -1095.39 -15685.9 -323.774 -413.548 -1413.78 -16866.6
ETITLE:      TS           BOND          ANGLE          DIHED          IMPRP               ELECT            VDW       BOUNDARY           MISC        KINETIC               TOTAL           TEMP      POTENTIAL         TOTAL3        TEMPAVG            PRESSURE      GPRESSURE         VOLUME       PRESSAVG      GPRESSAVG

ENERGY:      10        62.8635        40.3547         0.0000         0.0000          -2163.3472       184.8621         0.0000         0.0000         0.0000          -1875.2669         0.0000     -1875.2669     -1875.2669         0.0000          -3243.5562    -16319.1620      9261.0000     -3243.5562    -16319.1620

PRESSURE: 11 -4832.38 -239.898 -1220.75 -239.898 -1975.49 371.931 -1220.75 371.931 -3561.86
GPRESSURE: 11 -16920.3 82.0256 157.793 -962.013 -16186.5 -482.99 -494.369 -1462.39 -17334.4
ENERGY:      11       140.2367        50.7969         0.0000         0.0000          -2183.6853       178.8693         0.0000         0.0000         0.0000          -1813.7824         0.0000     -1813.7824     -1813.7824         0.0000          -3456.5800    -16813.7526      9261.0000     -3456.5800    -16813.7526

LINE MINIMIZER BRACKET: DX 0.000765138 0.000765138 DU -39.4211 61.4846 DUDX -121221 15835.1 144055 
PRESSURE: 12 -3774.78 -395.608 -461.001 -395.608 -2856.2 -18.3028 -461.001 -18.3028 -3097
GPRESSURE: 12 -16336.9 41.258 206.432 -1117.49 -15602.4 -291.872 -405.51 -1395.19 -16795.6
ENERGY:      12        59.2833        39.5642         0.0000         0.0000          -2160.8573       186.0137         0.0000         0.0000         0.0000          -1875.9960         0.0000     -1875.9960     -1875.9960         0.0000          -3242.6569    -16244.9895      9261.0000     -3242.6569    -16244.9895

LINE MINIMIZER BRACKET: DX 0.000675199 8.99394e-05 DU -40.1502 0.729077 DUDX -121221 359.156 15835.1 
PRESSURE: 13 -3715.15 -407.123 -398.292 -407.123 -2938.22 -47.2987 -398.292 -47.2987 -3080.93
GPRESSURE: 13 -16284.8 33.3746 209.446 -1135.2 -15535.2 -265.193 -399.914 -1378.54 -16739.4
ENERGY:      13        57.3622        39.0267         0.0000         0.0000          -2158.9740       186.9590         0.0000         0.0000         0.0000          -1875.6261         0.0000     -1875.6261     -1875.6261         0.0000          -3244.7649    -16186.4940      9261.0000     -3244.7649    -16186.4940

LINE MINIMIZER BRACKET: DX 6.75199e-05 8.99394e-05 DU -0.369958 0.729077 DUDX -11340.3 359.156 15835.1 
PRESSURE: 14 -3768.67 -396.75 -454.751 -396.75 -2864.36 -21.2408 -454.751 -21.2408 -3095.29
GPRESSURE: 14 -16331.8 40.5167 206.74 -1119.21 -15595.9 -289.309 -404.94 -1393.63 -16790.1
ENERGY:      14        59.0616        39.5083         0.0000         0.0000          -2160.6697       186.1050         0.0000         0.0000         0.0000          -1875.9947         0.0000     -1875.9947     -1875.9947         0.0000          -3242.7721    -16239.2611      9261.0000     -3242.7721    -16239.2611

LINE MINIMIZER BRACKET: DX 6.75199e-06 8.99394e-05 DU -0.00133615 0.729077 DUDX -807.492 359.156 15835.1 
PRESSURE: 15 -3772.81 -395.975 -458.991 -395.975 -2858.83 -19.2475 -458.991 -19.2475 -3096.45
GPRESSURE: 15 -16335.3 41.0215 206.525 -1118.04 -15600.3 -291.045 -405.329 -1394.68 -16793.9
ENERGY:      15        59.2111        39.5462         0.0000         0.0000          -2160.7969       186.0431         0.0000         0.0000         0.0000          -1875.9965         0.0000     -1875.9965     -1875.9965         0.0000          -3242.6946    -16243.1482      9261.0000     -3242.6946    -16243.1482

LINE MINIMIZER BRACKET: DX 4.57531e-06 2.17668e-06 DU -0.00182521 0.000489065 DUDX -807.492 -16.8619 359.156 
LINE MINIMIZER REDUCING GRADIENT FROM 45042.8 TO 45.0428
PRESSURE: 16 -4143.66 -87.101 -498.517 -87.101 -3361.47 -254.93 -498.517 -254.93 -3564.57
GPRESSURE: 16 -17646 176.299 167.689 -946.898 -17004.6 -398.409 -390.127 -1260 -18155.6
ENERGY:      16        56.5313        48.5651         0.0000         0.0000          -2228.0050       173.9152         0.0000         0.0000         0.0000          -1948.9933         0.0000     -1948.9933     -1948.9933         0.0000          -3689.9001    -17602.0840      9261.0000     -3689.9001    -17602.0840

PRESSURE: 17 -5277.99 101.684 -600.723 101.684 -4775.05 -507.377 -600.723 -507.377 -5078.24
GPRESSURE: 17 -18698.2 253.013 159.834 -830.91 -18190.2 -487.848 -369.218 -1102.24 -19305.4
ENERGY:      17        67.1529        74.8538         0.0000         0.0000          -2293.4844       167.1055         0.0000         0.0000         0.0000          -1984.3722         0.0000     -1984.3722     -1984.3722         0.0000          -5043.7602    -18731.2374      9261.0000     -5043.7602    -18731.2374

PRESSURE: 18 -7170.43 235.555 -753.241 235.555 -7171.87 -820.772 -753.241 -820.772 -7646.81
GPRESSURE: 18 -19523.5 286.806 177.269 -760.749 -19178.4 -559.127 -353.74 -917.259 -20242.5
ENERGY:      18        93.6388       120.2548         0.0000         0.0000          -2357.3292       165.0057         0.0000         0.0000         0.0000          -1978.4300         0.0000     -1978.4300     -1978.4300         0.0000          -7329.7037    -19648.1274      9261.0000     -7329.7037    -19648.1274

LINE MINIMIZER BRACKET: DX 0.0020415 0.0020415 DU -35.3788 5.94223 DUDX -26618.3 -7736.05 14291.6 
PRESSURE: 19 -5877.72 152.748 -650.618 152.748 -5528.07 -613.429 -650.618 -613.429 -5889.56
GPRESSURE: 19 -19023.2 269.805 163.575 -800.282 -18571.3 -515.962 -362.382 -1038.48 -19670.7
ENERGY:      19        74.6491        89.0402         0.0000         0.0000          -2316.8641       165.8180         0.0000         0.0000         0.0000          -1987.3567         0.0000     -1987.3567     -1987.3567         0.0000          -5765.1172    -19088.3933      9261.0000     -5765.1172    -19088.3933

LINE MINIMIZER BRACKET: DX 0.000741687 0.00129981 DU -2.98455 8.92678 DUDX -7736.05 -230.675 14291.6 
PRESSURE: 20 -5993.14 161.195 -659.998 161.195 -5673.7 -632.931 -659.998 -632.931 -6046.08
GPRESSURE: 20 -19077.1 272.193 164.553 -795.533 -18635.5 -520.623 -361.283 -1026.9 -19731.9
ETITLE:      TS           BOND          ANGLE          DIHED          IMPRP               ELECT            VDW       BOUNDARY           MISC        KINETIC               TOTAL           TEMP      POTENTIAL         TOTAL3        TEMPAVG            PRESSURE      GPRESSURE         VOLUME       PRESSAVG      GPRESSAVG

ENERGY:      20        76.1937        91.7929         0.0000         0.0000          -2320.9398       165.6548         0.0000         0.0000         0.0000          -1987.2984         0.0000     -1987.2984     -1987.2984         0.0000          -5904.3090    -19148.1605      9261.0000     -5904.3090    -19148.1605

LINE MINIMIZER BRACKET: DX 0.000741687 0.000129981 DU -2.98455 0.0583689 DUDX -7736.05 -230.675 1136.94 
PRESSURE: 21 -5897.11 154.196 -652.181 154.196 -5552.49 -616.724 -652.181 -616.724 -5915.82
GPRESSURE: 21 -19032.4 270.231 163.751 -799.454 -18582.2 -516.763 -362.179 -1036.52 -19681.2
ENERGY:      21        74.9061        89.5016         0.0000         0.0000          -2317.5563       165.7890         0.0000         0.0000         0.0000          -1987.3595         0.0000     -1987.3595     -1987.3595         0.0000          -5788.4751    -19098.6025      9261.0000     -5788.4751    -19098.6025

LINE MINIMIZER BRACKET: DX 2.20553e-05 0.000107926 DU -0.00277025 0.0611392 DUDX -230.675 0.20776 1136.94 
LINE MINIMIZER REDUCING GRADIENT FROM 70396.5 TO 70.3965
PRESSURE: 22 -3478.08 -342.745 176.277 -342.745 -3159.81 -1299.88 176.277 -1299.88 -4355.73
GPRESSURE: 22 -19268.2 118.252 246.672 -761.473 -18929.2 -813.898 -249.688 -854.871 -20081.4
ENERGY:      22        59.6948        93.4868         0.0000         0.0000          -2341.5025       165.7279         0.0000         0.0000         0.0000          -2022.5929         0.0000     -2022.5929     -2022.5929         0.0000          -3664.5398    -19426.2554      9261.0000     -3664.5398    -19426.2554

PRESSURE: 23 -3080.95 -744.532 1089.15 -744.532 -2281.75 -2126.55 1089.15 -2126.55 -3894.89
GPRESSURE: 23 -19274.3 -79.9933 336.516 -800.544 -18985.3 -1085.76 -162.71 -630.462 -20230.7
ENERGY:      23       136.4358       106.6221         0.0000         0.0000          -2364.1186       171.4754         0.0000         0.0000         0.0000          -1949.5853         0.0000     -1949.5853     -1949.5853         0.0000          -3085.8629    -19496.7545      9261.0000     -3085.8629    -19496.7545

LINE MINIMIZER BRACKET: DX 0.0013131 0.0013131 DU -35.2334 73.0076 DUDX -70396.5 15404.2 95094.4 
PRESSURE: 24 -3767.01 -255.592 16.1292 -255.592 -3481.85 -1165.23 16.1292 -1165.23 -4559.5
GPRESSURE: 24 -19242.2 148.953 230.855 -763.069 -18887.6 -762.325 -268.399 -891.876 -20027.7
ENERGY:      24        55.3785        92.0754         0.0000         0.0000          -2337.2351       165.3024         0.0000         0.0000         0.0000          -2024.4789         0.0000     -2024.4789     -2024.4789         0.0000          -3936.1205    -19385.8032      9261.0000     -3936.1205    -19385.8032

LINE MINIMIZER BRACKET: DX 0.00107364 0.000239451 DU -37.1194 1.88597 DUDX -70396.5 322.565 15404.2 
PRESSURE: 25 -3918.57 -215.732 -54.5885 -215.732 -3642.86 -1106.41 -54.5885 -1106.41 -4662.62
GPRESSURE: 25 -19228.1 162.193 223.851 -764.639 -18865.9 -738.917 -277.04 -907.974 -20000.9
ENERGY:      25        54.4460        91.5408         0.0000         0.0000          -2335.3087       165.1740         0.0000         0.0000         0.0000          -2024.1479         0.0000     -2024.1479     -2024.1479         0.0000          -4074.6821    -19364.9709      9261.0000     -4074.6821    -19364.9709

LINE MINIMIZER BRACKET: DX 0.000107364 0.000239451 DU -0.330976 1.88597 DUDX -6511.86 322.565 15404.2 
PRESSURE: 26 -3781.54 -251.618 9.02189 -251.618 -3497.47 -1159.32 9.02189 -1159.32 -4569.48
GPRESSURE: 26 -19240.8 150.297 230.149 -763.197 -18885.5 -760.001 -269.26 -893.508 -20025.1
ENERGY:      26        55.2571        92.0192         0.0000         0.0000          -2337.0426       165.2878         0.0000         0.0000         0.0000          -2024.4785         0.0000     -2024.4785     -2024.4785         0.0000          -3949.4970    -19383.7834      9261.0000     -3949.4970    -19383.7834

LINE MINIMIZER BRACKET: DX 1.07364e-05 0.000239451 DU -0.000368537 1.88597 DUDX -358.798 322.565 15404.2 
LINE MINIMIZER REDUCING GRADIENT FROM 47620.5 TO 47.6205
PRESSURE: 27 -3090.75 -228.736 -265.267 -228.736 -2399.49 -297.759 -265.267 -297.759 -3016.29
GPRESSURE: 27 -19443.9 89.5026 209.583 -685.837 -19322.6 -890.005 -173.875 -623.935 -20259.7
ENERGY:      27        46.6658        64.3599         0.0000         0.0000          -2357.5437       166.0203         0.0000         0.0000         0.0000          -2080.4977         0.0000     -2080.4977     -2080.4977         0.0000          -2835.5082    -19675.3727      9261.0000     -2835.5082    -19675.3727

PRESSURE: 28 -3543.61 -208.986 -578.633 -208.986 -2629.78 548.876 -578.633 548.876 -2789.26
GPRESSURE: 28 -19515.8 12.7582 207.883 -634.235 -19620.7 -1009.74 -85.2397 -331.814 -20303
ENERGY:      28        56.0078        50.2005         0.0000         0.0000          -2377.0522       169.9779         0.0000         0.0000         0.0000          -2100.8660         0.0000     -2100.8660     -2100.8660         0.0000          -2987.5510    -19813.1803      9261.0000     -2987.5510    -19813.1803

PRESSURE: 29 -5135.6 -135.529 -925.336 -135.529 -4189.3 1393.63 -925.336 1393.63 -3885.96
GPRESSURE: 29 -19456.8 -81.322 221.437 -609.589 -19782.5 -1113.92 -4.12437 -15.4598 -20142
ENERGY:      29        83.5325        49.0062         0.0000         0.0000          -2395.6188       177.2617         0.0000         0.0000         0.0000          -2085.8184         0.0000     -2085.8184     -2085.8184         0.0000          -4403.6182    -19793.7580      9261.0000     -4403.6182    -19793.7580

LINE MINIMIZER BRACKET: DX 0.00158514 0.00158514 DU -20.3683 15.0476 DUDX -23733 -1992.95 21636.2 
PRESSURE: 30 -3651.32 -204.94 -611.856 -204.94 -2725.85 633.02 -611.856 633.02 -2839.34
GPRESSURE: 30 -19515.8 4.16091 208.632 -630.526 -19643 -1020.96 -76.7644 -301.297 -20296.4
ETITLE:      TS           BOND          ANGLE          DIHED          IMPRP               ELECT            VDW       BOUNDARY           MISC        KINETIC               TOTAL           TEMP      POTENTIAL         TOTAL3        TEMPAVG            PRESSURE      GPRESSURE         VOLUME       PRESSAVG      GPRESSAVG

ENERGY:      30        57.8891        49.5005         0.0000         0.0000          -2378.9498       170.5540         0.0000         0.0000         0.0000          -2101.0062         0.0000     -2101.0062     -2101.0062         0.0000          -3072.1700    -19818.3680      9261.0000     -3072.1700    -19818.3680

LINE MINIMIZER BRACKET: DX 0.000158514 0.00142663 DU -0.140148 15.1878 DUDX -1992.95 217.252 21636.2 
PRESSURE: 31 -3640.05 -205.376 -608.526 -205.376 -2715.64 624.611 -608.526 624.611 -2833.76
GPRESSURE: 31 -19515.8 5.02067 208.544 -630.889 -19640.8 -1019.85 -77.6176 -304.356 -20297.2
ENERGY:      31        57.6929        49.5647         0.0000         0.0000          -2378.7606       170.4949         0.0000         0.0000         0.0000          -2101.0081         0.0000     -2101.0081     -2101.0081         0.0000          -3063.1473    -19817.9285      9261.0000     -3063.1473    -19817.9285

LINE MINIMIZER BRACKET: DX 0.000142663 1.58514e-05 DU -0.142078 0.00192931 DUDX -1992.95 -4.74523 217.252 
LINE MINIMIZER REDUCING GRADIENT FROM 51635.8 TO 51.6358
PRESSURE: 32 -7502.46 -764.895 88.7438 -764.895 -8395.86 -987.101 88.7438 -987.101 -8191.36
GPRESSURE: 32 -19887.5 -54.1484 290.917 -617.13 -20309.4 -1181.18 75.2933 -250.913 -20877.9
ENERGY:      32        84.1634        53.2840         0.0000         0.0000          -2427.6738       174.2172         0.0000         0.0000         0.0000          -2116.0092         0.0000     -2116.0092     -2116.0092         0.0000          -8029.8924    -20358.2461      9261.0000     -8029.8924    -20358.2461

PRESSURE: 33 -12590.3 -1260.69 741.002 -1260.69 -15278.7 -2727.03 741.002 -2727.03 -14900.2
GPRESSURE: 33 -20145 -133.896 368.781 -616.024 -20866.1 -1318.22 228.274 -174.801 -21287.4
ENERGY:      33       201.6194        66.3111         0.0000         0.0000          -2476.8347       181.1658         0.0000         0.0000         0.0000          -2027.7385         0.0000     -2027.7385     -2027.7385         0.0000         -14256.4043    -20766.1850      9261.0000    -14256.4043    -20766.1850

LINE MINIMIZER BRACKET: DX 0.00123107 0.00123107 DU -15.0011 88.2707 DUDX -51635.8 28461.7 116341 
PRESSURE: 34 -6011.73 -575.52 -150.734 -575.52 -6270.69 -407.8 -150.734 -407.8 -6163.3
GPRESSURE: 34 -19770 -31.3393 262.385 -620.819 -20087.6 -1127.24 21.6688 -272.044 -20693.3
ENERGY:      34        65.0068        50.9383         0.0000         0.0000          -2410.5207       172.5545         0.0000         0.0000         0.0000          -2122.0211         0.0000     -2122.0211     -2122.0211         0.0000          -6148.5708    -20183.6153      9261.0000     -6148.5708    -20183.6153

LINE MINIMIZER BRACKET: DX 0.000800065 0.000431008 DU -21.013 6.01192 DUDX -51635.8 -406.044 28461.7 
PRESSURE: 35 -6154.11 -594.794 -126.56 -594.794 -6476.56 -464.935 -126.56 -464.935 -6358.69
GPRESSURE: 35 -19782.4 -33.5155 265.25 -620.396 -20110.3 -1132.68 27.0206 -269.98 -20712.7
ENERGY:      35        66.4321        51.1219         0.0000         0.0000          -2412.2349       172.7032         0.0000         0.0000         0.0000          -2121.9776         0.0000     -2121.9776     -2121.9776         0.0000          -6329.7899    -20201.8062      9261.0000     -6329.7899    -20201.8062

LINE MINIMIZER BRACKET: DX 0.000800065 4.31008e-05 DU -21.013 0.0434909 DUDX -51635.8 -406.044 2439.14 
PRESSURE: 36 -6032.06 -578.302 -147.255 -578.302 -6300.14 -415.976 -147.255 -415.976 -6191.21
GPRESSURE: 36 -19771.8 -31.6628 262.802 -620.772 -20090.8 -1128.01 22.4441 -271.737 -20696.1
ENERGY:      36        65.2047        50.9639         0.0000         0.0000          -2410.7665       172.5756         0.0000         0.0000         0.0000          -2122.0223         0.0000     -2122.0223     -2122.0223         0.0000          -6174.4674    -20186.2263      9261.0000     -6174.4674    -20186.2263

LINE MINIMIZER BRACKET: DX 6.18362e-06 3.69172e-05 DU -0.00113786 0.0446287 DUDX -406.044 1.60711 2439.14 
LINE MINIMIZER REDUCING GRADIENT FROM 14979.7 TO 14.9797
PRESSURE: 37 -4754.52 -840.474 152.743 -840.474 -3758.21 -186.549 152.743 -186.549 -4082.43
GPRESSURE: 37 -20437.9 -138.258 26.0942 -434.52 -20566.3 -1267.03 153.603 -183.334 -21361
ENERGY:      37        68.0447        39.7186         0.0000         0.0000          -2423.7038       164.2366         0.0000         0.0000         0.0000          -2151.7038         0.0000     -2151.7038     -2151.7038         0.0000          -4198.3864    -20788.4072      9261.0000     -4198.3864    -20788.4072

PRESSURE: 38 -5830.74 -1183.61 469.863 -1183.61 -3421.34 62.2461 469.863 62.2461 -4364.11
GPRESSURE: 38 -20789.1 -313.609 -254.947 -266.325 -20698 -1340.14 248.826 -28.4825 -21550.6
ENERGY:      38       121.7162        49.7625         0.0000         0.0000          -2434.6438       164.4099         0.0000         0.0000         0.0000          -2098.7552         0.0000     -2098.7552     -2098.7552         0.0000          -4538.7287    -21012.5601      9261.0000     -4538.7287    -21012.5601

LINE MINIMIZER BRACKET: DX 0.00504465 0.00504465 DU -29.6816 52.9487 DUDX -14979.7 2639.29 18264.5 
PRESSURE: 39 -4797.32 -791.236 106.678 -791.236 -4009.34 -224.501 106.678 -224.501 -4252.64
GPRESSURE: 39 -20356 -117.211 65.7073 -462.247 -20515.6 -1250.12 135.858 -201.6 -21290.8
ENERGY:      39        64.0631        40.0419         0.0000         0.0000          -2421.8341       164.9449         0.0000         0.0000         0.0000          -2152.7842         0.0000     -2152.7842     -2152.7842         0.0000          -4353.0992    -20720.7887      9261.0000     -4353.0992    -20720.7887

LINE MINIMIZER BRACKET: DX 0.00426357 0.000781074 DU -30.7619 1.08034 DUDX -14979.7 115.695 2639.29 
PRESSURE: 40 -4844.47 -765.352 81.6382 -765.352 -4168.52 -244.997 81.6382 -244.997 -4369.68
GPRESSURE: 40 -20308 -106.411 86.9069 -477.552 -20484.3 -1240.25 125.816 -210.934 -21247.6
ETITLE:      TS           BOND          ANGLE          DIHED          IMPRP               ELECT            VDW       BOUNDARY           MISC        KINETIC               TOTAL           TEMP      POTENTIAL         TOTAL3        TEMPAVG            PRESSURE      GPRESSURE         VOLUME       PRESSAVG      GPRESSAVG

ENERGY:      40        62.4038        40.4354         0.0000         0.0000          -2420.7919       165.4184         0.0000         0.0000         0.0000          -2152.5344         0.0000     -2152.5344     -2152.5344         0.0000          -4460.8882    -20679.9734      9261.0000     -4460.8882    -20679.9734

LINE MINIMIZER BRACKET: DX 0.000426357 0.000781074 DU -0.249825 1.08034 DUDX -1286.08 115.695 2639.29 
PRESSURE: 41 -4801.31 -788.63 104.181 -788.63 -4024.57 -226.572 104.181 -226.572 -4263.6
GPRESSURE: 41 -20351.3 -116.127 67.8489 -463.794 -20512.6 -1249.17 134.868 -202.568 -21286.7
ENERGY:      41        63.8806        40.0743         0.0000         0.0000          -2421.7310       164.9895         0.0000         0.0000         0.0000          -2152.7865         0.0000     -2152.7865     -2152.7865         0.0000          -4363.1605    -20716.8561      9261.0000     -4363.1605    -20716.8561

LINE MINIMIZER BRACKET: DX 0.000383722 4.26357e-05 DU -0.25218 0.00235434 DUDX -1286.08 -23.6566 115.695 
PRESSURE: 42 -4800.7 -789.017 104.554 -789.017 -4022.29 -226.254 104.554 -226.254 -4261.96
GPRESSURE: 42 -20352 -116.283 67.5274 -463.559 -20513.1 -1249.3 135.015 -202.419 -21287.3
ENERGY:      42        63.9078        40.0694         0.0000         0.0000          -2421.7467       164.9828         0.0000         0.0000         0.0000          -2152.7867         0.0000     -2152.7867     -2152.7867         0.0000          -4361.6505    -20717.4573      9261.0000     -4361.6505    -20717.4573

LINE MINIMIZER BRACKET: DX 6.39364e-06 3.62421e-05 DU -0.000203902 0.00255824 DUDX -23.6566 -2.75152 115.695 
LINE MINIMIZER REDUCING GRADIENT FROM 59752.8 TO 59.7528
PRESSURE: 43 -9124.99 192.322 -663.925 192.322 -9694.71 85.0534 -663.925 85.0534 -9404.36
GPRESSURE: 43 -21165.7 -136.353 -39.172 -434.435 -21577.9 -1093.37 170.679 -96.1467 -22067.4
ENERGY:      43       115.8566        47.0969         0.0000         0.0000          -2483.3785       165.4306         0.0000         0.0000         0.0000          -2154.9944         0.0000     -2154.9944     -2154.9944         0.0000          -9408.0203    -21603.6870      9261.0000     -9408.0203    -21603.6870

PRESSURE: 44 -15167.2 1000.39 -1594.02 1000.39 -16825.8 263.366 -1594.02 263.366 -16697.1
GPRESSURE: 44 -21805.7 -197.175 -177.194 -435.658 -22476.1 -914.51 183.136 32.0151 -22697.2
ENERGY:      44       361.9711        67.8963         0.0000         0.0000          -2546.1345       170.0237         0.0000         0.0000         0.0000          -1946.2434         0.0000     -1946.2434     -1946.2434         0.0000         -16230.0354    -22326.3299      9261.0000    -16230.0354    -22326.3299

LINE MINIMIZER BRACKET: DX 0.00176732 0.00176732 DU -2.20767 208.751 DUDX -59752.8 57895.9 178735 
PRESSURE: 45 -6794.51 -269.195 -266.519 -269.195 -6735.2 -53.287 -266.519 -53.287 -6621.58
GPRESSURE: 45 -20789.2 -121.33 16.6887 -444.941 -21076.4 -1172.14 155.878 -150.591 -21703.1
ENERGY:      45        66.6303        41.8378         0.0000         0.0000          -2453.0704       164.7022         0.0000         0.0000         0.0000          -2179.9002         0.0000     -2179.9002     -2179.9002         0.0000          -6717.0980    -21189.5521      9261.0000     -6717.0980    -21189.5521

LINE MINIMIZER BRACKET: DX 0.000902322 0.000864995 DU -27.1134 24.9058 DUDX -59752.8 -170.638 57895.9 
PRESSURE: 46 -7009.1 -221.335 -304.438 -221.335 -7015.37 -38.1428 -304.438 -38.1428 -6876.78
GPRESSURE: 46 -20828.8 -122.388 11.4385 -443.563 -21128.2 -1164.47 157.597 -145.344 -21741
ENERGY:      46        69.4825        42.2102         0.0000         0.0000          -2456.0889       164.7309         0.0000         0.0000         0.0000          -2179.6653         0.0000     -2179.6653     -2179.6653         0.0000          -6967.0824    -21232.6761      9261.0000     -6967.0824    -21232.6761

LINE MINIMIZER BRACKET: DX 0.000902322 8.64995e-05 DU -27.1134 0.234899 DUDX -59752.8 -170.638 5596.51 
PRESSURE: 47 -6815.76 -264.389 -270.306 -264.389 -6763.02 -51.7516 -270.306 -51.7516 -6646.84
GPRESSURE: 47 -20793.2 -121.428 16.1514 -444.798 -21081.5 -1171.37 156.04 -150.058 -21706.8
ENERGY:      47        66.8949        41.8735         0.0000         0.0000          -2453.3715       164.7046         0.0000         0.0000         0.0000          -2179.8985         0.0000     -2179.8985     -2179.8985         0.0000          -6741.8708    -21193.8465      9261.0000     -6741.8708    -21193.8465

LINE MINIMIZER BRACKET: DX 0.000902322 8.64995e-06 DU -27.1134 0.00171057 DUDX -59752.8 -170.638 405.659 
PRESSURE: 48 -6799.44 -268.082 -267.393 -268.082 -6741.65 -52.9339 -267.393 -52.9339 -6627.44
GPRESSURE: 48 -20790.2 -121.353 16.5677 -444.909 -21077.6 -1171.97 155.918 -150.47 -21703.9
ENERGY:      48        66.6911        41.8460         0.0000         0.0000          -2453.1403       164.7027         0.0000         0.0000         0.0000          -2179.9004         0.0000     -2179.9004     -2179.9004         0.0000          -6722.8400    -21190.5554      9261.0000     -6722.8400    -21190.5554

LINE MINIMIZER BRACKET: DX 2.00331e-06 6.64665e-06 DU -0.000196204 0.00190678 DUDX -170.638 -37.1769 405.659 
LINE MINIMIZER REDUCING GRADIENT FROM 13374.3 TO 13.3743
PRESSURE: 49 -6300.06 -773.055 79.0505 -773.055 -5799.79 -1439.16 79.0505 -1439.16 -6798.7
GPRESSURE: 49 -21473.1 -152.529 -48.0593 -248.587 -21503.4 -1191.75 59.5155 -338.796 -22408.3
ENERGY:      49        94.1405        57.6164         0.0000         0.0000          -2491.9623       163.6912         0.0000         0.0000         0.0000          -2176.5142         0.0000     -2176.5142     -2176.5142         0.0000          -6299.5167    -21794.9197      9261.0000     -6299.5167    -21794.9197

LDB: ============= START OF LOAD BALANCING ============== 0.236
LDB: ============== END OF LOAD BALANCING =============== 0.236
LDB: =============== DONE WITH MIGRATION ================ 0.236
LINE MINIMIZER BRACKET: DX 0 0.00456251 DU 0 3.38615 DUDX -13374.3 -13374.3 14894.7 
PRESSURE: 50 -6362.64 -513.258 -91.2243 -513.258 -6152.33 -723.242 -91.2243 -723.242 -6515.16
GPRESSURE: 50 -21136.3 -131.106 -18.2463 -348.365 -21302.9 -1181.59 111.34 -242.355 -22065.8
Info: Initial time: 1 CPUs 0.00414 s/step 0.0479167 days/ns 6.19531 MB memory
ETITLE:      TS           BOND          ANGLE          DIHED          IMPRP               ELECT            VDW       BOUNDARY           MISC        KINETIC               TOTAL           TEMP      POTENTIAL         TOTAL3        TEMPAVG            PRESSURE      GPRESSURE         VOLUME       PRESSAVG      GPRESSAVG

ENERGY:      50        66.2004        47.5023         0.0000         0.0000          -2471.7227       163.6490         0.0000         0.0000         0.0000          -2194.3711         0.0000     -2194.3711     -2194.3711         0.0000          -6343.3765    -21501.6563      9261.0000     -6343.3765    -21501.6563

LINE MINIMIZER BRACKET: DX 0.00216132 0.00240119 DU -14.4707 17.8568 DUDX -13374.3 -10.7351 14894.7 
LINE MINIMIZER REDUCING GRADIENT FROM 23591.4 TO 23.5914
PRESSURE: 51 -5344 -186.831 -301.118 -186.831 -4977.86 441.811 -301.118 441.811 -5497.9
GPRESSURE: 51 -21664 -123.955 -71.242 -331.023 -21931.8 -881.928 18.2624 -317.556 -22612.7
ENERGY:      51        68.0810        64.1610         0.0000         0.0000          -2507.3984       162.5068         0.0000         0.0000         0.0000          -2212.6496         0.0000     -2212.6496     -2212.6496         0.0000          -5273.2528    -22069.5132      9261.0000     -5273.2528    -22069.5132

PRESSURE: 52 -5815.1 249.954 -592.744 249.954 -5014.53 1605.98 -592.744 1605.98 -6056.77
GPRESSURE: 52 -22039.4 -138.846 -109.769 -345.314 -22384.7 -613.06 -90.1899 -400.029 -23031.7
ENERGY:      52       136.7071        95.5072         0.0000         0.0000          -2542.6766       164.7583         0.0000         0.0000         0.0000          -2145.7040         0.0000     -2145.7040     -2145.7040         0.0000          -5628.7992    -22485.2780      9261.0000     -5628.7992    -22485.2780

LINE MINIMIZER BRACKET: DX 0.00264404 0.00264404 DU -18.2785 66.9456 DUDX -23591.4 9399.28 41203.8 
PRESSURE: 53 -5485.55 -296.42 -232.012 -296.42 -5187.53 102.746 -232.012 102.746 -5630.65
GPRESSURE: 53 -21527.7 -123.358 -57.4803 -332.478 -21769.1 -964.928 46.6303 -294.982 -22468
ENERGY:      53        60.3429        58.0582         0.0000         0.0000          -2497.1618       162.4845         0.0000         0.0000         0.0000          -2216.2762         0.0000     -2216.2762     -2216.2762         0.0000          -5434.5768    -21921.6163      9261.0000     -5434.5768    -21921.6163

LINE MINIMIZER BRACKET: DX 0.00188228 0.000761753 DU -21.9051 3.6266 DUDX -23591.4 103.149 9399.28 
PRESSURE: 54 -5539.58 -321.838 -215.986 -321.838 -5255.05 19.104 -215.986 19.104 -5683.64
GPRESSURE: 54 -21492.1 -123.535 -53.8933 -333.279 -21726.6 -985.861 53.4458 -289.543 -22430.8
ENERGY:      54        59.3027        56.7244         0.0000         0.0000          -2494.6280       162.5224         0.0000         0.0000         0.0000          -2216.0785         0.0000     -2216.0785     -2216.0785         0.0000          -5492.7560    -21883.1629      9261.0000     -5492.7560    -21883.1629

LINE MINIMIZER BRACKET: DX 0.000188228 0.000761753 DU -0.197723 3.6266 DUDX -2214.23 103.149 9399.28 
PRESSURE: 55 -5490.62 -299.003 -230.388 -299.003 -5194.01 94.3688 -230.388 94.3688 -5635.59
GPRESSURE: 55 -21524.2 -123.377 -57.1221 -332.559 -21764.9 -967.02 47.3185 -294.445 -22464.3
ENERGY:      55        60.2231        57.9218         0.0000         0.0000          -2496.9086       162.4875         0.0000         0.0000         0.0000          -2216.2761         0.0000     -2216.2761     -2216.2761         0.0000          -5440.0703    -21917.8069      9261.0000     -5440.0703    -21917.8069

LINE MINIMIZER BRACKET: DX 1.88228e-05 0.000761753 DU -0.000111298 3.6266 DUDX -128.187 103.149 9399.28 
LINE MINIMIZER REDUCING GRADIENT FROM 18984 TO 18.984
PRESSURE: 56 -6794.82 -442.346 -417.227 -442.346 -6781.41 -1141.04 -417.227 -1141.04 -7259.43
GPRESSURE: 56 -22034.8 -130.267 -103.547 -173.948 -22135.2 -906.424 -115.521 -589.953 -22911.7
ENERGY:      56        74.2676        65.9714         0.0000         0.0000          -2534.3810       165.9677         0.0000         0.0000         0.0000          -2228.1743         0.0000     -2228.1743     -2228.1743         0.0000          -6945.2205    -22360.5723      9261.0000     -6945.2205    -22360.5723

PRESSURE: 57 -9300.78 -643.424 -587.056 -643.424 -9393.98 -2364.1 -587.056 -2364.1 -9944.35
GPRESSURE: 57 -22408.9 -170.194 -141.54 -39.8554 -22354.2 -843.763 -285.426 -902.435 -23221.5
ENERGY:      57       150.1177        79.7042         0.0000         0.0000          -2571.2533       172.7700         0.0000         0.0000         0.0000          -2168.6613         0.0000     -2168.6613     -2168.6613         0.0000          -9546.3672    -22661.5195      9261.0000     -9546.3672    -22661.5195

LINE MINIMIZER BRACKET: DX 0.00245045 0.00245045 DU -11.8983 59.513 DUDX -18984 9424.03 39574.8 
PRESSURE: 58 -6233.53 -390.787 -358.141 -390.787 -6140.94 -735.688 -358.141 -735.688 -6608.39
GPRESSURE: 58 -21881.5 -123.979 -89.2189 -223.319 -22028.8 -926.672 -61.0349 -490.632 -22779
ENERGY:      58        62.9392        62.7295         0.0000         0.0000          -2522.0795       164.4593         0.0000         0.0000         0.0000          -2231.9516         0.0000     -2231.9516     -2231.9516         0.0000          -6327.6187    -22229.7910      9261.0000     -6327.6187    -22229.7910

LINE MINIMIZER BRACKET: DX 0.00164184 0.000808607 DU -15.6755 3.77722 DUDX -18984 -60.7742 9424.03 
PRESSURE: 59 -6283.82 -395.673 -364.134 -395.673 -6199.88 -776.265 -364.134 -776.265 -6668.29
GPRESSURE: 59 -21897.5 -124.422 -90.6703 -218.236 -22040.2 -924.638 -66.4306 -500.461 -22792.9
ENERGY:      59        63.7733        63.0270         0.0000         0.0000          -2523.3122       164.5940         0.0000         0.0000         0.0000          -2231.9179         0.0000     -2231.9179     -2231.9179         0.0000          -6383.9989    -22243.5387      9261.0000     -6383.9989    -22243.5387

LDB: ============= START OF LOAD BALANCING ============== 0.275
LDB: ============== END OF LOAD BALANCING =============== 0.275
LDB: =============== DONE WITH MIGRATION ================ 0.275
LINE MINIMIZER BRACKET: DX 0.00164184 8.08607e-05 DU -15.6755 0.0336132 DUDX -18984 -60.7742 880.875 
PRESSURE: 60 -6238.5 -391.271 -358.731 -391.271 -6146.78 -739.751 -358.731 -739.751 -6614.34
GPRESSURE: 60 -21883.1 -124.02 -89.355 -222.808 -22030 -926.474 -61.5666 -491.62 -22780.4
ETITLE:      TS           BOND          ANGLE          DIHED          IMPRP               ELECT            VDW       BOUNDARY           MISC        KINETIC               TOTAL           TEMP      POTENTIAL         TOTAL3        TEMPAVG            PRESSURE      GPRESSURE         VOLUME       PRESSAVG      GPRESSAVG

ENERGY:      60        63.0196        62.7590         0.0000         0.0000          -2522.2028       164.4726         0.0000         0.0000         0.0000          -2231.9517         0.0000     -2231.9517     -2231.9517         0.0000          -6333.2055    -22231.1762      9261.0000     -6333.2055    -22231.1762

LINE MINIMIZER BRACKET: DX 8.08607e-06 7.27746e-05 DU -0.00011004 0.0337232 DUDX -60.7742 33.3295 880.875 
LINE MINIMIZER REDUCING GRADIENT FROM 17269.1 TO 17.2691
PRESSURE: 61 -6199.6 -375.692 -160.422 -375.692 -6061.62 -21.2201 -160.422 -21.2201 -6553.39
GPRESSURE: 61 -22078.6 -132.324 -58.577 -242.865 -22289.1 -789.047 -171.041 -641.887 -23031.2
ENERGY:      61        66.0100        53.2952         0.0000         0.0000          -2539.2703       166.5071         0.0000         0.0000         0.0000          -2253.4579         0.0000     -2253.4579     -2253.4579         0.0000          -6271.5355    -22466.2917      9261.0000     -6271.5355    -22466.2917

PRESSURE: 62 -7179.48 -328.708 145.417 -328.708 -6699.17 710.905 145.417 710.905 -7496.69
GPRESSURE: 62 -22145.1 -161.698 -10.1998 -280.481 -22444.2 -660.978 -283.27 -798.722 -23162.5
ENERGY:      62       102.0519        48.8088         0.0000         0.0000          -2556.5117       171.4094         0.0000         0.0000         0.0000          -2234.2416         0.0000     -2234.2416     -2234.2416         0.0000          -7125.1130    -22583.9259      9261.0000     -7125.1130    -22583.9259

LINE MINIMIZER BRACKET: DX 0.0023608 0.0023608 DU -21.5062 19.2163 DUDX -17269.1 -781.019 17458.1 
PRESSURE: 63 -6251.27 -372.165 -134.305 -372.165 -6093.45 50.9329 -134.305 50.9329 -6601.98
GPRESSURE: 63 -22091.1 -134.342 -54.5505 -245.859 -22309.2 -775.915 -182.143 -657.378 -23049.9
ENERGY:      63        68.0639        52.6180         0.0000         0.0000          -2540.9861       166.8661         0.0000         0.0000         0.0000          -2253.4381         0.0000     -2253.4381     -2253.4381         0.0000          -6315.5706    -22483.4048      9261.0000     -6315.5706    -22483.4048

LINE MINIMIZER BRACKET: DX 0.0023608 0.00023608 DU -21.5062 0.0198134 DUDX -17269.1 -781.019 941.28 
PRESSURE: 64 -6221.64 -374.136 -148.771 -374.136 -6075.08 11.3372 -148.771 11.3372 -6574.1
GPRESSURE: 64 -22084.4 -133.212 -56.7891 -244.193 -22298.3 -783.111 -176.056 -648.878 -23039.8
ENERGY:      64        66.8965        52.9833         0.0000         0.0000          -2540.0445       166.6656         0.0000         0.0000         0.0000          -2253.4991         0.0000     -2253.4991     -2253.4991         0.0000          -6290.2707    -22474.1543      9261.0000     -6290.2707    -22474.1543

LINE MINIMIZER BRACKET: DX 0.000106587 0.000129494 DU -0.0411575 0.0609708 DUDX -781.019 -5.72359 941.28 
LINE MINIMIZER REDUCING GRADIENT FROM 23305.5 TO 23.3055
PRESSURE: 65 -7032.42 -177.494 -360.424 -177.494 -6888.3 -371.164 -360.424 -371.164 -6939.08
GPRESSURE: 65 -22227.5 -117.663 -167.239 -150.065 -22356 -694.197 -289.696 -933.041 -23035.8
ENERGY:      65        68.4294        44.0661         0.0000         0.0000          -2556.1565       172.7499         0.0000         0.0000         0.0000          -2270.9112         0.0000     -2270.9112     -2270.9112         0.0000          -6953.2661    -22539.7679      9261.0000     -6953.2661    -22539.7679

PRESSURE: 66 -8777.87 35.8454 -445.416 35.8454 -8519.86 -808.39 -445.416 -808.39 -8166.68
GPRESSURE: 66 -22255.1 -119.667 -275.225 -66.1022 -22324.1 -598.126 -407.525 -1233.46 -22938.3
ENERGY:      66       102.6292        40.3630         0.0000         0.0000          -2572.3332       181.3556         0.0000         0.0000         0.0000          -2247.9854         0.0000     -2247.9854     -2247.9854         0.0000          -8488.1368    -22505.8412      9261.0000     -8488.1368    -22505.8412

LINE MINIMIZER BRACKET: DX 0.00161295 0.00161295 DU -17.4121 22.9258 DUDX -23305.5 1632.1 27026 
PRESSURE: 67 -6909.99 -197.938 -345.072 -197.938 -6769.31 -330.181 -345.072 -330.181 -6864.14
GPRESSURE: 67 -22218.4 -118.325 -156.281 -158.944 -22354.3 -703.454 -278.115 -903.932 -23040.4
ENERGY:      67        66.8195        44.7204         0.0000         0.0000          -2554.5428       172.0277         0.0000         0.0000         0.0000          -2270.9752         0.0000     -2270.9752     -2270.9752         0.0000          -6847.8164    -22537.7114      9261.0000     -6847.8164    -22537.7114

LINE MINIMIZER BRACKET: DX 0.00145165 0.000161295 DU -17.4762 0.0640363 DUDX -23305.5 -851.899 1632.1 
PRESSURE: 68 -6950.8 -190.993 -350.438 -190.993 -6809.01 -344.085 -350.438 -344.085 -6888.74
GPRESSURE: 68 -22221.7 -118.084 -160.004 -155.919 -22355 -700.293 -282.048 -913.833 -23038.9
ENERGY:      68        67.3321        44.4914         0.0000         0.0000          -2555.0940       172.2712         0.0000         0.0000         0.0000          -2270.9993         0.0000     -2270.9993     -2270.9993         0.0000          -6882.8500    -22538.5705      9261.0000     -6882.8500    -22538.5705

LINE MINIMIZER BRACKET: DX 5.50105e-05 0.000106284 DU -0.0240835 0.0881198 DUDX -851.899 -5.093 1632.1 
LINE MINIMIZER REDUCING GRADIENT FROM 13126 TO 13.126
PRESSURE: 69 -6787.18 -436.857 -329.328 -436.857 -7393.83 -157.781 -329.328 -157.781 -7283.05
GPRESSURE: 69 -22268.8 -208.906 -81.8582 -286.978 -22516.2 -772.66 -340.658 -954.207 -23235.5
ENERGY:      69        84.9872        41.5471         0.0000         0.0000          -2580.9511       179.5811         0.0000         0.0000         0.0000          -2274.8357         0.0000     -2274.8357     -2274.8357         0.0000          -7154.6887    -22673.5202      9261.0000     -7154.6887    -22673.5202

PRESSURE: 70 -7811.05 -727.664 -30.5536 -727.664 -8872.79 83.6049 -30.5536 83.6049 -8678.26
GPRESSURE: 70 -22129.9 -341.543 -2.39338 -454.625 -22558 -847.855 -392.576 -1001.69 -23328.2
ETITLE:      TS           BOND          ANGLE          DIHED          IMPRP               ELECT            VDW       BOUNDARY           MISC        KINETIC               TOTAL           TEMP      POTENTIAL         TOTAL3        TEMPAVG            PRESSURE      GPRESSURE         VOLUME       PRESSAVG      GPRESSAVG

ENERGY:      70       164.3307        41.5341         0.0000         0.0000          -2607.7060       190.8552         0.0000         0.0000         0.0000          -2210.9859         0.0000     -2210.9859     -2210.9859         0.0000          -8454.0319    -22672.0395      9261.0000     -8454.0319    -22672.0395

LINE MINIMIZER BRACKET: DX 0.00287933 0.00287933 DU -3.83639 63.8498 DUDX -13126 10402.2 34048.2 
PRESSURE: 71 -6714.94 -322.989 -373.167 -322.989 -7024.22 -246.703 -373.167 -246.703 -6982.91
GPRESSURE: 71 -22270.2 -163.323 -116.922 -224.205 -22459.9 -739.807 -315.923 -934.949 -23160.7
ENERGY:      71        69.5904        42.4540         0.0000         0.0000          -2569.3772       175.8510         0.0000         0.0000         0.0000          -2281.4817         0.0000     -2281.4817     -2281.4817         0.0000          -6907.3559    -22630.2401      9261.0000     -6907.3559    -22630.2401

LINE MINIMIZER BRACKET: DX 0.00160313 0.0012762 DU -10.4824 6.64596 DUDX -13126 15.721 10402.2 
PRESSURE: 72 -6722.36 -309.285 -374.791 -309.285 -6990.18 -257.155 -374.791 -257.155 -6959.21
GPRESSURE: 72 -22267.9 -158.196 -121.298 -216.843 -22451.1 -735.754 -312.7 -932.678 -23149.8
ENERGY:      72        68.5083        42.6112         0.0000         0.0000          -2567.9362       175.4373         0.0000         0.0000         0.0000          -2281.3794         0.0000     -2281.3794     -2281.3794         0.0000          -6890.5803    -22622.9584      9261.0000     -6890.5803    -22622.9584

LINE MINIMIZER BRACKET: DX 0.000160313 0.0012762 DU -0.102256 6.64596 DUDX -1291.59 15.721 10402.2 
PRESSURE: 73 -6715.52 -321.613 -373.363 -321.613 -7020.66 -247.769 -373.363 -247.769 -6980.39
GPRESSURE: 73 -22270 -162.805 -117.351 -223.465 -22459 -739.415 -315.595 -934.735 -23159.6
ENERGY:      73        69.4737        42.4693         0.0000         0.0000          -2569.2327       175.8091         0.0000         0.0000         0.0000          -2281.4806         0.0000     -2281.4806     -2281.4806         0.0000          -6905.5229    -22629.5177      9261.0000     -6905.5229    -22629.5177

LINE MINIMIZER BRACKET: DX 1.60313e-05 0.0012762 DU -0.00102412 6.64596 DUDX -114.974 15.721 10402.2 
PRESSURE: 74 -6715 -322.851 -373.188 -322.851 -7023.86 -246.809 -373.188 -246.809 -6982.66
GPRESSURE: 74 -22270.2 -163.271 -116.966 -224.131 -22459.8 -739.766 -315.891 -934.926 -23160.6
ENERGY:      74        69.5787        42.4556         0.0000         0.0000          -2569.3628       175.8468         0.0000         0.0000         0.0000          -2281.4817         0.0000     -2281.4817     -2281.4817         0.0000          -6907.1724    -22630.1694      9261.0000     -6907.1724    -22630.1694

LINE MINIMIZER BRACKET: DX 1.44282e-05 1.60313e-06 DU -0.0010494 2.52846e-05 DUDX -114.974 2.65301 15.721 
LINE MINIMIZER REDUCING GRADIENT FROM 14664.1 TO 14.6641
PRESSURE: 75 -7167.13 -92.658 84.6455 -92.658 -6747.75 -78.8666 84.6455 -78.8666 -7117.03
GPRESSURE: 75 -22491 -167.464 -228.798 -287.527 -22623.1 -769.009 -201.978 -1033.42 -23333.2
ENERGY:      75        74.1076        45.3362         0.0000         0.0000          -2608.9486       186.1229         0.0000         0.0000         0.0000          -2303.3820         0.0000     -2303.3820     -2303.3820         0.0000          -7010.6356    -22815.7729      9261.0000     -7010.6356    -22815.7729

PRESSURE: 76 -8902.24 263.942 655.004 263.942 -7686.2 177.099 655.004 177.099 -8337.35
GPRESSURE: 76 -22564 -189.047 -369.036 -357.74 -22694.3 -781.567 -98.4301 -1131.3 -23394.2
ENERGY:      76       112.8604        51.0512         0.0000         0.0000          -2650.2765       199.8276         0.0000         0.0000         0.0000          -2286.5373         0.0000     -2286.5373     -2286.5373         0.0000          -8308.5985    -22884.1421      9261.0000     -8308.5985    -22884.1421

LINE MINIMIZER BRACKET: DX 0.00272 0.00272 DU -21.9003 16.8447 DUDX -14664.1 -1255.78 14107.1 
PRESSURE: 77 -7282.56 -62.581 137.356 -62.581 -6786.37 -56.7017 137.356 -56.7017 -7191.36
GPRESSURE: 77 -22505.4 -168.957 -241.374 -294.35 -22634.7 -770.97 -190.978 -1043.19 -23344.7
ENERGY:      77        76.3673        45.7731         0.0000         0.0000          -2613.0051       187.3325         0.0000         0.0000         0.0000          -2303.5322         0.0000     -2303.5322     -2303.5322         0.0000          -7086.7630    -22828.2644      9261.0000     -7086.7630    -22828.2644

LINE MINIMIZER BRACKET: DX 0.000272 0.002448 DU -0.150163 16.9949 DUDX -1255.78 164.347 14107.1 
PRESSURE: 78 -7268.64 -66.1059 131.245 -66.1059 -6781.33 -59.2688 131.245 -59.2688 -7182.28
GPRESSURE: 78 -22503.8 -168.787 -239.923 -293.572 -22633.4 -770.738 -192.238 -1042.05 -23343.4
ENERGY:      78        76.0908        45.7216         0.0000         0.0000          -2612.5388       187.1920         0.0000         0.0000         0.0000          -2303.5345         0.0000     -2303.5345     -2303.5345         0.0000          -7077.4173    -22826.8851      9261.0000     -7077.4173    -22826.8851

LINE MINIMIZER BRACKET: DX 0.000240802 3.11985e-05 DU -0.152438 0.00227497 DUDX -1255.78 0.40162 164.347 
LINE MINIMIZER REDUCING GRADIENT FROM 29422.1 TO 29.4221
PRESSURE: 79 -6784.97 -392.892 -627.196 -392.892 -7043.25 -799.475 -627.196 -799.475 -7214.94
GPRESSURE: 79 -22506.3 -222.055 -255.812 -356.543 -22729.3 -952.307 -222.519 -1016.57 -23453
ENERGY:      79        77.5321        51.0282         0.0000         0.0000          -2647.9241       198.7707         0.0000         0.0000         0.0000          -2320.5931         0.0000     -2320.5931     -2320.5931         0.0000          -7014.3868    -22896.2008      9261.0000     -7014.3868    -22896.2008

PRESSURE: 80 -7589.08 -740.889 -1215.54 -740.889 -8468.28 -1527.93 -1215.54 -1527.93 -8483.06
GPRESSURE: 80 -22328.3 -294.682 -284.045 -431.402 -22682.6 -1135.68 -248.715 -987.175 -23432.6
ETITLE:      TS           BOND          ANGLE          DIHED          IMPRP               ELECT            VDW       BOUNDARY           MISC        KINETIC               TOTAL           TEMP      POTENTIAL         TOTAL3        TEMPAVG            PRESSURE      GPRESSURE         VOLUME       PRESSAVG      GPRESSAVG

ENERGY:      80       137.7808        60.3930         0.0000         0.0000          -2684.5674       214.6786         0.0000         0.0000         0.0000          -2271.7151         0.0000     -2271.7151     -2271.7151         0.0000          -8180.1392    -22814.4867      9261.0000     -8180.1392    -22814.4867

LINE MINIMIZER BRACKET: DX 0.00168975 0.00168975 DU -17.0587 48.878 DUDX -29422.1 9220.98 49027.6 
PRESSURE: 81 -6784.17 -313.285 -462.521 -313.285 -6876.91 -624.921 -462.521 -624.921 -7091.18
GPRESSURE: 81 -22521.3 -207.418 -251.359 -340.276 -22718.8 -908.629 -216.14 -1022.75 -23438
ENERGY:      81        71.8897        49.4004         0.0000         0.0000          -2639.3617       195.6258         0.0000         0.0000         0.0000          -2322.4458         0.0000     -2322.4458     -2322.4458         0.0000          -6917.4206    -22892.7134      9261.0000     -6917.4206    -22892.7134

LINE MINIMIZER BRACKET: DX 0.00128643 0.000403314 DU -18.9114 1.85269 DUDX -29422.1 -16.6832 9220.98 
LINE MINIMIZER REDUCING GRADIENT FROM 13094.7 TO 13.0947
PRESSURE: 82 -4628.57 -149.715 352.199 -149.715 -4682.88 315.128 352.199 315.128 -4944.38
GPRESSURE: 82 -22383.1 -273.843 -337.789 -458.282 -22621.5 -977.224 66.6526 -1064.47 -23377.3
ENERGY:      82        79.2874        52.9363         0.0000         0.0000          -2663.3281       206.7948         0.0000         0.0000         0.0000          -2324.3097         0.0000     -2324.3097     -2324.3097         0.0000          -4751.9411    -22793.9649      9261.0000     -4751.9411    -22793.9649

PRESSURE: 83 -3695.58 118.062 1202.89 118.062 -3736.33 1415.63 1202.89 1415.63 -3995.16
GPRESSURE: 83 -22075.6 -353.66 -459.751 -593.386 -22380.7 -1036.57 328.278 -1095.76 -23168.1
ENERGY:      83       155.7937        61.6536         0.0000         0.0000          -2687.5587       222.0471         0.0000         0.0000         0.0000          -2248.0643         0.0000     -2248.0643     -2248.0643         0.0000          -3809.0254    -22541.4520      9261.0000     -3809.0254    -22541.4520

LINE MINIMIZER BRACKET: DX 0.00325307 0.00325307 DU -1.86384 76.2454 DUDX -13094.7 11655.3 35079.6 
PRESSURE: 84 -5503.04 -242.856 -42.7087 -242.856 -5574.02 -157.234 -42.7087 -157.234 -5812.27
GPRESSURE: 84 -22468.9 -240.158 -292.691 -399.632 -22685.3 -945.566 -65.9712 -1045.73 -23423.3
ENERGY:      84        66.7744        50.6624         0.0000         0.0000          -2651.8743       200.9866         0.0000         0.0000         0.0000          -2333.4509         0.0000     -2333.4509     -2333.4509         0.0000          -5629.7764    -22859.1580      9261.0000     -5629.7764    -22859.1580

LINE MINIMIZER BRACKET: DX 0.00170275 0.00155033 DU -11.0051 9.14128 DUDX -13094.7 82.1331 11655.3 
PRESSURE: 85 -5616 -251.546 -85.3348 -251.546 -5689.03 -206.543 -85.3348 -206.543 -5924.61
GPRESSURE: 85 -22476 -236.747 -288.124 -393.515 -22690.3 -941.98 -80.7158 -1043.53 -23426.4
ENERGY:      85        66.3828        50.4794         0.0000         0.0000          -2650.6193       200.4032         0.0000         0.0000         0.0000          -2333.3539         0.0000     -2333.3539     -2333.3539         0.0000          -5743.2130    -22864.2497      9261.0000     -5743.2130    -22864.2497

LINE MINIMIZER BRACKET: DX 0.000170275 0.00155033 DU -0.0970225 9.14128 DUDX -1211.69 82.1331 11655.3 
PRESSURE: 86 -5514.18 -243.72 -46.99 -243.72 -5585.36 -162.188 -46.99 -162.188 -5823.36
GPRESSURE: 86 -22469.6 -239.796 -292.242 -398.997 -22685.8 -945.209 -67.4556 -1045.51 -23423.6
ENERGY:      86        66.7263        50.6435         0.0000         0.0000          -2651.7488       200.9278         0.0000         0.0000         0.0000          -2333.4511         0.0000     -2333.4511     -2333.4511         0.0000          -5640.9664    -22859.6834      9261.0000     -5640.9664    -22859.6834

LINE MINIMIZER BRACKET: DX 0.000153247 1.70275e-05 DU -0.0972016 0.000179124 DUDX -1211.69 -47.0361 82.1331 
LINE MINIMIZER REDUCING GRADIENT FROM 13004.7 TO 13.0047
PRESSURE: 87 -6825.3 -380.612 -531.283 -380.612 -6806.14 -830.992 -531.283 -830.992 -7178.16
GPRESSURE: 87 -22658.3 -268.308 -247.808 -381.173 -22972 -1082.7 -80.6954 -1019.8 -23679.9
ENERGY:      87        78.6215        58.7153         0.0000         0.0000          -2695.1305       210.6813         0.0000         0.0000         0.0000          -2347.1124         0.0000     -2347.1124     -2347.1124         0.0000          -6936.5332    -23103.3674      9261.0000     -6936.5332    -23103.3674

PRESSURE: 88 -9189.34 -545.075 -940.267 -545.075 -9029.31 -1587.7 -940.267 -1587.7 -9391.91
GPRESSURE: 88 -22723.3 -302.849 -224.152 -365.545 -23155.1 -1209.81 -103.037 -980.397 -23819.9
ENERGY:      88       132.1253        72.3955         0.0000         0.0000          -2740.0226       223.8352         0.0000         0.0000         0.0000          -2311.6666         0.0000     -2311.6666     -2311.6666         0.0000          -9203.5216    -23232.7587      9261.0000     -9203.5216    -23232.7587

LINE MINIMIZER BRACKET: DX 0.00279511 0.00279511 DU -13.6612 35.4457 DUDX -13004.7 3521.52 22291.7 
PRESSURE: 89 -6463.37 -349.659 -437.825 -349.659 -6468.85 -685.069 -437.825 -685.069 -6822.2
GPRESSURE: 89 -22628.3 -261.796 -255.519 -384.67 -22920 -1054.74 -77.3376 -1026.26 -23635.1
ENERGY:      89        72.8773        56.5646         0.0000         0.0000          -2685.9191       208.3688         0.0000         0.0000         0.0000          -2348.1084         0.0000     -2348.1084     -2348.1084         0.0000          -6584.8079    -23061.1147      9261.0000     -6584.8079    -23061.1147

LINE MINIMIZER BRACKET: DX 0.00220985 0.000585263 DU -14.6573 0.996017 DUDX -13004.7 -91.4626 3521.52 
PRESSURE: 90 -6497.47 -352.705 -447.359 -352.705 -6500.58 -699.477 -447.359 -699.477 -6856.05
GPRESSURE: 90 -22631.5 -262.444 -254.732 -384.324 -22925.3 -1057.53 -77.6844 -1025.62 -23639.8
ETITLE:      TS           BOND          ANGLE          DIHED          IMPRP               ELECT            VDW       BOUNDARY           MISC        KINETIC               TOTAL           TEMP      POTENTIAL         TOTAL3        TEMPAVG            PRESSURE      GPRESSURE         VOLUME       PRESSAVG      GPRESSAVG

ENERGY:      90        73.3716        56.7686         0.0000         0.0000          -2686.8367       208.5935         0.0000         0.0000         0.0000          -2348.1031         0.0000     -2348.1031     -2348.1031         0.0000          -6618.0359    -23065.5288      9261.0000     -6618.0359    -23065.5288

LINE MINIMIZER BRACKET: DX 0.00220985 5.85263e-05 DU -14.6573 0.00532401 DUDX -13004.7 -91.4626 265.65 
PRESSURE: 91 -6471.9 -350.417 -440.218 -350.417 -6476.76 -688.693 -440.218 -688.693 -6830.65
GPRESSURE: 91 -22629.1 -261.953 -255.323 -384.579 -22921.3 -1055.45 -77.4233 -1026.12 -23636.3
ENERGY:      91        72.9996        56.6155         0.0000         0.0000          -2686.1492       208.4250         0.0000         0.0000         0.0000          -2348.1091         0.0000     -2348.1091     -2348.1091         0.0000          -6593.1036    -23062.2312      9261.0000     -6593.1036    -23062.2312

LINE MINIMIZER BRACKET: DX 1.46713e-05 4.38551e-05 DU -0.000745575 0.00606959 DUDX -91.4626 -2.03076 265.65 
LINE MINIMIZER REDUCING GRADIENT FROM 15895 TO 15.895
PRESSURE: 92 -5882.2 -420.163 -0.368766 -420.163 -6327.27 -71.6368 -0.368766 -71.6368 -6406.25
GPRESSURE: 92 -22678.6 -368.007 -241.414 -453.993 -22935.5 -1083.58 143.849 -1037.54 -23710.6
ENERGY:      92        76.6586        57.8286         0.0000         0.0000          -2713.9094       217.9604         0.0000         0.0000         0.0000          -2361.4618         0.0000     -2361.4618     -2361.4618         0.0000          -6205.2420    -23108.2288      9261.0000     -6205.2420    -23108.2288

PRESSURE: 93 -6339.6 -431.065 600.744 -431.065 -7140.29 547.624 600.744 547.624 -6989.38
GPRESSURE: 93 -22606.5 -470.643 -243.519 -534.844 -22832 -1101.53 360.003 -1024.74 -23653.3
ENERGY:      93       118.1497        62.0069         0.0000         0.0000          -2742.1739       230.7267         0.0000         0.0000         0.0000          -2331.2906         0.0000     -2331.2906     -2331.2906         0.0000          -6823.0900    -23030.5827      9261.0000     -6823.0900    -23030.5827

LINE MINIMIZER BRACKET: DX 0.00220717 0.00220717 DU -13.3527 30.1712 DUDX -15895 3735.59 23818.2 
PRESSURE: 94 -5914.34 -411.538 -98.4593 -411.538 -6282.18 -191.207 -98.4593 -191.207 -6407.25
GPRESSURE: 94 -22678.1 -347.976 -243.057 -439.848 -22941.5 -1079 101.834 -1037.18 -23706
ENERGY:      94        73.0430        57.3770         0.0000         0.0000          -2708.5740       215.9042         0.0000         0.0000         0.0000          -2362.2497         0.0000     -2362.2497     -2362.2497         0.0000          -6201.2581    -23108.5087      9261.0000     -6201.2581    -23108.5087

LINE MINIMIZER BRACKET: DX 0.00178587 0.0004213 DU -14.1406 0.787957 DUDX -15895 3.26205 3735.59 
LINE MINIMIZER REDUCING GRADIENT FROM 13460.5 TO 13.4605
PRESSURE: 95 -5054.73 -229.096 -426.139 -229.096 -5209.22 -614.613 -426.139 -614.613 -5154.4
GPRESSURE: 95 -22558.5 -453.111 -174.991 -404.772 -22839.7 -1081.68 -18.747 -1060.48 -23510.6
ENERGY:      95        72.2976        52.2537         0.0000         0.0000          -2721.9692       225.5086         0.0000         0.0000         0.0000          -2371.9093         0.0000     -2371.9093     -2371.9093         0.0000          -5139.4484    -22969.6045      9261.0000     -5139.4484    -22969.6045

PRESSURE: 96 -5207.39 -43.3494 -676.638 -43.3494 -5151.91 -1059.37 -676.638 -1059.37 -4733.03
GPRESSURE: 96 -22299.1 -558.208 -149.543 -363.101 -22595.4 -1065.22 -171.238 -1052.79 -23128.9
ENERGY:      96       112.1297        50.0280         0.0000         0.0000          -2735.7367       239.2867         0.0000         0.0000         0.0000          -2334.2922         0.0000     -2334.2922     -2334.2922         0.0000          -5030.7772    -22674.4727      9261.0000     -5030.7772    -22674.4727

LINE MINIMIZER BRACKET: DX 0.0024804 0.0024804 DU -9.65953 37.617 DUDX -13460.5 5594.59 24894.5 
PRESSURE: 97 -5201.97 -282.547 -340.298 -282.547 -5420.83 -489.853 -340.298 -489.853 -5435.12
GPRESSURE: 97 -22607.2 -421.961 -190.929 -415.615 -22883.9 -1083.36 19.7478 -1057.15 -23586.5
ENERGY:      97        68.3005        53.4603         0.0000         0.0000          -2717.9793       222.2615         0.0000         0.0000         0.0000          -2373.9570         0.0000     -2373.9570     -2373.9570         0.0000          -5352.6393    -23025.8785      9261.0000     -5352.6393    -23025.8785

LINE MINIMIZER BRACKET: DX 0.00174919 0.000731212 DU -11.7073 2.04774 DUDX -13460.5 16.9713 5594.59 
PRESSURE: 98 -5250.39 -295.336 -318.621 -295.336 -5484.55 -460.143 -318.621 -460.143 -5513.18
GPRESSURE: 98 -22617.2 -414.531 -195.308 -418.132 -22892.8 -1083.49 28.5442 -1055.96 -23602.4
ENERGY:      98        67.8639        53.7864         0.0000         0.0000          -2717.0314       221.5371         0.0000         0.0000         0.0000          -2373.8440         0.0000     -2373.8440     -2373.8440         0.0000          -5416.0429    -23037.4678      9261.0000     -5416.0429    -23037.4678

LINE MINIMIZER BRACKET: DX 0.000174919 0.000731212 DU -0.112982 2.04774 DUDX -1318.27 16.9713 5594.59 
PRESSURE: 99 -5206.6 -283.816 -338.131 -283.816 -5426.97 -486.88 -338.131 -486.88 -5442.75
GPRESSURE: 99 -22608.2 -421.209 -191.338 -415.864 -22884.8 -1083.38 20.6549 -1057.04 -23588.1
ENERGY:      99        68.2478        53.4923         0.0000         0.0000          -2717.8846       222.1882         0.0000         0.0000         0.0000          -2373.9563         0.0000     -2373.9563     -2373.9563         0.0000          -5358.7706    -23027.0749      9261.0000     -5358.7706    -23027.0749

LDB: ============= START OF LOAD BALANCING ============== 0.436
LDB: ============== END OF LOAD BALANCING =============== 0.436
LDB: =============== DONE WITH MIGRATION ================ 0.436
LINE MINIMIZER BRACKET: DX 1.74919e-05 0.000731212 DU -0.00068946 2.04774 DUDX -116.498 16.9713 5594.59 
PRESSURE: 100 -5201.97 -282.547 -340.298 -282.547 -5420.83 -489.853 -340.298 -489.853 -5435.12
GPRESSURE: 100 -22607.2 -421.961 -190.929 -415.615 -22883.9 -1083.36 19.7478 -1057.15 -23586.5
Info: Initial time: 1 CPUs 0.00398 s/step 0.0460648 days/ns 6.19922 MB memory
ETITLE:      TS           BOND          ANGLE          DIHED          IMPRP               ELECT            VDW       BOUNDARY           MISC        KINETIC               TOTAL           TEMP      POTENTIAL         TOTAL3        TEMPAVG            PRESSURE      GPRESSURE         VOLUME       PRESSAVG      GPRESSAVG

ENERGY:     100        68.3005        53.4603         0.0000         0.0000          -2717.9793       222.2615         0.0000         0.0000         0.0000          -2373.9570         0.0000     -2373.9570     -2373.9570         0.0000          -5352.6393    -23025.8785      9261.0000     -5352.6393    -23025.8785

REINITIALIZING VELOCITIES AT STEP 100 TO 300 KELVIN.
TCL: Running for 100000 steps
PRESSURE: 100 -2165.12 -397.388 -475.558 -397.388 -2091.74 -591.748 -475.558 -591.748 -2399.79
GPRESSURE: 100 -4735.05 -403.5 -315.16 -400.327 -4848.1 -465.082 -209.822 -451.98 -4927.33
ENERGY:     100        68.3005        53.4603         0.0000         0.0000          -2717.9793       222.2615         0.0000         0.0000       626.0372          -1747.9198       300.4637     -2373.9570     -1748.2505       300.4637          -2218.8837     -4836.8286      9261.0000     -2218.8837     -4836.8286

LDB: ============= START OF LOAD BALANCING ============== 0.626
LDB: ============== END OF LOAD BALANCING =============== 0.626
LDB: =============== DONE WITH MIGRATION ================ 0.626
Info: Initial time: 1 CPUs 0.0039 s/step 0.0451389 days/ns 6.19922 MB memory
LDB: ============= START OF LOAD BALANCING ============== 0.799
LDB: ============== END OF LOAD BALANCING =============== 0.799
LDB: =============== DONE WITH MIGRATION ================ 0.799
PRESSURE: 200 1523.44 1252.16 -715.31 1252.16 -1003.05 -329.448 -715.31 -329.448 -3309.29
GPRESSURE: 200 546.835 803.475 -1136.44 965.518 -1332.41 -1432.09 -879.341 -751.186 -803.06
PRESSAVG: 200 498.817 -181.569 -128.911 -181.569 203.521 -313.783 -128.911 -313.783 -486.79
GPRESSAVG: 200 518.163 -173.746 -171.822 -221.923 182.827 -302.42 -281.118 -256.171 -434.047
Info: Benchmark time: 1 CPUs 0.00348 s/step 0.0402778 days/ns 6.19922 MB memory
ENERGY:     200       176.5103       113.7237         0.0000         0.0000          -2836.1448       335.5299         0.0000         0.0000       462.9057          -1747.4753       222.1695     -2210.3809     -1746.8579       210.8343           -929.6361      -529.5437      8341.3553        71.8494        88.9809

Info: Benchmark time: 1 CPUs 0.00402 s/step 0.0465278 days/ns 6.19922 MB memory
PRESSURE: 300 1694.44 -2007.33 -306.558 -2007.33 -857.989 -360.795 -306.558 -360.795 -1210.63
GPRESSURE: 300 1382.81 -703.539 525.496 -622.313 -85.9991 465.273 977.024 123.235 507.64
PRESSAVG: 300 501.491 -203.827 264.659 -203.827 -414.312 -411.29 264.659 -411.29 -413.411
GPRESSAVG: 300 461.684 -186.808 255.499 -239.713 -417.616 -463.212 260.722 -496.492 -433.219
Info: Benchmark time: 1 CPUs 0.00376 s/step 0.0435185 days/ns 6.19922 MB memory
ENERGY:     300       150.0092        99.0087         0.0000         0.0000          -2825.4229       345.1918         0.0000         0.0000       480.6364          -1750.5769       230.6793     -2231.2133     -1746.4996       229.6871           -124.7240       601.4827      8043.5333      -108.7441      -129.7170

Info: Benchmark time: 1 CPUs 0.00374 s/step 0.043287 days/ns 6.19922 MB memory
PRESSURE: 400 653.883 -1541.62 1273.08 -1541.62 -1457.79 -1884.92 1273.08 -1884.92 761.222
GPRESSURE: 400 290.279 -156.844 534.025 -1078.39 -156.415 -1154.81 187.469 198.103 1430.08
PRESSAVG: 400 -85.3386 -249.589 -327.362 -249.589 -160.706 199.276 -327.362 199.276 60.9241
GPRESSAVG: 400 -69.0455 -277.799 -269.056 -146.456 -182.994 264.536 -239.584 289.409 110.166
Info: Benchmark time: 1 CPUs 0.00368 s/step 0.0425926 days/ns 6.19922 MB memory
ENERGY:     400       161.8070        90.2452         0.0000         0.0000          -2889.8376       349.7790         0.0000         0.0000       536.6818          -1751.3246       257.5780     -2288.0064     -1748.3266       238.7895            -14.2299       521.3155      7841.8225       -61.7069       -47.2913

Info: Benchmark time: 1 CPUs 0.00374 s/step 0.043287 days/ns 6.19922 MB memory
PRESSURE: 500 1276.65 130.255 1745.14 130.255 -647.35 1706.99 1745.14 1706.99 2601.02
GPRESSURE: 500 3477.21 443.246 558.609 732.472 834.907 984.559 136.852 914.688 1304.21
PRESSAVG: 500 714.606 -566.955 405.328 -566.955 -405.832 193.931 405.328 193.931 -406.845
GPRESSAVG: 500 677.835 -546.534 342.725 -573.553 -380.285 65.1968 315.247 217.994 -407.279
ENERGY:     500       181.9433       117.9371         0.0000         0.0000          -2935.9891       391.0754         0.0000         0.0000       499.7291          -1745.3043       239.8428     -2245.0334     -1743.7904       249.7572           1076.7732      1872.1090      7611.6952       -32.6902       -36.5761

WRITING EXTENDED SYSTEM TO RESTART FILE AT STEP 500
OPENING COORDINATE DCD FILE
WRITING COORDINATES TO DCD FILE water_simulation.dcd AT STEP 500
WRITING COORDINATES TO RESTART FILE AT STEP 500
FINISHED WRITING RESTART COORDINATES
The last position output (seq=500) takes 0.002 seconds, 6.199 MB of memory in use
OPENING VELOCITY DCD FILE
WRITING VELOCITIES TO DCD FILE AT STEP 500
WRITING VELOCITIES TO RESTART FILE AT STEP 500
FINISHED WRITING RESTART VELOCITIES
The last velocity output (seq=500) takes 0.001 seconds, 6.199 MB of memory in use
PRESSURE: 600 93.5242 -1691.94 -1753.38 -1691.94 20.3306 801.69 -1753.38 801.69 -2234.06
GPRESSURE: 600 853.516 -1782.42 -178.798 -1612.29 -906.522 -782.263 -475.312 -2.0046 313.118
PRESSAVG: 600 312.256 -272.381 -36.6218 -272.381 628.506 -90.1062 -36.6218 -90.1062 -17.5303
GPRESSAVG: 600 368.877 -272.661 -14.4705 -256.565 609.312 -45.452 -4.51568 -169.804 -83.3425
ENERGY:     600       167.3727       101.6836         0.0000         0.0000          -2852.7903       337.5239         0.0000         0.0000       511.3516          -1734.8584       245.4209     -2246.2100     -1732.5922       250.4819           -706.7341        86.7042      7684.9367       307.7439       298.2824

PRESSURE: 700 2351.99 476.314 344.717 476.314 -1307.96 -1075.24 344.717 -1075.24 137.634
GPRESSURE: 700 882.82 452.38 640.737 896.302 -9.1725 -519.82 681.405 -50.0924 1617.73
PRESSAVG: 700 372.575 323.306 613.833 323.306 -815.961 -299.647 613.833 -299.647 131.254
GPRESSAVG: 700 360.539 338.197 655.784 254.209 -826.3 -306.668 645.312 -219 194.085
ENERGY:     700       165.4072        99.2484         0.0000         0.0000          -2911.1413       366.1167         0.0000         0.0000       538.3454          -1742.0236       258.3765     -2280.3691     -1738.9173       249.9228            393.8908       830.4577      7578.9130      -104.0441       -90.5584

PRESSURE: 800 -1662.07 311.028 1316.26 311.028 -2286.08 567.941 1316.26 567.941 2866.87
GPRESSURE: 800 -117.535 -689.697 113.326 -36.1447 -54.2436 356.879 167.248 206.085 1896.2
PRESSAVG: 800 -438.683 -992.095 412.826 -992.095 20.4822 223.353 412.826 223.353 451.84
GPRESSAVG: 800 -428.825 -1026.13 304.694 -990.04 79.5764 307.756 377.613 213.432 417.236
ENERGY:     800       174.1459       105.2364         0.0000         0.0000          -2908.0716       362.2772         0.0000         0.0000       518.7602          -1747.6519       248.9766     -2266.4120     -1744.9371       255.9811           -360.4236       574.8057      7535.7461        11.2130        22.6623

PRESSURE: 900 -568.857 -444.419 -90.1453 -444.419 -553.099 1127.9 -90.1453 1127.9 793.801
GPRESSURE: 900 147.814 147.568 357.201 -193.217 120.413 1318.44 380.547 163.26 -6.9898
PRESSAVG: 900 15.7972 554.001 -188.189 554.001 -75.3423 -2.44408 -188.189 -2.44408 353.418
GPRESSAVG: 900 -3.48037 520.981 -137.701 537.476 -111.341 -99.3483 -161.54 -23.6639 381.189
ENERGY:     900       158.9064       125.5715         0.0000         0.0000          -2890.7213       335.4172         0.0000         0.0000       529.9828          -1740.8435       254.3629     -2270.8263     -1737.0609       262.6456           -109.3849        87.0789      7399.8424        97.9575        88.7893

PRESSURE: 1000 525.188 683.704 -211.884 683.704 1071.79 -566.8 -211.884 -566.8 -1703.28
GPRESSURE: 1000 177.392 142.798 673.456 1880.33 -135.76 -267.722 1228.61 -246.554 -1931.32
PRESSAVG: 1000 -744.811 308.674 414.397 308.674 454.305 652.021 414.397 652.021 99.2464
GPRESSAVG: 1000 -743.105 403.299 457.674 307.701 497.081 755.682 373.048 667.948 38.5729
ETITLE:      TS           BOND          ANGLE          DIHED          IMPRP               ELECT            VDW       BOUNDARY           MISC        KINETIC               TOTAL           TEMP      POTENTIAL         TOTAL3        TEMPAVG            PRESSURE      GPRESSURE         VOLUME       PRESSAVG      GPRESSAVG

ENERGY:    1000       156.3881       108.9467         0.0000         0.0000          -2843.8404       307.8061         0.0000         0.0000       527.4760          -1743.2235       253.1598     -2270.6995     -1739.4273       256.0790            -35.4326      -629.8946      7292.2273       -63.7531       -69.1505

WRITING EXTENDED SYSTEM TO RESTART FILE AT STEP 1000
WRITING COORDINATES TO DCD FILE water_simulation.dcd AT STEP 1000
WRITING COORDINATES TO RESTART FILE AT STEP 1000
FINISHED WRITING RESTART COORDINATES
The last position output (seq=1000) takes 0.001 seconds, 6.199 MB of memory in use
WRITING VELOCITIES TO DCD FILE AT STEP 1000
WRITING VELOCITIES TO RESTART FILE AT STEP 1000
FINISHED WRITING RESTART VELOCITIES
The last velocity output (seq=1000) takes 0.001 seconds, 6.199 MB of memory in use
PRESSURE: 1100 778.064 3010.43 2299.16 3010.43 1154.99 -40.8633 2299.16 -40.8633 2323.23
GPRESSURE: 1100 996.605 60.938 695.387 530.738 441.674 494.924 715.291 -279.064 1386.3
PRESSAVG: 1100 28.3891 -187.69 541.912 -187.69 -1060.5 418.089 541.912 418.089 522.997
GPRESSAVG: 1100 24.9399 -253.281 526.058 -183.665 -1098.44 322.305 626.902 448.901 563.89
ENERGY:    1100       160.4192       101.4054         0.0000         0.0000          -2888.8750       340.0021         0.0000         0.0000       550.5207          -1736.5275       264.2200     -2287.0482     -1733.4027       262.3458           1418.7643       941.5271      7006.9482      -169.7062      -169.8704

PRESSURE: 1200 -3007.46 -1734.53 852.61 -1734.53 1092.85 -225.809 852.61 -225.809 1946.6
GPRESSURE: 1200 -497.644 -1668.71 477.789 -1350.95 -108.564 87.5645 1503.21 864.654 533.737
PRESSAVG: 1200 469.602 -57.8453 112.076 -57.8453 -82.0479 -254.563 112.076 -254.563 -647.537
GPRESSAVG: 1200 516.12 -101.603 85.434 -45.2343 -74.1781 -180.666 -30.8066 -258.581 -696.684
ENERGY:    1200       156.7330       105.1237         0.0000         0.0000          -2865.8366       316.3341         0.0000         0.0000       550.6329          -1737.0130       264.2738     -2287.6459     -1733.0998       264.9433             10.6607       -24.1567      7031.4067       -86.6608       -84.9137

PRESSURE: 1300 -3489.4 -355.058 -874.933 -355.058 2799.16 1456.01 -874.933 1456.01 -601.928
GPRESSURE: 1300 -715.186 1271.28 485.503 589.251 656.01 1192.21 557.093 536.278 -312.464
PRESSAVG: 1300 116.488 47.9943 621.625 47.9943 290.146 -194.201 621.625 -194.201 2.37847
GPRESSAVG: 1300 136.605 150.787 641.944 25.8527 215.189 -221.096 705.794 -191.043 52.2496
ENERGY:    1300       166.1367       104.4664         0.0000         0.0000          -2852.9019       310.9483         0.0000         0.0000       533.8679          -1737.4827       256.2275     -2271.3505     -1735.0649       266.9241           -430.7211      -123.8801      6986.7859       136.3374       134.6811

PRESSURE: 1400 665.533 -674.848 -169.848 -674.848 297.176 1118.65 -169.848 1118.65 -2019.89
GPRESSURE: 1400 -358.531 552.766 911.382 610.263 190.381 523.243 97.9626 1165.4 -307.983
PRESSAVG: 1400 788.347 948.897 19.6586 948.897 -130.554 415.775 19.6586 415.775 -40.1087
GPRESSAVG: 1400 817.304 996.072 117.533 905.826 -127.076 412.655 24.9159 348.285 -72.8139
ENERGY:    1400       166.0688       118.6650         0.0000         0.0000          -2901.6778       320.8382         0.0000         0.0000       549.4061          -1746.6998       263.6850     -2296.1059     -1743.3221       266.6442           -352.3949      -158.7110      6983.2441       205.8947       205.8045

PRESSURE: 1500 -1118.64 3949.98 1525.3 3949.98 -271.79 -758.101 1525.3 -758.101 -1046.89
GPRESSURE: 1500 -94.792 1167.48 471.216 1258.52 1371.18 403.216 840.286 176.041 -1755.58
PRESSAVG: 1500 87.7793 658.685 1530.78 658.685 52.4018 -561.073 1530.78 -561.073 -116.509
GPRESSAVG: 1500 -8.83575 600.285 1381.48 694.711 104.349 -581.192 1490.47 -507.572 -50.1394
ENERGY:    1500       172.1719       123.4030         0.0000         0.0000          -2945.0632       326.5606         0.0000         0.0000       578.3767          -1744.5511       277.5893     -2322.9278     -1741.2054       266.2979           -812.4428      -159.7312      6890.6657         7.8906        15.1246

WRITING EXTENDED SYSTEM TO RESTART FILE AT STEP 1500
WRITING COORDINATES TO DCD FILE water_simulation.dcd AT STEP 1500
WRITING COORDINATES TO RESTART FILE AT STEP 1500
FINISHED WRITING RESTART COORDINATES
The last position output (seq=1500) takes 0.001 seconds, 6.473 MB of memory in use
WRITING VELOCITIES TO DCD FILE AT STEP 1500
WRITING VELOCITIES TO RESTART FILE AT STEP 1500
FINISHED WRITING RESTART VELOCITIES
The last velocity output (seq=1500) takes 0.001 seconds, 6.473 MB of memory in use
PRESSURE: 1600 -3281.66 1030.82 177.555 1030.82 1263.51 -21.085 177.555 -21.085 -1242.1
GPRESSURE: 1600 -818.35 -260.451 1116.61 380.557 562.916 608.072 790.738 -1425.35 -1217.74
PRESSAVG: 1600 -217.416 33.2493 457.499 33.2493 322.181 526.938 457.499 526.938 -355.045
GPRESSAVG: 1600 -217.272 -13.1111 464.772 -12.5912 372.122 569.575 503.272 525.308 -424.049
ENERGY:    1600       175.7134       115.3149         0.0000         0.0000          -2921.6270       315.6578         0.0000         0.0000       562.4634          -1752.4775       269.9518     -2314.9409     -1749.0940       261.9077          -1086.7505      -491.0568      6885.8595       -83.4269       -89.7332

PRESSURE: 1700 -2007.85 -166.393 -618.041 -166.393 2023.36 91.7244 -618.041 91.7244 -3607.66
GPRESSURE: 1700 -1539.68 510.572 303.435 755.144 564.553 215.726 88.0476 -1320.19 -1541.29
PRESSAVG: 1700 -890.027 88.8292 703.714 88.8292 1038.19 526.062 703.714 526.062 -456.931
GPRESSAVG: 1700 -895.309 101.075 845.947 183.17 955.695 472.755 575.693 382.256 -387.854
ENERGY:    1700       172.8343       138.3001         0.0000         0.0000          -2910.7601       303.3754         0.0000         0.0000       544.5618          -1751.6885       261.3600     -2296.2504     -1748.6171       266.7213          -1197.3803      -838.8056      6867.5047      -102.9238      -109.1557

PRESSURE: 1800 -76.7624 577.754 -2361.58 577.754 873.856 -622.257 -2361.58 -622.257 -201.8
GPRESSURE: 1800 -355.31 1465.15 481.693 978.062 1097.42 681.234 -1254.31 -1399.89 -834.619
PRESSAVG: 1800 -914.649 300.655 777.022 300.655 969.235 -507.496 777.022 -507.496 -161.674
GPRESSAVG: 1800 -871.22 275.428 616.874 277.622 1020.33 -452.114 926.515 -417.152 -264.164
ENERGY:    1800       166.5145       108.9460         0.0000         0.0000          -2920.1880       315.4751         0.0000         0.0000       573.9474          -1755.3050       275.4635     -2329.2524     -1751.3818       263.9377            198.4311       -30.8374      6827.7836       -35.6959       -38.3515

PRESSURE: 1900 -1038.01 496.207 1784.47 496.207 1566.09 162.974 1784.47 162.974 307.973
GPRESSURE: 1900 -1222.29 736.013 418.816 572.892 -77.0804 -671.118 1616.3 -1022.04 1191.33
PRESSAVG: 1900 381.334 295.122 515.959 295.122 426.029 -245.164 515.959 -245.164 -435.504
GPRESSAVG: 1900 341.217 336.619 634.434 279.797 356.829 -233.56 511.43 -245.03 -326.717
ENERGY:    1900       168.3082       124.2706         0.0000         0.0000          -2907.9350       308.9505         0.0000         0.0000       544.5736          -1761.8321       261.3657     -2306.4057     -1757.9171       265.8780            278.6848       -36.0139      6753.4654       123.9533       123.7763

PRESSURE: 2000 1332.13 310.307 1144.23 310.307 2277.78 804.542 1144.23 804.542 740.002
GPRESSURE: 2000 1273.02 238.775 353.349 -157.914 986.36 -180.273 -33.9827 -124.566 -1441.96
PRESSAVG: 2000 20.9374 35.7479 566.134 35.7479 57.8629 -106.916 566.134 -106.916 947.273
GPRESSAVG: 2000 -66.8483 22.537 569.837 3.37928 121.951 -180.54 502.218 -192.342 944.609
TIMING: 2000  CPU: 8.647, 0.004705/step  Wall: 8.647, 0.004705/step, 0.128211 hours remaining, 6.472656 MB of memory in use.
ETITLE:      TS           BOND          ANGLE          DIHED          IMPRP               ELECT            VDW       BOUNDARY           MISC        KINETIC               TOTAL           TEMP      POTENTIAL         TOTAL3        TEMPAVG            PRESSURE      GPRESSURE         VOLUME       PRESSAVG      GPRESSAVG

ENERGY:    2000       164.8633       126.8722         0.0000         0.0000          -2949.1169       327.0421         0.0000         0.0000       565.5574          -1764.7819       271.4368     -2330.3394     -1760.4162       265.3077           1449.9700       272.4727      6738.5825       342.0244       333.2373

WRITING EXTENDED SYSTEM TO RESTART FILE AT STEP 2000
WRITING COORDINATES TO DCD FILE water_simulation.dcd AT STEP 2000
WRITING COORDINATES TO RESTART FILE AT STEP 2000
FINISHED WRITING RESTART COORDINATES
The last position output (seq=2000) takes 0.002 seconds, 6.473 MB of memory in use
WRITING VELOCITIES TO DCD FILE AT STEP 2000
WRITING VELOCITIES TO RESTART FILE AT STEP 2000
FINISHED WRITING RESTART VELOCITIES
The last velocity output (seq=2000) takes 0.002 seconds, 6.473 MB of memory in use
PRESSURE: 2100 -989.719 940.893 -568.093 940.893 -1334.73 -2610.53 -568.093 -2610.53 -233.076
GPRESSURE: 2100 -826.529 257.969 -706.404 509.818 -1832.32 536.361 145.543 -160.866 -1120.38
PRESSAVG: 2100 47.0074 -395.231 130.469 -395.231 382.293 286.295 130.469 286.295 -385.182
GPRESSAVG: 2100 151.573 -394.058 50.5634 -383.608 371.51 354.021 138.618 449.297 -457.059
ENERGY:    2100       175.7566       122.4698         0.0000         0.0000          -2895.7887       290.0513         0.0000         0.0000       549.5199          -1757.9912       263.7396     -2307.5110     -1754.5525       264.5806           -852.5081     -1259.7455      6832.2753        14.7064        22.0081

LDB: ============= START OF LOAD BALANCING ============== 9.361
LDB: ============== END OF LOAD BALANCING =============== 9.361
LDB: =============== DONE WITH MIGRATION ================ 9.361
LDB: ============= START OF LOAD BALANCING ============== 9.576
LDB: ============== END OF LOAD BALANCING =============== 9.576
LDB: =============== DONE WITH MIGRATION ================ 9.576
PRESSURE: 2200 2637.85 967.477 -989.467 967.477 -1594.47 384.083 -989.467 384.083 1046.03
GPRESSURE: 2200 2845.33 220.621 407.471 481.545 -1328.53 0.73545 -263.484 188.909 1309.68
PRESSAVG: 2200 1681.76 195.966 224.214 195.966 -1310.23 494.049 224.214 494.049 163.195
GPRESSAVG: 2200 1701.6 223.18 290.67 233.265 -1312.94 423.829 292.085 404.081 190.19
ENERGY:    2200       177.6285       121.7739         0.0000         0.0000          -2973.7934       352.6774         0.0000         0.0000       548.5412          -1773.1725       263.2699     -2321.7136     -1769.5300       267.0275            696.4705       942.1600      6729.1179       178.2393       192.9510

PRESSURE: 2300 -232.127 -745.433 -142.139 -745.433 -1887.97 923.192 -142.139 923.192 -1820.64
GPRESSURE: 2300 -1274.32 -770.231 -176.977 -139.215 744.56 290.487 -495.696 1547.65 -562.917
PRESSAVG: 2300 51.1104 -826.428 115.141 -826.428 -154.321 313.643 115.141 313.643 93.1418
GPRESSAVG: 2300 43.4833 -860.717 26.6605 -867.196 -153.377 324.1 38.8187 420.788 117.106
ENERGY:    2300       182.2571       126.2052         0.0000         0.0000          -2927.3562       319.4933         0.0000         0.0000       532.5687          -1766.8319       255.6040     -2299.4006     -1763.7264       266.7378          -1313.5784      -364.2255      6805.9060        -3.3561         2.4041

PRESSURE: 2400 528.797 1394.43 -777.339 1394.43 -2621.87 -917.438 -777.339 -917.438 1999.08
GPRESSURE: 2400 -253.887 573.394 139.148 615.907 -712.631 -1045.17 1578.06 -1241.01 1511.23
PRESSAVG: 2400 -643.447 -12.4846 574.132 -12.4846 813.403 -250.044 574.132 -250.044 -477.294
GPRESSAVG: 2400 -673.674 121.45 629.295 42.7262 883.845 -168.271 647.425 -328.254 -508.934
ENERGY:    2400       187.4982       130.9097         0.0000         0.0000          -2966.0495       330.0120         0.0000         0.0000       559.4556          -1758.1740       268.5082     -2317.6296     -1755.0337       264.9491            -31.3291       181.5723      6725.1821      -102.4461       -99.5873

PRESSURE: 2500 3793.73 1431.48 1700.8 1431.48 1347.45 1156.24 1700.8 1156.24 -721.333
GPRESSURE: 2500 1584.04 -991.017 1023.52 -2279.61 384.252 1522.57 902.743 60.9905 -1211.79
PRESSAVG: 2500 1073.11 237.804 1291.89 237.804 -283.545 564.926 1291.89 564.926 -347.428
GPRESSAVG: 2500 1090.28 134.47 1260.54 203.601 -361.822 428.679 1282.14 555.756 -317.55
ENERGY:    2500       176.3081       118.1274         0.0000         0.0000          -2938.0826       319.9975         0.0000         0.0000       571.1026          -1752.5470       274.0981     -2323.6496     -1748.6738       272.7058           1473.2841       252.1657      6667.9444       147.3807       136.9692

WRITING EXTENDED SYSTEM TO RESTART FILE AT STEP 2500
WRITING COORDINATES TO DCD FILE water_simulation.dcd AT STEP 2500
WRITING COORDINATES TO RESTART FILE AT STEP 2500
FINISHED WRITING RESTART COORDINATES
The last position output (seq=2500) takes 0.001 seconds, 6.473 MB of memory in use
WRITING VELOCITIES TO DCD FILE AT STEP 2500
WRITING VELOCITIES TO RESTART FILE AT STEP 2500
FINISHED WRITING RESTART VELOCITIES
The last velocity output (seq=2500) takes 0.001 seconds, 6.473 MB of memory in use
PRESSURE: 2600 1697.54 2741.74 -2222.64 2741.74 661.315 -837.832 -2222.64 -837.832 4020.5
GPRESSURE: 2600 3254.22 805.981 -46.8559 479.725 -1303.7 197.721 -687.808 178.913 2098.79
PRESSAVG: 2600 470.567 -241.199 277.098 -241.199 23.6594 -142.264 277.098 -142.264 -454.589
GPRESSAVG: 2600 468.552 -281.232 308.757 -227.311 60.3056 8.22816 239.59 -170.951 -500.758
ENERGY:    2600       174.0709       109.8353         0.0000         0.0000          -2945.0618       344.0759         0.0000         0.0000       561.0800          -1755.9996       269.2879     -2317.0797     -1752.4514       272.4171           2126.4514      1349.7723      6678.2227        13.2124         9.3665

PRESSURE: 2700 1030.08 -1820.66 -1958.55 -1820.66 1770.08 135.873 -1958.55 135.873 -2386.22
GPRESSURE: 2700 981.979 -948.402 -640.976 448.208 -19.922 1084.91 -271.652 -303.618 -853.498
PRESSAVG: 2700 -562.905 -113.387 -32.4285 -113.387 228.733 632.673 -32.4285 632.673 346.926
GPRESSAVG: 2700 -552.05 -108.319 -39.5051 -124.32 268.623 595.163 -18.8811 657.828 325.401
ENERGY:    2700       185.5214       120.1174         0.0000         0.0000          -2930.3573       317.9040         0.0000         0.0000       545.2667          -1761.5478       261.6983     -2306.8145     -1758.6562       270.1664            137.9831        36.1863      6726.8570         4.2512        13.9915

PRESSURE: 2800 -7.15428 -1897.07 473.607 -1897.07 -3094.43 976.048 473.607 976.048 -2866.94
GPRESSURE: 2800 -3287.2 16.3527 73.8617 -630.545 -1788.22 388.778 -835.98 395.058 -2495.5
PRESSAVG: 2800 569.798 11.3937 -852.347 11.3937 310.715 97.796 -852.347 97.796 -930.772
GPRESSAVG: 2800 543.774 88.5465 -786.627 106.622 245.549 41.6621 -941.7 50.6657 -851.845
ENERGY:    2800       170.0011       115.7283         0.0000         0.0000          -2833.7768       252.9290         0.0000         0.0000       553.6235          -1741.4948       265.7091     -2295.1183     -1737.7373       265.5005          -1989.5107     -2523.6412      6901.6706       -16.7528       -20.8408

PRESSURE: 2900 -1169.85 1225.87 -1383.97 1225.87 -1961.3 -130.877 -1383.97 -130.877 4455.55
GPRESSURE: 2900 182.189 336.931 -1386.17 1044.25 194.502 1483.54 -361.906 315.639 463.694
PRESSAVG: 2900 117.78 243.484 -794.9 243.484 274.438 -536.434 -794.9 -536.434 -76.2227
GPRESSAVG: 2900 131.316 254.758 -939.514 110.051 305.503 -534.537 -726.827 -533.926 -126.654
ENERGY:    2900       182.2722       113.3930         0.0000         0.0000          -2927.7184       324.7235         0.0000         0.0000       566.8622          -1740.4676       272.0630     -2307.3297     -1736.5792       271.8876            441.4665       280.1280      6732.9797       105.3320       103.3886

PRESSURE: 3000 1791.81 -671.734 1892.57 -671.734 2488.84 186.012 1892.57 186.012 2389.82
GPRESSURE: 3000 674.726 -843.287 1386.55 -1187.42 -39.2857 856.322 1537.35 267.414 752.411
PRESSAVG: 3000 648.455 210.51 302.217 210.51 309.432 -121.375 302.217 -121.375 -553.717
GPRESSAVG: 3000 634.229 165.938 491.653 260.047 297.387 -120.96 386.438 -22.5906 -594.648
TIMING: 3000  CPU: 13.44, 0.004793/step  Wall: 13.439, 0.004792/step, 0.129251 hours remaining, 6.472656 MB of memory in use.
ETITLE:      TS           BOND          ANGLE          DIHED          IMPRP               ELECT            VDW       BOUNDARY           MISC        KINETIC               TOTAL           TEMP      POTENTIAL         TOTAL3        TEMPAVG            PRESSURE      GPRESSURE         VOLUME       PRESSAVG      GPRESSAVG

ENERGY:    3000       180.4346       113.6671         0.0000         0.0000          -2932.0956       336.9738         0.0000         0.0000       556.4682          -1744.5519       267.0744     -2301.0201     -1740.6171       276.1824           2223.4918       462.6172      6877.1660       134.7231       112.3228

WRITING EXTENDED SYSTEM TO RESTART FILE AT STEP 3000
WRITING COORDINATES TO DCD FILE water_simulation.dcd AT STEP 3000
WRITING COORDINATES TO RESTART FILE AT STEP 3000
FINISHED WRITING RESTART COORDINATES
The last position output (seq=3000) takes 0.002 seconds, 6.473 MB of memory in use
WRITING VELOCITIES TO DCD FILE AT STEP 3000
WRITING VELOCITIES TO RESTART FILE AT STEP 3000
FINISHED WRITING RESTART VELOCITIES
PRESSURE: 3100 1024.83 32.0591 542.161 32.0591 1096.83 932.033 542.161 932.033 1646.21
GPRESSURE: 3100 -249.543 643.295 -368.939 1030.48 409.771 101.898 298.984 -1119.42 -764.795
PRESSAVG: 3100 -561.483 397.093 368.522 397.093 910.191 -275.168 368.522 -275.168 -549.751
GPRESSAVG: 3100 -548.071 455.781 294.638 339.353 844.692 -288.926 215.623 -375.97 -489.734
ENERGY:    3100       174.0134       135.1211         0.0000         0.0000          -2944.1019       320.4336         0.0000         0.0000       576.4359          -1738.0979       276.6578     -2314.5339     -1733.0354       271.5969           1255.9562      -201.5222      6829.3283       -67.0143       -64.3711

PRESSURE: 3200 1615.1 213.706 -415.685 213.706 459.661 423.931 -415.685 423.931 1166.18
GPRESSURE: 3200 -1766.9 608.372 -579.542 -488.332 -607.011 251.279 30.9518 844.618 961.435
PRESSAVG: 3200 224.901 259.093 -230.533 259.093 -909.1 -290.785 -230.533 -290.785 476.646
GPRESSAVG: 3200 184.339 304.214 -281.201 322.343 -858.064 -279.263 -195.249 -118.143 440.549
ENERGY:    3200       176.2004       124.5959         0.0000         0.0000          -2920.7456       314.9185         0.0000         0.0000       562.4123          -1742.6185       269.9273     -2305.0308     -1738.0480       270.7263           1080.3158      -470.8249      6849.5272       -69.1845       -77.7253

PRESSURE: 3300 2223.95 -288.668 502.844 -288.668 1724.72 1046.41 502.844 1046.41 899.496
GPRESSURE: 3300 1289.65 -100.248 1193.77 -1463.45 -757.335 1688.35 1114.08 735.561 840.474
PRESSAVG: 3300 172.273 -467.772 -9.17198 -467.772 -188.489 407.7 -9.17198 407.7 -15.9703
GPRESSAVG: 3300 209.519 -588.038 53.5748 -476.374 -230.562 391.985 9.32058 314.146 -32.1157
ENERGY:    3300       183.4585       113.7670         0.0000         0.0000          -2919.1352       336.0101         0.0000         0.0000       542.3405          -1743.5591       260.2939     -2285.8995     -1739.2838       276.4175           1616.0523       457.5957      6825.7087       -10.7286       -17.7195

PRESSURE: 3400 1734.86 -427.745 -148.042 -427.745 1744.14 -541.978 -148.042 -541.978 -2468.62
GPRESSURE: 3400 738.851 -929.663 -1374.43 -758.421 60.3595 627.166 -77.7905 768.448 -2344.39
PRESSAVG: 3400 536.762 281.48 -151.647 281.48 166.063 -1.61206 -151.647 -1.61206 -579.417
GPRESSAVG: 3400 477.729 265.284 -256.72 358.999 166.485 -14.7811 -127.647 37.7727 -498.857
ENERGY:    3400       173.3765       122.5192         0.0000         0.0000          -2916.2954       310.6650         0.0000         0.0000       564.6466          -1745.0881       270.9996     -2309.7347     -1740.7363       273.8518            336.7926      -515.0585      6737.4623        41.1358        48.4523

PRESSURE: 3500 -687.422 -746.107 467.699 -746.107 -4.03171 -422.38 467.699 -422.38 1114.96
GPRESSURE: 3500 -1319.57 66.7068 -318.15 -84.5312 -1460.09 -291.825 -159.298 70.5116 -237.322
PRESSAVG: 3500 261.438 -188.522 -425.871 -188.522 356.36 239.357 -425.871 239.357 -505.05
GPRESSAVG: 3500 354.705 -123.86 -412.912 -378.226 390.027 331.004 -448.876 286.47 -626.855
ENERGY:    3500       186.9080       135.1139         0.0000         0.0000          -2912.3630       302.5962         0.0000         0.0000       553.1872          -1734.5577       265.4997     -2287.7449     -1731.3479       271.4876            141.1684     -1005.6607      6767.2676        37.5828        39.2924

WRITING EXTENDED SYSTEM TO RESTART FILE AT STEP 3500
WRITING COORDINATES TO DCD FILE water_simulation.dcd AT STEP 3500
WRITING COORDINATES TO RESTART FILE AT STEP 3500
FINISHED WRITING RESTART COORDINATES
The last position output (seq=3500) takes 0.002 seconds, 6.473 MB of memory in use
WRITING VELOCITIES TO DCD FILE AT STEP 3500
WRITING VELOCITIES TO RESTART FILE AT STEP 3500
FINISHED WRITING RESTART VELOCITIES
PRESSURE: 3600 8770.54 1408.32 1530.82 1408.32 1121.93 3349.13 1530.82 3349.13 -1488.27
GPRESSURE: 3600 2727.93 1683.36 292.322 883.709 -393.977 -6.44685 -155.692 1204.64 1400.12
PRESSAVG: 3600 63.8451 -2.46574 -401.906 -2.46574 75.4749 312.338 -401.906 312.338 -261.12
GPRESSAVG: 3600 -65.3909 13.9288 -417.686 120.062 74.2181 269.848 -376.723 238.599 -179.382
ENERGY:    3600       178.5361       124.0376         0.0000         0.0000          -2968.4899       351.3119         0.0000         0.0000       582.9845          -1731.6199       279.8008     -2314.6043     -1727.8557       273.5807           2801.3992      1244.6915      6636.6212       -40.5999       -56.8517

PRESSURE: 3700 5597.74 -484.091 -3356.31 -484.091 3238.88 963.136 -3356.31 963.136 374.709
GPRESSURE: 3700 3290.14 -278.561 -1736.94 301.467 1582.49 1147.39 -1547.58 1143.97 -270.735
PRESSAVG: 3700 -303.349 -270.046 -152.907 -270.046 129.686 322.719 -152.907 322.719 297.738
GPRESSAVG: 3700 -278.67 -288.915 -44.9848 -324.077 154.338 289.86 -175.887 361.99 319.057
ENERGY:    3700       177.3959       118.9682         0.0000         0.0000          -2943.4309       348.2041         0.0000         0.0000       569.6235          -1729.2391       273.3883     -2298.8626     -1725.3090       271.8045           3070.4443      1533.9633      6617.1876        41.3583        64.9082

PRESSURE: 3800 2583.29 -924.622 -627.68 -924.622 -1086.58 -2622.49 -627.68 -2622.49 1516.73
GPRESSURE: 3800 1926.64 103.906 372.82 -1102.59 -1835.49 983.618 224.622 815.74 -954.717
PRESSAVG: 3800 1022.1 401.393 -100.368 401.393 -200.117 628.734 -100.368 628.734 -780.057
GPRESSAVG: 3800 1027.8 352.186 -188.198 438.396 -170.079 665.711 -22.041 610.2 -811.122
ENERGY:    3800       171.5848       121.1196         0.0000         0.0000          -2896.0945       313.5990         0.0000         0.0000       562.1353          -1727.6560       269.7943     -2289.7913     -1723.0240       274.9087           1004.4815      -287.8557      6864.4270        13.9755        15.5336

PRESSURE: 3900 -5013.62 122.279 -154.634 122.279 5367.82 -145.859 -154.634 -145.859 2049
GPRESSURE: 3900 -2751.74 469.666 -1649.76 577.699 1598.32 -1233.84 -818.003 1432.12 -447.615
PRESSAVG: 3900 70.2987 -80.6009 -307.47 -80.6009 -448.822 0.0852681 -307.47 0.0852681 -449.306
GPRESSAVG: 3900 114.343 -55.5233 -297.592 -73.2574 -584.832 40.0266 -305.644 23.6439 -403.376
ENERGY:    3900       185.1362       122.2713         0.0000         0.0000          -2938.7572       312.8867         0.0000         0.0000       599.7140          -1718.7490       287.8301     -2318.4630     -1713.5479       275.2729            801.0647      -533.6793      6740.8929      -275.9432      -291.2888

PRESSURE: 4000 -716.093 1084.17 -36.1077 1084.17 -388.486 1376.88 -36.1077 1376.88 1073.42
GPRESSURE: 4000 -1302.21 -343.036 -356.488 -1014.28 -2379.2 1009.92 -400.003 568.077 -750.015
PRESSAVG: 4000 93.3929 448.639 -480.842 448.639 -43.4088 598.26 -480.842 598.26 339.648
GPRESSAVG: 4000 136.264 460.695 -491.642 466.297 13.1904 606.418 -577.207 562.652 242.785
TIMING: 4000  CPU: 18.875, 0.005435/step  Wall: 18.875, 0.005436/step, 0.145111 hours remaining, 6.472656 MB of memory in use.
ETITLE:      TS           BOND          ANGLE          DIHED          IMPRP               ELECT            VDW       BOUNDARY           MISC        KINETIC               TOTAL           TEMP      POTENTIAL         TOTAL3        TEMPAVG            PRESSURE      GPRESSURE         VOLUME       PRESSAVG      GPRESSAVG

ENERGY:    4000       174.3776       111.5667         0.0000         0.0000          -2875.4494       285.9677         0.0000         0.0000       591.7335          -1711.8039       283.9999     -2303.5374     -1707.0581       281.0112            -10.3857     -1477.1433      6863.1102       129.8774       130.7465

WRITING EXTENDED SYSTEM TO RESTART FILE AT STEP 4000
WRITING COORDINATES TO DCD FILE water_simulation.dcd AT STEP 4000
WRITING COORDINATES TO RESTART FILE AT STEP 4000
FINISHED WRITING RESTART COORDINATES
The last position output (seq=4000) takes 0.002 seconds, 6.473 MB of memory in use
WRITING VELOCITIES TO DCD FILE AT STEP 4000
WRITING VELOCITIES TO RESTART FILE AT STEP 4000
FINISHED WRITING RESTART VELOCITIES
PRESSURE: 4100 -125.067 625.695 -100.853 625.695 266.007 1403.85 -100.853 1403.85 4140.91
GPRESSURE: 4100 532.074 -18.1866 -1243.96 -144.477 -1711.16 -284.595 -687.348 392.538 -580.3
PRESSAVG: 4100 55.4867 49.6481 -598.529 49.6481 -155.628 -244.951 -598.529 -244.951 333.476
GPRESSAVG: 4100 52.9051 -18.8461 -564.342 -22.5595 -171.466 -282.168 -516.023 -287.577 406.391
ENERGY:    4100       172.9264       109.9379         0.0000         0.0000          -2907.0323       307.0540         0.0000         0.0000       592.0528          -1725.0612       284.1531     -2317.1140     -1719.2362       276.8409           1427.2839      -586.4621      6762.5979        77.7783        95.9435

LDB: ============= START OF LOAD BALANCING ============== 19.563
LDB: ============== END OF LOAD BALANCING =============== 19.563
LDB: =============== DONE WITH MIGRATION ================ 19.563
LDB: ============= START OF LOAD BALANCING ============== 19.788
LDB: ============== END OF LOAD BALANCING =============== 19.788
LDB: =============== DONE WITH MIGRATION ================ 19.788
PRESSURE: 4200 -3135.14 -1488.63 2006.31 -1488.63 1788.1 -1109.65 2006.31 -1109.65 2765.7
GPRESSURE: 4200 -2034.56 377.425 253.86 40.6751 440.284 -258.949 826.044 -438.928 785.16
PRESSAVG: 4200 -853.265 -260.442 721.445 -260.442 -179.432 -164.925 721.445 -164.925 969.744
GPRESSAVG: 4200 -825.998 -321.012 651.956 -85.5471 -123.232 -174.184 731.194 -98.6745 871.613
ENERGY:    4200       188.7596       132.2574         0.0000         0.0000          -2919.7618       309.0701         0.0000         0.0000       577.7957          -1711.8790       277.3105     -2289.6747     -1707.7585       274.3850            472.8850      -269.7053      6650.3398       -20.9844       -25.8726

PRESSURE: 4300 1322.2 2279.29 -1608.06 2279.29 274.69 2239.02 -1608.06 2239.02 -2325.22
GPRESSURE: 4300 -19.3869 52.653 -1910.89 407.021 -1111.88 1547.97 -334.411 1395.61 -64.3745
PRESSAVG: 4300 -257.501 -1243.16 -359.141 -1243.16 -779.983 -565.594 -359.141 -565.594 1431.89
GPRESSAVG: 4300 -254.864 -1089.22 -362.082 -1370.17 -843.531 -648.551 -376.31 -538.415 1506.75
ENERGY:    4300       181.8906       128.5429         0.0000         0.0000          -2938.0115       307.2122         0.0000         0.0000       611.8990          -1708.4668       293.6782     -2320.3658     -1703.8274       285.0293           -242.7753      -398.5463      6683.4240       131.4681       136.1170

PRESSURE: 4400 1632.82 -276.162 -664.556 -276.162 -3350.95 -376.211 -664.556 -376.211 2537.04
GPRESSURE: 4400 -503.846 -554.867 768.542 312.691 -719.789 -196.877 90.863 -4.40002 770.27
PRESSAVG: 4400 -867.114 -198.173 -336.355 -198.173 437.807 874.469 -336.355 874.469 829.793
GPRESSAVG: 4400 -930.954 -261.167 -235.813 -254.446 529.455 1007.89 -347.19 822.96 801.336
ENERGY:    4400       174.0188       124.2724         0.0000         0.0000          -2892.8396       308.7185         0.0000         0.0000       577.4068          -1708.4231       277.1238     -2285.8299     -1702.9322       276.9580            272.9704      -151.1216      6777.4218       133.4952       133.2788

PRESSURE: 4500 -1060.36 101.12 1474.91 101.12 -2633.62 -306.189 1474.91 -306.189 464.03
GPRESSURE: 4500 760.159 1141.42 314.782 -672.612 -2169.65 -582.756 -144.904 631.524 -114.862
PRESSAVG: 4500 582.09 247.827 -83.8215 247.827 -966.284 -371.935 -83.8215 -371.935 -457.441
GPRESSAVG: 4500 629.532 237.619 -189.138 290.575 -1016.06 -473.967 -47.338 -326.659 -462.973
ENERGY:    4500       199.7015       135.6598         0.0000         0.0000          -2955.2224       312.1147         0.0000         0.0000       585.6560          -1722.0904       281.0830     -2307.7464     -1718.2973       280.2973          -1076.6484      -508.1182      6697.6190      -280.5447      -283.1682

WRITING EXTENDED SYSTEM TO RESTART FILE AT STEP 4500
WRITING COORDINATES TO DCD FILE water_simulation.dcd AT STEP 4500
WRITING COORDINATES TO RESTART FILE AT STEP 4500
FINISHED WRITING RESTART COORDINATES
The last position output (seq=4500) takes 0.001 seconds, 6.473 MB of memory in use
WRITING VELOCITIES TO DCD FILE AT STEP 4500
WRITING VELOCITIES TO RESTART FILE AT STEP 4500
FINISHED WRITING RESTART VELOCITIES
PRESSURE: 4600 -2240.58 1904.91 999.137 1904.91 -4228.61 664.843 999.137 664.843 3199.46
GPRESSURE: 4600 -626.076 1703.08 -1676.79 1938.23 -998.992 1951.72 249.915 685.63 4104.3
PRESSAVG: 4600 -133.577 1073.77 450.339 1073.77 71.2759 487.431 450.339 487.431 113.13
GPRESSAVG: 4600 -162.552 1131.8 541.806 1116.3 136.15 541.368 377.676 421.156 96.7811
ENERGY:    4600       201.7559       116.5232         0.0000         0.0000          -2946.0119       332.4465         0.0000         0.0000       573.8675          -1721.4187       275.4252     -2295.2863     -1716.7157       282.4195          -1089.9077       826.4107      6603.8170        16.9428        23.4600

PRESSURE: 4700 -4727.4 1109.13 -1580.02 1109.13 -4812.45 -1945.47 -1580.02 -1945.47 1972.23
GPRESSURE: 4700 133.354 867.515 -811.897 -190.939 -197.675 -1094.78 -95.1471 -1053.15 962.366
PRESSAVG: 4700 -478.137 622.888 -643.91 622.888 -206.215 -985.195 -643.91 -985.195 495.175
GPRESSAVG: 4700 -411.789 604.121 -704.499 586.421 -188.894 -995.841 -648.385 -936.645 446.564
ENERGY:    4700       206.8226       128.7818         0.0000         0.0000          -2962.6202       328.4777         0.0000         0.0000       573.6044          -1724.9337       275.2989     -2298.5382     -1721.3023       273.4495          -2522.5405       299.3482      6645.8950       -63.0591       -51.3731

PRESSURE: 4800 520.042 646.068 -1834.68 646.068 -3301.92 1637.16 -1834.68 1637.16 -4703.97
GPRESSURE: 4800 333.616 941.163 1153.54 1426.45 -667.42 92.0956 918.589 -989.895 -1017.94
PRESSAVG: 4800 -618.042 1025.36 -39.918 1025.36 246.544 1008.65 -39.918 1008.65 -213.218
GPRESSAVG: 4800 -653.089 1016.38 -7.82298 1054.92 196.349 961.147 -52.4053 977.183 -139.262
ENERGY:    4800       199.6212       142.6650         0.0000         0.0000          -2947.3405       314.6624         0.0000         0.0000       566.4695          -1723.9224       271.8745     -2290.3919     -1719.6119       280.6863          -2495.2837      -450.5813      6746.9887      -194.9054      -198.6672

PRESSURE: 4900 2358.3 -401.443 388.868 -401.443 -1420.94 2205.04 388.868 2205.04 114.054
GPRESSURE: 4900 1872.52 -311.582 69.9733 204.227 -227.65 1504.59 -57.3283 1802.84 1715.86
PRESSAVG: 4900 260.652 -203.925 783.34 -203.925 -1222.05 321.014 783.34 321.014 794.208
GPRESSAVG: 4900 217.523 -238.488 821.071 -205.829 -1218.04 283.695 882.31 254.389 814.291
ENERGY:    4900       201.7354       121.9218         0.0000         0.0000          -3016.9797       361.6718         0.0000         0.0000       605.7300          -1725.9206       290.7174     -2331.6507     -1721.3574       276.9028            350.4717      1120.2436      6662.4698       -55.7294       -62.0741

PRESSURE: 5000 -7328.17 -303.453 2389.52 -303.453 93.0248 1009.28 2389.52 1009.28 -1594.53
GPRESSURE: 5000 -5222.62 110.989 1313.22 -927.458 -29.1244 722.201 217.741 168.9 -1165.88
PRESSAVG: 5000 -1180.69 239.786 729.562 239.786 386.393 -212.885 729.562 -212.885 1163.75
GPRESSAVG: 5000 -1164.21 284.206 578.751 208.501 366.21 -121.175 689.639 -126.787 1161.33
TIMING: 5000  CPU: 23.197, 0.004322/step  Wall: 23.197, 0.004322/step, 0.114173 hours remaining, 6.472656 MB of memory in use.
ETITLE:      TS           BOND          ANGLE          DIHED          IMPRP               ELECT            VDW       BOUNDARY           MISC        KINETIC               TOTAL           TEMP      POTENTIAL         TOTAL3        TEMPAVG            PRESSURE      GPRESSURE         VOLUME       PRESSAVG      GPRESSAVG

ENERGY:    5000       192.8981       131.1045         0.0000         0.0000          -2912.2967       276.8181         0.0000         0.0000       576.5360          -1734.9399       276.7059     -2311.4759     -1730.2981       280.5787          -2943.2239     -2139.2065      6777.5152       123.1535       121.1099

WRITING EXTENDED SYSTEM TO RESTART FILE AT STEP 5000
WRITING COORDINATES TO DCD FILE water_simulation.dcd AT STEP 5000
WRITING COORDINATES TO RESTART FILE AT STEP 5000
FINISHED WRITING RESTART COORDINATES
The last position output (seq=5000) takes 0.001 seconds, 6.473 MB of memory in use
WRITING VELOCITIES TO DCD FILE AT STEP 5000
WRITING VELOCITIES TO RESTART FILE AT STEP 5000
FINISHED WRITING RESTART VELOCITIES
PRESSURE: 5100 2340.18 -863.546 992.254 -863.546 -1212.83 1011.91 992.254 1011.91 258.316
GPRESSURE: 5100 1673.35 -1490.29 763.954 -1228.93 -178.256 759.166 653.686 1418.98 1671
PRESSAVG: 5100 -449.627 -474.809 495.659 -474.809 795.883 344.386 495.659 344.386 412.672
GPRESSAVG: 5100 -480.361 -428.387 618.234 -439.694 845.629 402.516 444.291 258.211 424.377
ENERGY:    5100       185.1510       142.4553         0.0000         0.0000          -2965.7260       343.3716         0.0000         0.0000       568.4410          -1726.3072       272.8207     -2294.7482     -1721.6453       280.9269            461.8874      1055.3667      6586.4210       252.9763       263.2148

PRESSURE: 5200 5049.5 1692.17 124.697 1692.17 2075.57 12.2274 124.697 12.2274 -133.515
GPRESSURE: 5200 2227.23 758.599 1027.26 1393.38 2840.51 -304.488 1460.14 -346.712 2697.42
PRESSAVG: 5200 524.116 -181.43 729.973 -181.43 434.774 129.086 729.973 129.086 -99.9455
GPRESSAVG: 5200 465.994 -297.016 738.978 -182.556 403.591 126.846 722.959 214.164 -96.1037
ENERGY:    5200       195.8263       131.5773         0.0000         0.0000          -3037.4296       385.2293         0.0000         0.0000       599.1043          -1725.6923       287.5375     -2324.7967     -1721.1088       277.0140           2330.5175      2588.3872      6516.1594       286.3150       257.8270

PRESSURE: 5300 -825.332 -122.972 2855.43 -122.972 2912.06 -331.684 2855.43 -331.684 313.981
GPRESSURE: 5300 115.605 -218.95 2044.81 -89.9403 1826.98 -1942.75 1509.01 -1516.71 704.423
PRESSAVG: 5300 -543.114 129.333 1615.54 129.333 445.312 -1067.64 1615.54 -1067.64 -298.503
GPRESSAVG: 5300 -476.505 143.426 1628.31 110.383 436.76 -1154.19 1587.26 -1145.92 -272.415
ENERGY:    5300       187.3718       134.1757         0.0000         0.0000          -2987.3976       354.3778         0.0000         0.0000       591.8212          -1719.6511       284.0419     -2311.4722     -1715.1885       282.4320            800.2351       882.3374      6798.0364      -132.1017      -104.0535

PRESSURE: 5400 -3179.84 1145.68 -559.466 1145.68 367.07 -1843.88 -559.466 -1843.88 998.315
GPRESSURE: 5400 -729.59 -447.665 119.977 420.483 -677.3 431.761 -146.691 125.784 -1179.66
PRESSAVG: 5400 -17.5614 1127.05 275.869 1127.05 792.63 -604.923 275.869 -604.923 -590.964
GPRESSAVG: 5400 0.626145 1209.31 264.729 1103.64 765.503 -617.535 368.791 -484.65 -638.97
ENERGY:    5400       192.4411       138.5637         0.0000         0.0000          -2930.4923       314.2905         0.0000         0.0000       554.3404          -1730.8566       266.0532     -2285.1970     -1726.8388       274.2288           -604.8178      -862.1822      6861.1537        61.3682        42.3863

PRESSURE: 5500 -234.734 710.451 -1713.76 710.451 -543.161 -2396.95 -1713.76 -2396.95 1362.83
GPRESSURE: 5500 1386.5 6.38057 -26.1795 -308.132 -1868.65 -1317.76 -28.2916 -1160.63 1449.56
PRESSAVG: 5500 -170.865 458.177 55.48 458.177 600.001 -119.233 55.48 -119.233 -98.5162
GPRESSAVG: 5500 -120.475 404.956 19.3279 489.816 609.861 -101.551 74.0044 -119.897 -136.751
ENERGY:    5500       186.2659       122.0215         0.0000         0.0000          -2942.8249       334.9935         0.0000         0.0000       560.2508          -1739.2932       268.8899     -2299.5440     -1734.0074       275.7648            194.9790       322.4669      6806.1559       110.2065       117.5452

WRITING EXTENDED SYSTEM TO RESTART FILE AT STEP 5500
WRITING COORDINATES TO DCD FILE water_simulation.dcd AT STEP 5500
WRITING COORDINATES TO RESTART FILE AT STEP 5500
FINISHED WRITING RESTART COORDINATES
WRITING VELOCITIES TO DCD FILE AT STEP 5500
WRITING VELOCITIES TO RESTART FILE AT STEP 5500
FINISHED WRITING RESTART VELOCITIES
PRESSURE: 5600 3277.39 716.684 70.2097 716.684 -1344.67 -548.41 70.2097 -548.41 273.084
GPRESSURE: 5600 3502.6 8.10531 340.28 551.939 -350.404 1052.93 -137.5 431.005 -349.149
PRESSAVG: 5600 852.446 238.959 807.433 238.959 -724.047 -964.574 807.433 -964.574 78.4078
GPRESSAVG: 5600 813.43 221.902 928.432 238.358 -694.204 -961.837 788.026 -1018.62 106.06
ENERGY:    5600       200.3326       146.2586         0.0000         0.0000          -3023.9171       368.2349         0.0000         0.0000       574.6821          -1734.4089       275.8161     -2309.0910     -1729.9771       272.0014            735.2666       934.3492      6778.4307        68.9356        75.0956

PRESSURE: 5700 118.047 -1001.48 1627.59 -1001.48 817.609 1360.64 1627.59 1360.64 -529.075
GPRESSURE: 5700 520.02 -566.181 325.99 -967.263 449.573 -746.973 469.157 -66.4022 -367.703
PRESSAVG: 5700 1124.73 -559.342 191.935 -559.342 -234.552 -428.506 191.935 -428.506 -592.729
GPRESSAVG: 5700 1079.44 -495.468 144.64 -615.456 -218.301 -473.838 214.089 -406.837 -591.86
ENERGY:    5700       203.0748       139.6647         0.0000         0.0000          -3002.1467       355.3699         0.0000         0.0000       560.7743          -1743.2630       269.1411     -2304.0373     -1738.5467       275.5832            135.5268       200.6299      6868.3522        99.1489        89.7581

PRESSURE: 5800 -1984.04 -1778.09 1611.19 -1778.09 1078.05 -2950.19 1611.19 -2950.19 -4467.93
GPRESSURE: 5800 -184.654 -1234.8 316.35 -1058.89 -1436.31 -1593.75 694.62 -1342.12 -911.378
PRESSAVG: 5800 -59.5612 -688.039 170.72 -688.039 -176.518 6.85709 170.72 6.85709 609.492
GPRESSAVG: 5800 -40.7448 -771.163 91.0546 -593.233 -251.816 35.5907 86.8559 -40.8089 683.733
ENERGY:    5800       204.5784       129.3881         0.0000         0.0000          -2936.8232       310.4891         0.0000         0.0000       542.8377          -1749.5298       260.5325     -2292.3675     -1746.2260       269.5506          -1791.3045      -844.1145      6772.5125       124.4709       130.3908

PRESSURE: 5900 -374.752 282.077 3126.39 282.077 -2525.27 -971.538 3126.39 -971.538 -2335.39
GPRESSURE: 5900 -1524.02 -1484.61 1228.47 -1622.22 -1324.63 90.033 1185.56 1325.72 -1919.7
PRESSAVG: 5900 -10.8795 -605.938 241.554 -605.938 307.699 26.7777 241.554 26.7777 -359.371
GPRESSAVG: 5900 15.5513 -564.998 241.417 -652.437 302.786 32.5278 271.124 7.33866 -365.159
ENERGY:    5900       193.3582       121.5732         0.0000         0.0000          -2922.1844       294.6120         0.0000         0.0000       557.3603          -1755.2807       267.5026     -2312.6410     -1750.4628       272.6933          -1745.1380     -1589.4472      6832.7146       -20.8505       -15.6073

PRESSURE: 6000 -2849.62 675.241 1234.31 675.241 -3958.45 -1667.27 1234.31 -1667.27 -1864.97
GPRESSURE: 6000 -1485.1 -629.697 472.534 49.8558 -2935.42 551.409 522.037 -627.254 -3819.02
PRESSAVG: 6000 -494.223 -508.064 -47.9766 -508.064 489.977 236.811 -47.9766 236.811 -10.6337
GPRESSAVG: 6000 -483.295 -633.833 -38.5262 -542.138 611.987 306.564 -93.4544 309.998 -120.093
TIMING: 6000  CPU: 27.919, 0.004722/step  Wall: 27.918, 0.004721/step, 0.123402 hours remaining, 6.472656 MB of memory in use.
ETITLE:      TS           BOND          ANGLE          DIHED          IMPRP               ELECT            VDW       BOUNDARY           MISC        KINETIC               TOTAL           TEMP      POTENTIAL         TOTAL3        TEMPAVG            PRESSURE      GPRESSURE         VOLUME       PRESSAVG      GPRESSAVG

ENERGY:    6000       201.8426       139.0059         0.0000         0.0000          -2899.2907       268.9315         0.0000         0.0000       543.0095          -1746.5013       260.6150     -2289.5108     -1743.0312       270.3189          -2891.0127     -2746.5116      6955.5042        -4.9601         2.8661

WRITING EXTENDED SYSTEM TO RESTART FILE AT STEP 6000
WRITING COORDINATES TO DCD FILE water_simulation.dcd AT STEP 6000
WRITING COORDINATES TO RESTART FILE AT STEP 6000
FINISHED WRITING RESTART COORDINATES
WRITING VELOCITIES TO DCD FILE AT STEP 6000
WRITING VELOCITIES TO RESTART FILE AT STEP 6000
FINISHED WRITING RESTART VELOCITIES
PRESSURE: 6100 -1937.69 -3147.67 -1468.15 -3147.67 2259.7 1480.76 -1468.15 1480.76 -2626.5
GPRESSURE: 6100 -2815.45 -1165.85 737.833 -817.665 323.049 260.592 -136.707 430.313 -370.467
PRESSAVG: 6100 -654.898 -485.154 730.776 -485.154 237.441 41.5224 730.776 41.5224 107.794
GPRESSAVG: 6100 -646.659 -306.694 707.32 -412.247 124.789 -71.6822 760.985 42.284 207.4
ENERGY:    6100       196.9352       123.0239         0.0000         0.0000          -2947.2786       311.5618         0.0000         0.0000       561.4563          -1754.3015       269.4684     -2315.7577     -1749.3942       274.3008           -768.1630      -954.2902      6815.0196      -103.2208      -104.8234

LDB: ============= START OF LOAD BALANCING ============== 28.569
LDB: ============== END OF LOAD BALANCING =============== 28.569
LDB: =============== DONE WITH MIGRATION ================ 28.569
LDB: ============= START OF LOAD BALANCING ============== 28.785
LDB: ============== END OF LOAD BALANCING =============== 28.785
LDB: =============== DONE WITH MIGRATION ================ 28.785
PRESSURE: 6200 -1182.66 -816.946 685.306 -816.946 -502.256 -234.257 685.306 -234.257 -2515.54
GPRESSURE: 6200 -2915.22 472.986 -507.884 1285.04 -952.958 190.811 -695.063 -683.643 -1399.49
PRESSAVG: 6200 -508.026 -68.97 -502.165 -68.97 345.941 -200.681 -502.165 -200.681 -90.1987
GPRESSAVG: 6200 -524.138 -116.992 -455.377 -111.554 404.061 -135.946 -441.598 -237.704 -128.227
ENERGY:    6200       194.0655       119.1125         0.0000         0.0000          -2901.4573       294.5182         0.0000         0.0000       541.9658          -1751.7952       260.1141     -2293.7611     -1747.2991       263.9355          -1400.1525     -1755.8897      6915.3041       -84.0948       -82.7679

PRESSURE: 6300 -470.964 -1001.83 3075.4 -1001.83 -3077.82 1030.08 3075.4 1030.08 501.529
GPRESSURE: 6300 -3319.42 -598.149 575.635 -1096.23 -1613.46 1569.28 -403.122 1485.48 72.0746
PRESSAVG: 6300 -1428.41 -293.735 -71.7997 -293.735 1184.54 1174.79 -71.7997 1174.79 890.302
GPRESSAVG: 6300 -1455.5 -318.207 -95.9824 -253.233 1151.74 1145.31 -203.083 1282.53 945.432
ENERGY:    6300       193.6849       129.9938         0.0000         0.0000          -2967.4465       306.9585         0.0000         0.0000       578.7110          -1758.0982       277.7498     -2336.8093     -1752.5310       269.8110          -1015.7515     -1620.2677      6870.1083       215.4788       213.8916

PRESSURE: 6400 -501.597 353.754 2358.69 353.754 -1147.29 -182.95 2358.69 -182.95 706.52
GPRESSURE: 6400 303.951 -217.851 1771.68 -664.135 -1963.58 42.5417 1520.6 -695.282 149.261
PRESSAVG: 6400 14.7382 -244.977 -321.792 -244.977 55.0158 143.315 -321.792 143.315 -180.05
GPRESSAVG: 6400 -7.99945 -226.07 -277.949 -255.648 126.153 194.422 -221.314 67.7224 -288.985
ENERGY:    6400       198.4951       141.5247         0.0000         0.0000          -2973.9041       320.2647         0.0000         0.0000       565.6618          -1747.9577       271.4869     -2313.6196     -1743.4765       275.6631           -314.1214      -503.4544      6739.5249       -36.7654       -56.9435

PRESSURE: 6500 1277.95 1498.22 -2370.12 1498.22 195.225 -827.084 -2370.12 -827.084 -2928.22
GPRESSURE: 6500 449.421 -346.739 594.316 949.608 -839.581 -1847.11 -295.253 -1334.47 519.78
PRESSAVG: 6500 248.515 204.232 729.863 204.232 -194.118 648.072 729.863 648.072 -55.5628
GPRESSAVG: 6500 275.332 188.151 639.652 191.683 -308.511 587.391 687.369 667.442 55.4305
ENERGY:    6500       199.6220       110.3960         0.0000         0.0000          -2959.6781       329.3319         0.0000         0.0000       573.1962          -1747.1320       275.1030     -2320.3282     -1742.9239       277.0537           -485.0146        43.2065      6705.2502        -0.3883         7.4174

WRITING EXTENDED SYSTEM TO RESTART FILE AT STEP 6500
WRITING COORDINATES TO DCD FILE water_simulation.dcd AT STEP 6500
WRITING COORDINATES TO RESTART FILE AT STEP 6500
FINISHED WRITING RESTART COORDINATES
WRITING VELOCITIES TO DCD FILE AT STEP 6500
WRITING VELOCITIES TO RESTART FILE AT STEP 6500
FINISHED WRITING RESTART VELOCITIES
PRESSURE: 6600 -1812.96 -1060.19 61.4098 -1060.19 -575.255 2960.34 61.4098 2960.34 322.09
GPRESSURE: 6600 -63.28 -94.9184 409.974 -222.892 1476.65 930.682 491.58 1408.5 448.773
PRESSAVG: 6600 -164.157 150.868 -150.365 150.868 -355.208 711.074 -150.365 711.074 584.89
GPRESSAVG: 6600 -176.952 90.3501 -157.571 131.599 -343.413 772.328 -65.1133 693.385 621.858
ENERGY:    6600       202.5281       125.5332         0.0000         0.0000          -2971.7373       341.5650         0.0000         0.0000       569.1289          -1732.9821       273.1509     -2302.1111     -1727.8804       275.6071           -688.7094       620.7158      6705.5589        21.8416        33.8308

PRESSURE: 6700 -2571.47 -672.541 2652.27 -672.541 -5092.24 663.977 2652.27 663.977 1421.49
GPRESSURE: 6700 -1555.75 389.321 -76.4622 251.91 -2669.5 -1112.66 156.473 -344.533 -281.431
PRESSAVG: 6700 -862.501 -5.37962 48.2621 -5.37962 -705.949 -119.66 48.2621 -119.66 1212.21
GPRESSAVG: 6700 -796.525 153.729 162.81 55.5191 -625.602 -130.695 -62.8684 -136.886 1055.34
ENERGY:    6700       198.1360       145.4790         0.0000         0.0000          -2945.8959       285.4535         0.0000         0.0000       578.8170          -1738.0105       277.8007     -2316.8275     -1732.8343       278.0393          -2080.7416     -1502.2254      6631.9737      -118.7475      -122.2628

PRESSURE: 6800 -705.093 1671.3 715.066 1671.3 5408.95 -184.47 715.066 -184.47 -3220.54
GPRESSURE: 6800 111.582 682.716 -29.0084 736.461 1928.57 -1147.02 337.378 -845.394 1300.93
PRESSAVG: 6800 -602.593 -214.399 66.5025 -214.399 -100.392 290.09 66.5025 290.09 390.659
GPRESSAVG: 6800 -638.006 -356.08 104.809 -222.847 -162.822 302.275 113.839 345.342 506.694
ENERGY:    6800       204.4927       123.6322         0.0000         0.0000          -2946.2112       333.5109         0.0000         0.0000       540.2820          -1744.2933       259.3059     -2284.5753     -1740.0822       274.0903            494.4388      1113.6921      6523.8158      -104.1088       -98.0447

PRESSURE: 6900 398.983 -954.114 -891.849 -954.114 -1795.05 2714.38 -891.849 2714.38 -177.153
GPRESSURE: 6900 -118.734 -620.642 -1259.63 1434.11 14.5058 394.503 -176.913 372.253 -702.551
PRESSAVG: 6900 120.374 -162.717 669.689 -162.717 113.638 -286.271 669.689 -286.271 146.466
GPRESSAVG: 6900 160.731 -215.476 654.482 -212.805 109.197 -324.396 731.323 -292.185 107.508
ENERGY:    6900       202.0060       123.9682         0.0000         0.0000          -2961.2839       313.0315         0.0000         0.0000       571.6232          -1750.6551       274.3480     -2322.2782     -1746.2957       272.0262           -524.4084      -268.9264      6560.6734       126.8260       125.8120

PRESSURE: 7000 1202.06 1978.59 397.124 1978.59 -516.551 947.776 397.124 947.776 1127.56
GPRESSURE: 7000 934.276 274.885 -50.4884 441.344 1199.66 1654.79 -262.279 332.496 1469.8
PRESSAVG: 7000 -810.772 8.67993 -21.3904 8.67993 235.481 -139.294 -21.3904 -139.294 248.773
GPRESSAVG: 7000 -848.979 142.958 -79.9455 -11.9076 292.756 -81.369 7.95143 -248.524 256.777
TIMING: 7000  CPU: 33.867, 0.005948/step  Wall: 33.867, 0.005949/step, 0.153848 hours remaining, 6.441406 MB of memory in use.
ETITLE:      TS           BOND          ANGLE          DIHED          IMPRP               ELECT            VDW       BOUNDARY           MISC        KINETIC               TOTAL           TEMP      POTENTIAL         TOTAL3        TEMPAVG            PRESSURE      GPRESSURE         VOLUME       PRESSAVG      GPRESSAVG

ENERGY:    7000       184.5475       127.6679         0.0000         0.0000          -2992.4652       349.6941         0.0000         0.0000       578.2993          -1752.2565       277.5522     -2330.5557     -1746.9355       275.7184            604.3547      1201.2444      6593.3341      -108.8394       -99.8150

WRITING EXTENDED SYSTEM TO RESTART FILE AT STEP 7000
WRITING COORDINATES TO DCD FILE water_simulation.dcd AT STEP 7000
WRITING COORDINATES TO RESTART FILE AT STEP 7000
FINISHED WRITING RESTART COORDINATES
WRITING VELOCITIES TO DCD FILE AT STEP 7000
WRITING VELOCITIES TO RESTART FILE AT STEP 7000
FINISHED WRITING RESTART VELOCITIES
PRESSURE: 7100 617.991 1197.52 -825.59 1197.52 -2812.4 1101.17 -825.59 1101.17 -2464.12
GPRESSURE: 7100 -1381.05 -1076.67 -46.2825 -491.767 -1542.25 386.938 517.51 440.144 -167.222
PRESSAVG: 7100 154.837 -450.813 -3.25713 -450.813 139.491 -151.994 -3.25713 -151.994 19.3998
GPRESSAVG: 7100 185.566 -516.653 62.5748 -307.965 126.175 -203.084 -128.728 -31.4817 20.7301
ENERGY:    7100       201.1829       136.9515         0.0000         0.0000          -2958.1033       310.4565         0.0000         0.0000       561.1426          -1748.3697       269.3179     -2309.5123     -1743.5726       274.5115          -1552.8419     -1030.1738      6761.3724       104.5760       110.8239

PRESSURE: 7200 -2230.62 -64.3106 -1950.64 -64.3106 -119.081 -1411.93 -1950.64 -1411.93 -656.525
GPRESSURE: 7200 -1477.07 -1076.67 -1024.28 484.79 -273.825 1550.21 -590.96 501.137 491.214
PRESSAVG: 7200 -61.8513 -613.999 243.403 -613.999 -1038.96 -182.561 243.403 -182.561 562.945
GPRESSAVG: 7200 -37.6653 -570.76 195.251 -691.535 -1008.73 -182.62 319.42 -288.6 511.7
ENERGY:    7200       206.1800       139.8059         0.0000         0.0000          -2977.5562       324.6890         0.0000         0.0000       555.4974          -1751.3839       266.6085     -2306.8813     -1747.6145       271.5383          -1002.0764      -419.8927      6738.8649      -179.2890      -178.2322

PRESSURE: 7300 307.047 -551.285 -824.44 -551.285 1569.53 -2175.4 -824.44 -2175.4 -1909.88
GPRESSURE: 7300 -434.432 -1253.11 -1145.36 -1012.38 465.335 -371.453 -361.271 -1013.46 1156.23
PRESSAVG: 7300 -1232.6 -746.24 -45.1975 -746.24 964.495 -199.573 -45.1975 -199.573 496.893
GPRESSAVG: 7300 -1286.27 -826.641 -76.3765 -796.555 910.333 -220.491 -19.6458 -113.965 601.404
ENERGY:    7300       201.5500       117.2694         0.0000         0.0000          -2962.6461       328.1824         0.0000         0.0000       574.2007          -1741.4435       275.5850     -2315.6442     -1737.1209       273.6704            -11.1009       395.7117      6593.3680        76.2625        75.1556

PRESSURE: 7400 -490.708 -6.74616 1008.58 -6.74616 981.352 684.786 1008.58 684.786 686.949
GPRESSURE: 7400 127.132 -590.107 1122.88 -1169.04 762.091 -392.745 639.11 108.757 226.359
PRESSAVG: 7400 -85.517 30.0898 65.165 30.0898 -338.689 -302.447 65.165 -302.447 182.43
GPRESSAVG: 7400 -48.4995 103.79 15.449 77.6211 -368.155 -296.585 -15.1219 -353.262 107.981
ENERGY:    7400       193.8744       121.2932         0.0000         0.0000          -2964.3085       320.8533         0.0000         0.0000       590.2366          -1738.0511       283.2814     -2328.2876     -1732.4244       283.8748            392.5310       371.8606      6492.0417       -80.5918      -102.8913

PRESSURE: 7500 -909.637 184.53 -2423.26 184.53 3409.33 -1112.6 -2423.26 -1112.6 -3295.73
GPRESSURE: 7500 1037.49 -285.1 -1323.73 1278.65 1489.19 784.648 568.684 -88.3119 -1485.26
PRESSAVG: 7500 -436.982 -710.059 -919.172 -710.059 444.426 252.447 -919.172 252.447 429.224
GPRESSAVG: 7500 -452.682 -766.277 -917.187 -782.597 418.439 220.634 -824.839 339.726 477.927
ENERGY:    7500       207.9258       126.8386         0.0000         0.0000          -2988.4801       332.8606         0.0000         0.0000       587.9940          -1732.8612       282.2051     -2320.8551     -1728.5727       279.3470           -265.3471       347.1374      6525.7860       145.5559       147.8946

WRITING EXTENDED SYSTEM TO RESTART FILE AT STEP 7500
WRITING COORDINATES TO DCD FILE water_simulation.dcd AT STEP 7500
WRITING COORDINATES TO RESTART FILE AT STEP 7500
FINISHED WRITING RESTART COORDINATES
WRITING VELOCITIES TO DCD FILE AT STEP 7500
WRITING VELOCITIES TO RESTART FILE AT STEP 7500
FINISHED WRITING RESTART VELOCITIES
PRESSURE: 7600 2535.82 -1201.85 143.123 -1201.85 -1931.9 -762.688 143.123 -762.688 -1462.25
GPRESSURE: 7600 985.41 233.897 -280.027 39.9476 -1095.03 -520.645 204.868 -1343.18 671.254
PRESSAVG: 7600 1215.24 -362.014 -169.235 -362.014 -232.974 -519.788 -169.235 -519.788 -184.907
GPRESSAVG: 7600 1141.24 -276.135 -78.715 -284.138 -172.242 -403.862 -289.018 -569.652 -208.734
ENERGY:    7600       201.9902       124.6199         0.0000         0.0000          -2953.4620       324.7481         0.0000         0.0000       564.0661          -1738.0378       270.7210     -2302.1038     -1732.5932       275.1860           -286.1098       187.2109      6569.1701       265.7847       253.4197

PRESSURE: 7700 1159.29 -294.34 2088.61 -294.34 -149.705 2815.37 2088.61 2815.37 833.717
GPRESSURE: 7700 -624.134 -1259 1596.6 -1590.05 281.83 721.014 23.4101 981.665 2177.85
PRESSAVG: 7700 -412.118 -139.944 -73.4085 -139.944 -1310.15 -394.386 -73.4085 -394.386 870.663
GPRESSAVG: 7700 -490.233 -202.32 -86.2772 -97.1899 -1303.4 -434.382 -4.0107 -521.302 898.026
ENERGY:    7700       200.8153       128.4978         0.0000         0.0000          -2972.2236       329.5113         0.0000         0.0000       587.9156          -1725.4837       282.1675     -2313.3993     -1720.8542       276.1183            614.4357       611.8497      6490.5276      -283.8668      -298.5356

PRESSURE: 7800 -3219.6 1600.62 1506.51 1600.62 -1001.59 956.301 1506.51 956.301 1184.09
GPRESSURE: 7800 -1700.65 -353.001 371.037 319.513 -1306.34 1406.91 -547.17 699.564 -1800.6
PRESSAVG: 7800 266.512 -538.606 110.787 -538.606 688.712 169.535 110.787 169.535 -456.806
GPRESSAVG: 7800 285.635 -480.075 76.5908 -632.486 743.977 157.717 36.2043 303.2 -553.135
ENERGY:    7800       199.1310       140.3051         0.0000         0.0000          -2912.8456       281.0837         0.0000         0.0000       578.6913          -1713.6345       277.7403     -2292.3259     -1708.8504       284.1745          -1012.3666     -1602.5275      6714.0359       166.1395       158.8258

PRESSURE: 7900 2321.38 -243.118 -3727.45 -243.118 3153.38 -969.922 -3727.45 -969.922 -732.469
GPRESSURE: 7900 1091.03 -1042.67 -451.245 520.374 -621.151 -843.001 -1147.82 -622.477 759.965
PRESSAVG: 7900 -141.781 -327.997 -60.2474 -327.997 -471.808 396.421 -60.2474 396.421 489.034
GPRESSAVG: 7900 -80.0497 -350.21 -6.2187 -273.909 -608.416 453.984 24.9677 336.005 512.96
ENERGY:    7900       194.9917       124.8937         0.0000         0.0000          -2974.1069       333.1111         0.0000         0.0000       605.8154          -1715.2949       290.7584     -2321.1104     -1710.6768       282.5237           1580.7624       409.9481      6681.4500       -41.5184       -58.5019

PRESSURE: 8000 3073.93 952.241 -262.847 952.241 1528.78 1602.54 -262.847 1602.54 1565.86
GPRESSURE: 8000 1113.48 1617.23 -1351.21 526.366 881.776 -112.998 -1268.63 27.011 1235.12
PRESSAVG: 8000 412.839 -18.743 -776.369 -18.743 737.491 61.3439 -776.369 61.3439 -612.744
GPRESSAVG: 8000 412.955 -12.3166 -831.075 -69.1781 714.714 15.106 -788.105 24.0175 -582.622
TIMING: 8000  CPU: 38.726, 0.004859/step  Wall: 38.726, 0.004859/step, 0.124309 hours remaining, 6.441406 MB of memory in use.
ETITLE:      TS           BOND          ANGLE          DIHED          IMPRP               ELECT            VDW       BOUNDARY           MISC        KINETIC               TOTAL           TEMP      POTENTIAL         TOTAL3        TEMPAVG            PRESSURE      GPRESSURE         VOLUME       PRESSAVG      GPRESSAVG

ENERGY:    8000       197.7531       112.2952         0.0000         0.0000          -2969.4443       344.2763         0.0000         0.0000       599.4958          -1715.6238       287.7253     -2315.1196     -1711.0130       284.0353           2056.1896      1076.7928      6617.6898       179.1953       181.6824

WRITING EXTENDED SYSTEM TO RESTART FILE AT STEP 8000
WRITING COORDINATES TO DCD FILE water_simulation.dcd AT STEP 8000
WRITING COORDINATES TO RESTART FILE AT STEP 8000
FINISHED WRITING RESTART COORDINATES
WRITING VELOCITIES TO DCD FILE AT STEP 8000
WRITING VELOCITIES TO RESTART FILE AT STEP 8000
FINISHED WRITING RESTART VELOCITIES
PRESSURE: 8100 1263.27 702.136 -749.087 702.136 -1246.94 -4504.02 -749.087 -4504.02 -1602.28
GPRESSURE: 8100 -434.307 410.055 -197.605 -7.75515 -1580.4 -2302.92 -992.423 -1461.57 -906.451
PRESSAVG: 8100 220.433 531.421 -1515.88 531.421 143.297 -30.4614 -1515.88 -30.4614 24.9313
GPRESSAVG: 8100 202.198 558.546 -1364.95 485.413 212.219 -69.8177 -1589.31 59.6435 7.78772
ENERGY:    8100       200.7718       134.3468         0.0000         0.0000          -2940.2167       308.6759         0.0000         0.0000       575.3913          -1721.0308       276.1565     -2296.4222     -1716.8202       283.8493           -528.6476      -973.7188      6757.8424       129.5538       140.7349

LDB: ============= START OF LOAD BALANCING ============== 39.483
LDB: ============== END OF LOAD BALANCING =============== 39.483
LDB: =============== DONE WITH MIGRATION ================ 39.483
LDB: ============= START OF LOAD BALANCING ============== 39.71
LDB: ============== END OF LOAD BALANCING =============== 39.71
LDB: =============== DONE WITH MIGRATION ================ 39.71
PRESSURE: 8200 14.4711 1183.98 -651.413 1183.98 -447.964 1064.45 -651.413 1064.45 1445.61
GPRESSURE: 8200 95.9189 -440.173 420.333 -125.22 193.908 -638.553 -280.757 473.424 -1295.33
PRESSAVG: 8200 72.9939 80.6534 -852.865 80.6534 -540.672 -395.357 -852.865 -395.357 434.697
GPRESSAVG: 8200 82.3757 3.33192 -964.698 192.561 -525.799 -432.821 -839.75 -359.408 387.488
ENERGY:    8200       205.9297       115.9485         0.0000         0.0000          -2951.9957       320.6096         0.0000         0.0000       593.0760          -1716.4319       284.6442     -2309.5079     -1711.7640       279.6789            337.3715      -335.1664      6725.5473       -10.9938       -18.6449

PRESSURE: 8300 2074.11 -855.563 -989.284 -855.563 4150.9 463.85 -989.284 463.85 -2653.41
GPRESSURE: 8300 578.063 842.147 112.968 738.578 601.191 -9.51681 -106.733 579.185 621.99
PRESSAVG: 8300 196.235 538.668 290.612 538.668 324.454 -120.087 290.612 -120.087 -406.171
GPRESSAVG: 8300 231.138 625.613 315.012 487.414 190.619 -174.741 343.051 -156.112 -329.67
ENERGY:    8300       208.9682       126.8844         0.0000         0.0000          -2975.7192       343.7967         0.0000         0.0000       580.5351          -1715.5348       278.6252     -2296.0699     -1711.8211       278.9425           1190.5348       600.4148      6718.9848        38.1724        30.6958

PRESSURE: 8400 1067.51 -2225.94 -690.329 -2225.94 2551.06 -1181.67 -690.329 -1181.67 1827.67
GPRESSURE: 8400 871.142 -554.196 -395.841 -1150.82 1654.67 361.074 -945.355 332.623 -12.9813
PRESSAVG: 8400 562.712 354.895 -193.512 354.895 12.3895 389.783 -193.512 389.783 -129.085
GPRESSAVG: 8400 533.057 361.829 -219.916 377.704 29.2234 458.613 -239.76 265.681 -139.6
ENERGY:    8400       196.8949       143.5361         0.0000         0.0000          -2986.5204       344.6578         0.0000         0.0000       591.8378          -1709.5939       284.0499     -2301.4316     -1704.3508       285.1952           1815.4123       837.6090      6647.3405       148.6722       140.8934

PRESSURE: 8500 -2131.9 2302.11 2248.74 2302.11 -1669.83 -412.874 2248.74 -412.874 2047.94
GPRESSURE: 8500 -1362.14 -73.5964 245.46 143.914 1165.12 1346.67 822.368 1212.98 -311.632
PRESSAVG: 8500 -101.372 -623.88 164.318 -623.88 156.348 -109.244 164.318 -109.244 -112.87
GPRESSAVG: 8500 -97.1952 -688.815 120.481 -677.361 234.776 -29.0514 131.298 25.9745 -156.614
ENERGY:    8500       207.2536       129.3761         0.0000         0.0000          -2930.2756       316.1154         0.0000         0.0000       565.5816          -1711.9490       271.4484     -2277.5306     -1708.3602       284.5635           -584.5935      -169.5511      6710.0274       -19.2981        -6.3442

WRITING EXTENDED SYSTEM TO RESTART FILE AT STEP 8500
WRITING COORDINATES TO DCD FILE water_simulation.dcd AT STEP 8500
WRITING COORDINATES TO RESTART FILE AT STEP 8500
FINISHED WRITING RESTART COORDINATES
WRITING VELOCITIES TO DCD FILE AT STEP 8500
WRITING VELOCITIES TO RESTART FILE AT STEP 8500
FINISHED WRITING RESTART VELOCITIES
PRESSURE: 8600 -17.7228 373.822 351.069 373.822 696.922 1520.07 351.069 1520.07 345.082
GPRESSURE: 8600 -246.859 -767.865 880.686 -690 1558.51 -92.2547 236.187 1179.23 1308.9
PRESSAVG: 8600 103.325 849.341 174.576 849.341 -531.653 774.124 174.576 774.124 320.574
GPRESSAVG: 8600 52.9966 894.18 234.53 906.036 -457.21 745.529 174.976 792.313 289.781
ENERGY:    8600       199.3408       125.8457         0.0000         0.0000          -2901.8309       326.4375         0.0000         0.0000       539.7662          -1710.4407       259.0584     -2250.2069     -1706.2440       278.3176            341.4271       873.5159      6663.2273       -35.9183       -38.1440

PRESSURE: 8700 2979.02 705.192 -607.572 705.192 -1381.06 1322.14 -607.572 1322.14 -1261.18
GPRESSURE: 8700 1646.61 -457.989 380.148 201.79 -1771.66 1808.82 380.993 -67.3103 -2054.03
PRESSAVG: 8700 363.235 -735.76 839.955 -735.76 -262.689 492.707 839.955 492.707 -246.721
GPRESSAVG: 8700 420.397 -738.113 805.063 -777.669 -317.62 407.677 949.936 400.375 -185.328
ENERGY:    8700       192.6522       119.2838         0.0000         0.0000          -2882.0073       293.2188         0.0000         0.0000       575.7339          -1701.1186       276.3209     -2276.8525     -1696.4014       276.0325            112.2613      -726.3590      6679.6539       -48.7252       -27.5168

PRESSURE: 8800 4882.76 -1494.14 2064.56 -1494.14 1887.57 -552.836 2064.56 -552.836 1738.8
GPRESSURE: 8800 3319.18 604.631 529.837 -81.3056 -25.053 -211.994 750.806 483.474 -143.229
PRESSAVG: 8800 1347.28 593.684 311.937 593.684 -247.228 927.049 311.937 927.049 -901.409
GPRESSAVG: 8800 1304.68 461.718 344.786 624.318 -139.238 1013.32 265.564 996.697 -954.057
ENERGY:    8800       186.8738       145.7189         0.0000         0.0000          -2977.5784       347.0340         0.0000         0.0000       597.0813          -1700.8705       286.5665     -2297.9518     -1695.4685       279.7130           2836.3772      1050.3010      6636.5803        66.2132        70.4622

PRESSURE: 8900 3931.54 323.712 623.37 323.712 3772.04 374.017 623.37 374.017 2830.19
GPRESSURE: 8900 1727.43 1086.47 401.681 1593.8 1848.55 480.453 -1693.99 -10.1986 979.349
PRESSAVG: 8900 1218.16 601.715 -398.334 601.715 -772.179 821.407 -398.334 821.407 -570.881
GPRESSAVG: 8900 1274.11 721.764 -473.957 554.122 -874.886 746.993 -488.736 737.557 -498.423
ENERGY:    8900       199.1603       106.2369         0.0000         0.0000          -2952.9799       345.3570         0.0000         0.0000       604.4054          -1697.8203       290.0817     -2302.2257     -1693.4630       277.7814           3511.2545      1518.4438      6563.9259       -41.6336       -33.0651

PRESSURE: 9000 6251.92 1921.49 -1471.19 1921.49 2065.37 -662.688 -1471.19 -662.688 1501.17
GPRESSURE: 9000 2195.36 414.186 382.53 1034.49 1982.01 -236.747 988.782 453.09 -140.047
PRESSAVG: 9000 676.548 -432.459 23.6132 -432.459 623.916 475.905 23.6132 475.905 -145.243
GPRESSAVG: 9000 668.523 -497.837 97.0519 -380.949 638.225 592.248 145.903 573.062 -143.753
TIMING: 9000  CPU: 43.636, 0.00491/step  Wall: 43.636, 0.00491/step, 0.12425 hours remaining, 6.441406 MB of memory in use.
ETITLE:      TS           BOND          ANGLE          DIHED          IMPRP               ELECT            VDW       BOUNDARY           MISC        KINETIC               TOTAL           TEMP      POTENTIAL         TOTAL3        TEMPAVG            PRESSURE      GPRESSURE         VOLUME       PRESSAVG      GPRESSAVG

ENERGY:    9000       200.0013       150.5608         0.0000         0.0000          -3001.6244       356.5341         0.0000         0.0000       581.3271          -1713.2011       279.0054     -2294.5282     -1708.5417       282.3563           3272.8190      1345.7741      6580.0139       385.0737       387.6650

WRITING EXTENDED SYSTEM TO RESTART FILE AT STEP 9000
WRITING COORDINATES TO DCD FILE water_simulation.dcd AT STEP 9000
WRITING COORDINATES TO RESTART FILE AT STEP 9000
FINISHED WRITING RESTART COORDINATES
WRITING VELOCITIES TO DCD FILE AT STEP 9000
WRITING VELOCITIES TO RESTART FILE AT STEP 9000
FINISHED WRITING RESTART VELOCITIES
PRESSURE: 9100 2891.56 -54.0055 832.52 -54.0055 5661.84 594.358 832.52 594.358 4483.96
GPRESSURE: 9100 3174.39 -456.443 730.926 206.051 1914.25 682.449 557.825 1550.65 2575.52
PRESSAVG: 9100 166.755 123.33 -404.672 123.33 619.63 972.411 -404.672 972.411 -622.275
GPRESSAVG: 9100 106.696 168.69 -454.972 133.344 616.901 840.136 -356.459 947.648 -588.523
ENERGY:    9100       204.3211       130.3488         0.0000         0.0000          -3008.7105       391.3014         0.0000         0.0000       577.2817          -1705.4574       277.0638     -2282.7391     -1700.6898       278.2325           4345.7863      2554.7211      6670.7349        54.7031        45.0246

PRESSURE: 9200 697.9 219.695 -162.623 219.695 3359.49 -760.097 -162.623 -760.097 4870.97
GPRESSURE: 9200 1207.68 355.101 -424.043 304.085 722.898 -536.506 -1033.53 -603.618 650.968
PRESSAVG: 9200 -547.858 891.534 34.8477 891.534 326.627 395.075 34.8477 395.075 -132.251
GPRESSAVG: 9200 -477.984 905.013 54.9404 868.79 294.13 432.089 -10.2648 325.725 -201.524
ENERGY:    9200       198.2406       105.7496         0.0000         0.0000          -2918.7501       339.1798         0.0000         0.0000       568.6018          -1706.9783       272.8979     -2275.5800     -1702.9388       278.1344           2976.1209       860.5145      6778.3579      -117.8271      -128.4593

PRESSURE: 9300 855.829 1989.84 -2675.01 1989.84 1007.9 -1442.81 -2675.01 -1442.81 1154.7
GPRESSURE: 9300 1082.52 1406.32 -327.43 1660.51 -775.965 70.6582 -729.987 -66.8487 -511.319
PRESSAVG: 9300 604.04 218.424 -75.9922 218.424 -387.94 -442.773 -75.9922 -442.773 -288.425
GPRESSAVG: 9300 614.149 197.971 -87.9144 164.866 -353.485 -328.959 -84.0497 -353.019 -334.056
ENERGY:    9300       200.1196       133.3961         0.0000         0.0000          -2918.2319       317.3908         0.0000         0.0000       553.8149          -1713.5105       265.8010     -2267.3254     -1708.6022       276.7389           1006.1400       -68.2539      6753.5903       -24.1083       -24.4638

PRESSURE: 9400 73.4523 807.278 318.746 807.278 4067.03 13.4368 318.746 13.4368 -1704.69
GPRESSURE: 9400 -863.682 423.399 990.217 1107.46 942.276 832.091 732.244 1667.48 -1429.27
PRESSAVG: 9400 250.727 736.524 220.748 736.524 -407.149 177.026 220.748 177.026 325.87
GPRESSAVG: 9400 254.227 758.921 255.911 751.389 -471.447 19.0425 325.657 162.985 372.876
ENERGY:    9400       194.9389       144.3385         0.0000         0.0000          -2954.3227       322.4948         0.0000         0.0000       582.8739          -1709.6767       279.7477     -2292.5505     -1705.0345       275.5800            811.9309      -450.2247      6847.1679        56.4824        51.8855

PRESSURE: 9500 3663.11 221.966 41.7124 221.966 816.256 -1825.66 41.7124 -1825.66 676.463
GPRESSURE: 9500 528.399 28.8059 -1510.45 -948.165 1105.95 -2102.08 234.48 -93.5328 -54.7134
PRESSAVG: 9500 345.013 335.044 -352.286 335.044 254.867 302.037 -352.286 302.037 -225.987
GPRESSAVG: 9500 329.345 294.508 -381.92 303.852 263.085 473.01 -361.844 273.132 -219.76
ENERGY:    9500       183.0055       109.9642         0.0000         0.0000          -2936.1285       340.3354         0.0000         0.0000       596.8460          -1705.9774       286.4535     -2302.8234     -1700.0012       279.7405           1718.6088       526.5454      6822.0960       124.6310       124.2234

WRITING EXTENDED SYSTEM TO RESTART FILE AT STEP 9500
WRITING COORDINATES TO DCD FILE water_simulation.dcd AT STEP 9500
WRITING COORDINATES TO RESTART FILE AT STEP 9500
FINISHED WRITING RESTART COORDINATES
WRITING VELOCITIES TO DCD FILE AT STEP 9500
WRITING VELOCITIES TO RESTART FILE AT STEP 9500
FINISHED WRITING RESTART VELOCITIES
PRESSURE: 9600 -1430.99 3467.12 705.993 3467.12 2994.57 629.382 705.993 629.382 1960.13
GPRESSURE: 9600 -2115.88 1194.02 796.107 950.516 817.196 -125.271 160.406 -354.48 -1604.58
PRESSAVG: 9600 166.554 -397.02 447.643 -397.02 88.0662 -493.75 447.643 -493.75 -700.344
GPRESSAVG: 9600 117.233 -348.953 439.598 -304.748 142.12 -603.736 367.023 -524.922 -680.405
ENERGY:    9600       198.7593       119.0957         0.0000         0.0000          -2924.3859       307.2063         0.0000         0.0000       601.9959          -1697.3286       288.9253     -2299.3245     -1692.8560       279.3283           1174.5711      -967.7565      6806.1739      -148.5746      -140.3508

PRESSURE: 9700 2412.77 2675.81 -1558.77 2675.81 1853.97 -1063.1 -1558.77 -1063.1 978.314
GPRESSURE: 9700 -464.739 411.812 297.702 339.139 -298.813 424.588 -335.865 484.546 1042.71
PRESSAVG: 9700 -1279.11 229.733 366.967 229.733 964.707 672.07 366.967 672.07 155.157
GPRESSAVG: 9700 -1249.08 182.414 442.967 140.61 919.495 647.207 324.337 723.905 142.623
ENERGY:    9700       190.5513       147.6802         0.0000         0.0000          -2975.3372       336.1667         0.0000         0.0000       608.0349          -1692.9041       291.8236     -2300.9390     -1687.9746       285.8723           1748.3519        93.0532      6763.9013       -53.0824       -62.3205

PRESSURE: 9800 1450.15 -2177.82 327.443 -2177.82 717.935 1201.94 327.443 1201.94 1198.93
GPRESSURE: 9800 976.131 -461.033 1012.67 -452.456 -631.637 1536.71 167.591 502.137 473.816
PRESSAVG: 9800 3.22234 155.202 -492.065 155.202 -545.578 392.662 -492.065 392.662 624.182
GPRESSAVG: 9800 -43.8686 181.21 -462.497 247.53 -554.19 400.212 -412.791 365.492 683.877
ENERGY:    9800       204.5624       129.9947         0.0000         0.0000          -2939.1148       330.4845         0.0000         0.0000       597.9960          -1676.0771       287.0055     -2274.0731     -1672.5293       280.1786           1122.3396       272.7698      6750.1548        27.2755        28.6059

PRESSURE: 9900 3982.81 1532.94 -1730.39 1532.94 -1068.13 383.823 -1730.39 383.823 5842.27
GPRESSURE: 9900 1813.92 788.554 -360.285 1327.73 1120.78 -23.3886 -683.153 827.129 608.549
PRESSAVG: 9900 -260.537 546.593 179.701 546.593 345.135 867.675 179.701 867.675 -653.007
GPRESSAVG: 9900 -238.569 495.011 156.644 513.914 383.857 936.763 93.066 882.306 -735.965
ENERGY:    9900       193.6844       144.9643         0.0000         0.0000          -2965.9121       347.2547         0.0000         0.0000       610.1571          -1669.8517       292.8422     -2280.0087     -1665.2728       286.5157           2918.9836      1181.0812      6649.1219      -189.4698      -196.8921

PRESSURE: 10000 -446.686 763.965 -1134.56 763.965 2359.29 2704.78 -1134.56 2704.78 -454.835
GPRESSURE: 10000 -2213.98 1157.79 299.112 325.831 -28.4334 163.08 499.824 -506.639 605
PRESSAVG: 10000 6.65 1161.45 87.2284 1161.45 -649.084 466.201 87.2284 466.201 743.001
GPRESSAVG: 10000 -3.8845 1153.75 121.627 1148.51 -585.149 418.848 115.997 431.835 694.691
TIMING: 10000  CPU: 48.456, 0.00482/step  Wall: 48.456, 0.00482/step, 0.120634 hours remaining, 6.441406 MB of memory in use.
ETITLE:      TS           BOND          ANGLE          DIHED          IMPRP               ELECT            VDW       BOUNDARY           MISC        KINETIC               TOTAL           TEMP      POTENTIAL         TOTAL3        TEMPAVG            PRESSURE      GPRESSURE         VOLUME       PRESSAVG      GPRESSAVG

ENERGY:   10000       188.5359       122.4098         0.0000         0.0000          -2913.7572       306.6357         0.0000         0.0000       612.0318          -1684.1440       293.7419     -2296.1758     -1678.9680       287.6587            485.9236      -545.8042      6732.0018        33.5222        35.2192

WRITING EXTENDED SYSTEM TO RESTART FILE AT STEP 10000
WRITING COORDINATES TO DCD FILE water_simulation.dcd AT STEP 10000
WRITING COORDINATES TO RESTART FILE AT STEP 10000
FINISHED WRITING RESTART COORDINATES
WRITING VELOCITIES TO DCD FILE AT STEP 10000
WRITING VELOCITIES TO RESTART FILE AT STEP 10000
FINISHED WRITING RESTART VELOCITIES
PRESSURE: 10100 -1875.92 -1198.24 2028.01 -1198.24 5111.59 -232.747 2028.01 -232.747 1532.38
GPRESSURE: 10100 978.48 -1797.7 65.2124 -940.169 632.132 485.178 662.457 807.728 -739.416
PRESSAVG: 10100 123.984 288.726 123.62 288.726 291.219 195.425 123.62 195.425 -388.807
GPRESSAVG: 10100 158.916 312.761 30.9687 312.193 201.402 112.544 131.864 213.796 -316.238
ENERGY:   10100       204.6301       130.0966         0.0000         0.0000          -2939.4275       331.9752         0.0000         0.0000       589.0149          -1683.7107       282.6951     -2272.7256     -1678.7793       285.1530           1589.3491       290.3984      6763.8270         8.7986        14.6934

LDB: ============= START OF LOAD BALANCING ============== 49.134
LDB: ============== END OF LOAD BALANCING =============== 49.134
LDB: =============== DONE WITH MIGRATION ================ 49.134
LDB: ============= START OF LOAD BALANCING ============== 49.353
LDB: ============== END OF LOAD BALANCING =============== 49.353
LDB: =============== DONE WITH MIGRATION ================ 49.353
PRESSURE: 10200 -753.625 647.092 711.685 647.092 3078.25 -2609.56 711.685 -2609.56 1772.23
GPRESSURE: 10200 1330.08 687.529 289.422 857.378 -725.472 -186.31 -509.849 399.172 870.029
PRESSAVG: 10200 418.264 -78.8103 55.3495 -78.8103 -586.592 26.3724 55.3495 26.3724 326.562
GPRESSAVG: 10200 461.339 -53.6224 31.2061 -72.7275 -615.683 169.514 83.8554 -17.4865 252.279
ENERGY:   10200       197.4245       142.7957         0.0000         0.0000          -2950.5548       340.7817         0.0000         0.0000       571.6980          -1697.8550       274.3839     -2269.5529     -1692.8301       287.8345           1365.6192       491.5467      6792.4329        52.7445        32.6449

PRESSURE: 10300 4288.07 444.533 -3062.08 444.533 1814.77 1474.27 -3062.08 1474.27 -276.619
GPRESSURE: 10300 2302.5 -601.704 231.472 -49.794 2084.75 -247.822 653.901 1389.31 1591.32
PRESSAVG: 10300 112.669 323.855 82.6801 323.855 332.548 907.49 82.6801 907.49 51.2861
GPRESSAVG: 10300 37.4239 321.237 200.271 283.749 366.247 843.415 157.275 999.344 118.389
ENERGY:   10300       210.3686       124.0875         0.0000         0.0000          -3016.1623       380.8289         0.0000         0.0000       594.8991          -1705.9782       285.5192     -2300.8773     -1701.5875       283.0051           1942.0748      1992.8587      6698.9625       165.5010       174.0201

PRESSURE: 10400 -138.583 2857.12 827.221 2857.12 -2238.28 748.284 827.221 748.284 1018.19
GPRESSURE: 10400 324.415 904.719 952.756 1205.33 -1352.43 634.534 263.08 455.901 1012.28
PRESSAVG: 10400 605.478 -30.0261 -483.185 -30.0261 -488.248 332.933 -483.185 332.933 -469.253
GPRESSAVG: 10400 623.858 47.1142 -471.309 -104.051 -448.646 360.675 -598.341 266.803 -460.683
ENERGY:   10400       206.6781       146.7055         0.0000         0.0000          -3000.0438       338.2956         0.0000         0.0000       604.0576          -1704.3069       289.9147     -2308.3645     -1700.1644       285.0576           -452.8918        -5.2451      6757.8707      -117.3407       -95.1572

PRESSURE: 10500 3702.42 -367.782 2759.86 -367.782 1069.8 191.069 2759.86 191.069 118.8
GPRESSURE: 10500 2710.53 230.577 1198.46 -98.5148 2743.33 -349.55 2040.79 -1202.66 247.014
PRESSAVG: 10500 -106.162 476.687 -5.30157 476.687 -1241.62 -364.005 -5.30157 -364.005 673.236
GPRESSAVG: 10500 -75.2807 334.492 -75.756 584.701 -1256.06 -394.261 -39.305 -343.351 635.14
ENERGY:   10500       205.8927       135.2293         0.0000         0.0000          -3030.7504       375.6102         0.0000         0.0000       607.3078          -1706.7104       291.4747     -2314.0182     -1701.4892       285.0559           1630.3409      1900.2925      6634.9628      -224.8474      -232.0656

WRITING EXTENDED SYSTEM TO RESTART FILE AT STEP 10500
WRITING COORDINATES TO DCD FILE water_simulation.dcd AT STEP 10500
WRITING COORDINATES TO RESTART FILE AT STEP 10500
FINISHED WRITING RESTART COORDINATES
WRITING VELOCITIES TO DCD FILE AT STEP 10500
WRITING VELOCITIES TO RESTART FILE AT STEP 10500
FINISHED WRITING RESTART VELOCITIES
PRESSURE: 10600 2648.03 1580.61 1494.17 1580.61 1930.19 125.534 1494.17 125.534 660.682
GPRESSURE: 10600 386.043 1037.17 1508.11 1568.4 1655.08 759.316 -161.355 -341.772 715.185
PRESSAVG: 10600 -665.055 435.749 987.521 435.749 340.414 -43.474 987.521 -43.474 399.535
GPRESSAVG: 10600 -704.871 499.013 942.481 421.338 362.145 -57.1423 1058.84 7.38674 449.333
ENERGY:   10600       205.8082       117.2868         0.0000         0.0000          -2958.4719       348.3174         0.0000         0.0000       587.5812          -1699.4783       282.0070     -2287.0595     -1694.9916       285.2345           1746.3024       918.7699      6723.2098        24.9645        35.5354

PRESSURE: 10700 -679.403 3401.1 -711.3 3401.1 1178.71 -488.739 -711.3 -488.739 -2273.82
GPRESSURE: 10700 -266.191 1496.57 -2373.35 681.881 -604.501 -1087.2 -1348.87 330.542 -1802
PRESSAVG: 10700 -192.436 -15.7253 125 -15.7253 882.362 -74.1135 125 -74.1135 -878.97
GPRESSAVG: 10700 -164.893 62.2836 233.864 -34.8652 864.638 -51.5268 85.6887 -113.731 -911.651
ENERGY:   10700       201.4404       134.6370         0.0000         0.0000          -2948.9915       321.3060         0.0000         0.0000       588.1631          -1703.4451       282.2862     -2291.6082     -1699.2648       282.2711           -591.5063      -890.8960      6898.6114       -63.0150       -70.6352

PRESSURE: 10800 1111.23 299.848 -2630.65 299.848 -608.39 2138.2 -2630.65 2138.2 166.024
GPRESSURE: 10800 -352.284 -225.001 -1340.11 360.028 68.5775 862.482 -1951.66 1518.41 -555.501
PRESSAVG: 10800 275.349 -38.3652 -611.535 -38.3652 -645.06 201.639 -611.535 201.639 -99.7407
GPRESSAVG: 10800 269.304 -164.14 -662.499 -108.488 -685.945 159.561 -594.059 111.818 -62.9233
ENERGY:   10800       202.6268       120.2034         0.0000         0.0000          -2931.0154       330.8405         0.0000         0.0000       572.6360          -1704.7087       274.8341     -2277.3447     -1699.6122       285.3537            222.9533      -279.7359      6933.3258      -156.4841      -159.8548

PRESSURE: 10900 244.914 -1261.31 1580.15 -1261.31 -3347.24 -394.239 1580.15 -394.239 -817.517
GPRESSURE: 10900 -1344.07 76.9409 337.443 1244.75 -2134.48 946.806 600.254 -37.2381 -1201.77
PRESSAVG: 10900 680.857 176.379 159.44 176.379 -214.994 -290.228 159.44 -290.228 -155.968
GPRESSAVG: 10900 730.851 252.158 181.181 295.295 -160.733 -173.908 139.607 -201.471 -236.952
ENERGY:   10900       205.8932       118.2426         0.0000         0.0000          -2905.8914       292.8540         0.0000         0.0000       579.8381          -1709.0634       278.2907     -2288.9015     -1703.9478       283.6510          -1306.6148     -1560.1029      6881.0949       103.2984       111.0554

PRESSURE: 11000 -159.222 -1959.56 -210.366 -1959.56 1513.89 47.6794 -210.366 47.6794 -5735.27
GPRESSURE: 11000 -1923.96 -505.027 148.188 -1157.33 -1482.09 -29.3648 291.937 -754.973 -2533.24
PRESSAVG: 11000 -432.31 237.714 253.188 237.714 637.435 202.425 253.188 202.425 8.40972
GPRESSAVG: 11000 -492.006 277.195 246.92 131.369 582.037 141.923 281.795 192.68 104.593
TIMING: 11000  CPU: 52.965, 0.004509/step  Wall: 52.964, 0.004508/step, 0.111573 hours remaining, 6.441406 MB of memory in use.
ETITLE:      TS           BOND          ANGLE          DIHED          IMPRP               ELECT            VDW       BOUNDARY           MISC        KINETIC               TOTAL           TEMP      POTENTIAL         TOTAL3        TEMPAVG            PRESSURE      GPRESSURE         VOLUME       PRESSAVG      GPRESSAVG

ENERGY:   11000       203.4191       137.4173         0.0000         0.0000          -2914.6328       297.6756         0.0000         0.0000       576.4423          -1699.6785       276.6609     -2276.1208     -1694.4675       279.2813          -1460.2022     -1979.7648      7000.9550        71.1785        64.8746

WRITING EXTENDED SYSTEM TO RESTART FILE AT STEP 11000
WRITING COORDINATES TO DCD FILE water_simulation.dcd AT STEP 11000
WRITING COORDINATES TO RESTART FILE AT STEP 11000
FINISHED WRITING RESTART COORDINATES
WRITING VELOCITIES TO DCD FILE AT STEP 11000
WRITING VELOCITIES TO RESTART FILE AT STEP 11000
FINISHED WRITING RESTART VELOCITIES
PRESSURE: 11100 -632.564 -346.795 -775.268 -346.795 2266.83 -280.731 -775.268 -280.731 3623.82
GPRESSURE: 11100 923.239 355.734 -728.231 1366.44 1564.58 -263.198 -516.014 48.0862 -433.598
PRESSAVG: 11100 -196.876 -349.745 -84.0268 -349.745 -185.181 -54.719 -84.0268 -54.719 99.2106
GPRESSAVG: 11100 -186.114 -347.744 -128.106 -302.433 -196.874 13.7547 -113.896 -67.3532 42.345
ENERGY:   11100       215.6805       126.6987         0.0000         0.0000          -2974.1999       352.0778         0.0000         0.0000       584.3971          -1695.3458       280.4788     -2279.7429     -1691.7356       278.0598           1752.6963       684.7414      6865.4016       -94.2821      -113.5476

PRESSURE: 11200 1870.18 -689.907 -3314.64 -689.907 2063.37 1454.81 -3314.64 1454.81 4371.36
GPRESSURE: 11200 834.703 -881.838 -1767.27 -510.951 1222.85 -918.871 -905.77 -508.915 3196.63
PRESSAVG: 11200 -686.127 696.222 65.7988 696.222 506.907 -369.088 65.7988 -369.088 92.7557
GPRESSAVG: 11200 -674.109 673.857 105.369 735.943 586.822 -442.67 102.87 -337.704 8.35611
ENERGY:   11200       207.7995       136.4944         0.0000         0.0000          -2995.1265       377.8410         0.0000         0.0000       580.2556          -1692.7360       278.4911     -2272.9916     -1688.3546       280.1048           2768.3023      1751.3938      6781.4242       -28.8215       -26.3104

PRESSURE: 11300 1595.07 -2817.99 1334.02 -2817.99 3848.9 2060.27 1334.02 2060.27 2566.88
GPRESSURE: 11300 363.626 -186.547 -1025 -1241.28 1899.55 102.71 -120.848 -73.0623 443.761
PRESSAVG: 11300 -421.22 207.643 -176.919 207.643 391.113 191.589 -176.919 191.589 -246.373
GPRESSAVG: 11300 -484.34 239.075 -181.101 237.379 339.317 90.9997 -182.402 229.161 -114.615
ENERGY:   11300       188.9719       118.9866         0.0000         0.0000          -2948.1946       347.9271         0.0000         0.0000       596.0162          -1696.2928       286.0553     -2292.3090     -1690.0509       282.4344           2670.2843       902.3116      6771.5396       -92.1602       -86.5457

PRESSURE: 11400 -151.277 1050.34 -2336.65 1050.34 6391.6 -1849.23 -2336.65 -1849.23 1172.29
GPRESSURE: 11400 -297.413 955.527 -35.5343 1061.47 3506.74 -312.233 35.1741 328.669 32.9248
PRESSAVG: 11400 -893.545 210.481 -784.814 210.481 531.247 27.2444 -784.814 27.2444 452.368
GPRESSAVG: 11400 -933.757 187.509 -870.37 219.843 596.946 196.474 -845.53 -49.6512 455.109
ENERGY:   11400       205.4868       147.3132         0.0000         0.0000          -3000.6579       352.5673         0.0000         0.0000       616.9347          -1678.3559       296.0951     -2295.2906     -1673.8379       287.1815           2470.8716      1080.7522      6680.1969        30.0232        39.4328

PRESSURE: 11500 -2345.2 3804.57 -2540.68 3804.57 2227.53 -345.959 -2540.68 -345.959 1391.19
GPRESSURE: 11500 -857.45 931.198 608.026 346.151 -96.2039 88.2109 173.656 888.186 -1243.04
PRESSAVG: 11500 -403.037 835.916 435.007 835.916 699.77 -531.547 435.007 -531.547 -178.1
GPRESSAVG: 11500 -302.759 818.683 587.18 792.065 614.999 -579.908 604.645 -499.323 -181.118
ENERGY:   11500       200.6579       132.9625         0.0000         0.0000          -2922.6026       310.8638         0.0000         0.0000       602.2255          -1675.8929       289.0354     -2278.1184     -1670.4522       288.2459            424.5098      -732.2321      6824.0097        39.5442        43.7076

WRITING EXTENDED SYSTEM TO RESTART FILE AT STEP 11500
WRITING COORDINATES TO DCD FILE water_simulation.dcd AT STEP 11500
WRITING COORDINATES TO RESTART FILE AT STEP 11500
FINISHED WRITING RESTART COORDINATES
WRITING VELOCITIES TO DCD FILE AT STEP 11500
WRITING VELOCITIES TO RESTART FILE AT STEP 11500
FINISHED WRITING RESTART VELOCITIES
PRESSURE: 11600 -185.673 297.328 -115.471 297.328 -452.083 2523.7 -115.471 2523.7 105.615
GPRESSURE: 11600 -2193.62 130.765 -327.769 -606.239 315.571 1878.48 -218.783 1462.2 -2721.8
PRESSAVG: 11600 220.683 84.8049 179.932 84.8049 167.027 1325.03 179.932 1325.03 275.058
GPRESSAVG: 11600 223.34 62.2921 92.4988 36.0563 199.664 1304.58 44.7434 1283.16 252.15
ENERGY:   11600       209.0459       121.0874         0.0000         0.0000          -2887.0151       295.6298         0.0000         0.0000       577.3981          -1683.8539       277.1196     -2261.2520     -1679.0773       281.6804           -177.3800     -1533.2849      6944.0897       220.9227       225.0513

PRESSURE: 11700 -2667 706.357 -1492.9 706.357 5571.29 1209.64 -1492.9 1209.64 -424.053
GPRESSURE: 11700 -987.797 -33.4215 197.188 1160.45 1348.47 467.45 57.9333 232.3 -2248.84
PRESSAVG: 11700 -345.377 458.295 -200.607 458.295 315.363 730.741 -200.607 730.741 -492.28
GPRESSAVG: 11700 -446.267 419.118 -150.753 554.499 324.009 709.415 -144.934 771.238 -439.576
ENERGY:   11700       202.1937       130.2791         0.0000         0.0000          -2936.9531       321.8940         0.0000         0.0000       603.2905          -1679.2958       289.5466     -2282.5863     -1674.5600       280.2429            826.7465      -629.3899      6911.1101      -174.0984      -187.2780

PRESSURE: 11800 74.6987 804.431 -1237.42 804.431 3143.9 -3563.23 -1237.42 -3563.23 2145.45
GPRESSURE: 11800 1577.51 141.321 -162.296 170.631 -75.2243 -1912.58 492.482 -729.926 -382.515
PRESSAVG: 11800 -393.098 141.139 800.565 141.139 -67.1953 161.018 800.565 161.018 -402.187
GPRESSAVG: 11800 -203.142 128.889 734.341 130.128 -164.44 235.849 719.401 116.787 -455.465
ENERGY:   11800       196.5943       130.2326         0.0000         0.0000          -2943.3539       340.7271         0.0000         0.0000       591.1661          -1684.6339       283.7275     -2275.8000     -1679.3493       285.5442           1788.0161       373.2553      6866.6389      -287.4933      -274.3492

PRESSURE: 11900 6377.68 2117.5 -1270.02 2117.5 1229.47 -34.1894 -1270.02 -34.1894 -895.405
GPRESSURE: 11900 1123.47 387.385 502.254 -199.919 2114.88 285.131 789.156 -400.333 -33.6545
PRESSAVG: 11900 365.807 235.321 -296.237 235.321 113.151 -325.376 -296.237 -325.376 -473.363
GPRESSAVG: 11900 309.859 254.213 -214.101 141.948 209.083 -348.446 -183.438 -323.171 -483.523
ENERGY:   11900       203.3560       138.0186         0.0000         0.0000          -2992.0765       365.9417         0.0000         0.0000       598.1367          -1686.6236       287.0730     -2284.7602     -1681.6098       288.3423           2237.2486      1068.2334      6845.7273         1.8651        11.8063

PRESSURE: 12000 5506.01 -327.7 1720.64 -327.7 687.463 -355.537 1720.64 -355.537 2079.1
GPRESSURE: 12000 1332.29 599.584 905.633 245.033 241.355 -1022.49 1761.37 -98.7445 -139.718
PRESSAVG: 12000 244.503 -578.802 823.748 -578.802 -149.449 167.996 823.748 167.996 113.777
GPRESSAVG: 12000 136.969 -590.885 821.828 -552.071 -171.012 137.328 764.098 231.144 227.888
TIMING: 12000  CPU: 57.942, 0.004977/step  Wall: 57.942, 0.004978/step, 0.121823 hours remaining, 6.441406 MB of memory in use.
ETITLE:      TS           BOND          ANGLE          DIHED          IMPRP               ELECT            VDW       BOUNDARY           MISC        KINETIC               TOTAL           TEMP      POTENTIAL         TOTAL3        TEMPAVG            PRESSURE      GPRESSURE         VOLUME       PRESSAVG      GPRESSAVG

ENERGY:   12000       189.3757       125.2989         0.0000         0.0000          -2948.6988       346.4103         0.0000         0.0000       598.7583          -1688.8556       287.3714     -2287.6140     -1683.1729       286.0222           2757.5257       477.9764      6901.0595        69.6101        64.6152

WRITING EXTENDED SYSTEM TO RESTART FILE AT STEP 12000
WRITING COORDINATES TO DCD FILE water_simulation.dcd AT STEP 12000
WRITING COORDINATES TO RESTART FILE AT STEP 12000
FINISHED WRITING RESTART COORDINATES
WRITING VELOCITIES TO DCD FILE AT STEP 12000
WRITING VELOCITIES TO RESTART FILE AT STEP 12000
FINISHED WRITING RESTART VELOCITIES
PRESSURE: 12100 -353.023 -655.655 1731.55 -655.655 3017.95 2819.43 1731.55 2819.43 5875.29
GPRESSURE: 12100 -1466.99 205.63 1239.78 -25.5418 999.301 -1277.46 1053.15 -617.744 -209.987
PRESSAVG: 12100 1143.93 56.1144 500.294 56.1144 -320.916 -821.022 500.294 -821.022 -698.396
GPRESSAVG: 12100 1172.38 110.2 489.449 108.707 -291.432 -881.291 442.632 -888.964 -740.808
ENERGY:   12100       199.6316       126.7608         0.0000         0.0000          -2929.1567       332.6601         0.0000         0.0000       580.6848          -1689.4195       278.6971     -2270.1043     -1684.2066       283.3594           2846.7393      -225.8914      6962.4136        41.5405        46.7135

LDB: ============= START OF LOAD BALANCING ============== 58.625
LDB: ============== END OF LOAD BALANCING =============== 58.625
LDB: =============== DONE WITH MIGRATION ================ 58.625
LDB: ============= START OF LOAD BALANCING ============== 58.863
LDB: ============== END OF LOAD BALANCING =============== 58.863
LDB: =============== DONE WITH MIGRATION ================ 58.863
PRESSURE: 12200 3203.3 -5163.1 -1124.11 -5163.1 705.404 2042.57 -1124.11 2042.57 3151.66
GPRESSURE: 12200 784.465 -2164.19 -960.995 -2009.83 -369.81 238.223 -1393.77 -675.391 1391.4
PRESSAVG: 12200 -749.114 -445.4 -383.822 -445.4 367.105 433.973 -383.822 433.973 405.633
GPRESSAVG: 12200 -631.757 -451.268 -334.146 -524.232 387.392 432.82 -387.243 449.173 283.665
ENERGY:   12200       199.6945       140.3896         0.0000         0.0000          -2965.2351       350.3083         0.0000         0.0000       578.6969          -1696.1458       277.7430     -2274.8427     -1691.7781       278.2238           2353.4571       602.0186      6862.4158         7.8746        13.0997

PRESSURE: 12300 3674.35 -1631.74 147.835 -1631.74 770.991 -699.184 147.835 -699.184 -1299.88
GPRESSURE: 12300 -474.345 -22.5442 -364.726 -284.155 -1395.31 -360.792 -806.716 101.242 -682.351
PRESSAVG: 12300 12.3945 -394.459 -18.3389 -394.459 -423.911 -140.316 -18.3389 -140.316 -423.225
GPRESSAVG: 12300 -139.382 -354.615 -80.2592 -345.615 -405.361 -135.636 -16.82 -168.643 -302.55
ENERGY:   12300       201.2844       127.2365         0.0000         0.0000          -2947.6663       317.0304         0.0000         0.0000       599.1329          -1702.9821       287.5512     -2302.1150     -1698.1019       285.7236           1048.4879      -850.6696      6896.2486      -278.2471      -282.4309

PRESSURE: 12400 -3180.35 1664.31 1814.91 1664.31 1513.44 -985.097 1814.91 -985.097 2308.5
GPRESSURE: 12400 -1755.59 1478.15 130.074 565.375 -675.029 730.697 942.76 -75.7322 -2168.53
PRESSAVG: 12400 -463.201 -273.281 -619.663 -273.281 739.186 199.66 -619.663 199.66 -371.485
GPRESSAVG: 12400 -395.807 -302.277 -565.164 -341.455 686.114 333.581 -596.701 237.296 -415.845
ENERGY:   12400       198.3095       145.5673         0.0000         0.0000          -2944.1466       296.1209         0.0000         0.0000       595.7584          -1708.3906       285.9316     -2304.1490     -1703.2247       285.3037            213.8648     -1533.0484      6774.2507       -31.8332       -41.8460

PRESSURE: 12500 -2396.52 -1295.6 -1358.35 -1295.6 953.243 2057.09 -1358.35 2057.09 1824.38
GPRESSURE: 12500 -890.719 -981.413 -254.672 -1029.83 -407.401 269.887 -851.084 1103.83 -930.084
PRESSAVG: 12500 -152.856 2.81482 -22.0064 2.81482 -0.850753 281.846 -22.0064 281.846 -62.4241
GPRESSAVG: 12500 -153.319 1.4852 -127.819 -11.254 11.3968 172.773 -56.7558 270.684 -68.9228
ENERGY:   12500       207.6688       146.2523         0.0000         0.0000          -2929.4163       307.2593         0.0000         0.0000       558.1330          -1710.1028       267.8735     -2268.2359     -1705.7494       282.6536            127.0319      -742.7343      6773.8628       -72.0436       -70.2818

WRITING EXTENDED SYSTEM TO RESTART FILE AT STEP 12500
WRITING COORDINATES TO DCD FILE water_simulation.dcd AT STEP 12500
WRITING COORDINATES TO RESTART FILE AT STEP 12500
FINISHED WRITING RESTART COORDINATES
WRITING VELOCITIES TO DCD FILE AT STEP 12500
WRITING VELOCITIES TO RESTART FILE AT STEP 12500
FINISHED WRITING RESTART VELOCITIES
PRESSURE: 12600 2598.1 1203.58 -219.969 1203.58 3547.16 -205.373 -219.969 -205.373 3664.81
GPRESSURE: 12600 1169.07 537.866 646.933 -576.038 2176.23 -1152.41 817.181 -808.469 279.073
PRESSAVG: 12600 -441.471 0.537744 -973.637 0.537744 1145.05 -69.1851 -973.637 -69.1851 -73.9034
GPRESSAVG: 12600 -412.99 17.1655 -964.621 133.056 1138.7 -83.1882 -965.549 14.7956 -100.589
ENERGY:   12600       195.4941       126.8762         0.0000         0.0000          -2995.2395       354.4508         0.0000         0.0000       604.8892          -1713.5292       290.3138     -2318.4183     -1708.1832       279.1258           3270.0241      1208.1227      6640.5128       209.8909       208.3740

PRESSURE: 12700 1379.02 566.754 -236.911 566.754 4856.52 -73.5564 -236.911 -73.5564 -3639.94
GPRESSURE: 12700 -642.465 388.612 -776.192 2147.06 1032.52 -1469.47 -1221.59 -398.907 -947.855
PRESSAVG: 12700 -511.032 792.613 -262.033 792.613 1066.54 -743.945 -262.033 -743.945 -456.579
GPRESSAVG: 12700 -543.214 766.057 -241.598 769.906 1139.02 -654.731 -213.768 -861.152 -494.951
ENERGY:   12700       214.3570       124.0970         0.0000         0.0000          -2930.1253       321.6449         0.0000         0.0000       561.6738          -1708.3525       269.5728     -2270.0263     -1704.3399       281.9014            865.2018      -185.9340      6798.8249        32.9753        33.6200

PRESSURE: 12800 -147.189 352.516 447.076 352.516 5490.49 317.748 447.076 317.748 1267.18
GPRESSURE: 12800 118.453 -423.789 -1502.56 -601.516 557.966 1504.17 -722.578 -48.7161 19.2162
PRESSAVG: 12800 -593.824 432.015 -403.638 432.015 -58.9448 -2.2222 -403.638 -2.2222 -226.561
GPRESSAVG: 12800 -609.683 432.746 -460.103 343.607 -162.03 -120.673 -456.981 29.1425 -130.286
ENERGY:   12800       192.7713       129.6521         0.0000         0.0000          -2946.1977       332.6412         0.0000         0.0000       587.8513          -1703.2818       282.1366     -2291.1330     -1697.7903       282.8539           2203.4941       231.8786      6775.8475      -293.1098      -300.6663

PRESSURE: 12900 -2049.33 1289.11 -2411.78 1289.11 1589.18 -782.871 -2411.78 -782.871 4973.28
GPRESSURE: 12900 627.914 248.898 -992.029 -458.84 -394.054 -562.022 -1006.53 549.429 432.446
PRESSAVG: 12900 481.745 -580.99 -95.0856 -580.99 171.459 403.142 -95.0856 403.142 -22.8283
GPRESSAVG: 12900 495.564 -578.924 -42.8222 -476.168 156.256 446.128 -90.257 374.47 -27.947
ENERGY:   12900       201.5029       143.9729         0.0000         0.0000          -2982.3468       348.6247         0.0000         0.0000       590.8466          -1697.3996       283.5742     -2288.2462     -1692.2976       281.6997           1504.3770       222.1020      6866.0034       210.1253       207.9577

PRESSURE: 13000 1496.58 2373.28 -854.815 2373.28 3093.05 -489.853 -854.815 -489.853 3636.8
GPRESSURE: 13000 227.535 653.336 -525.024 526.755 1843.76 -469.942 -1032.06 -251.322 1252.83
PRESSAVG: 13000 -911.286 269.046 73.7802 269.046 1520.13 254.942 73.7802 254.942 -674.478
GPRESSAVG: 13000 -832.011 274.639 77.8662 142.374 1540.13 215.926 121.793 348.649 -805.446
TIMING: 13000  CPU: 62.87, 0.004928/step  Wall: 62.87, 0.004928/step, 0.11923 hours remaining, 6.441406 MB of memory in use.
ETITLE:      TS           BOND          ANGLE          DIHED          IMPRP               ELECT            VDW       BOUNDARY           MISC        KINETIC               TOTAL           TEMP      POTENTIAL         TOTAL3        TEMPAVG            PRESSURE      GPRESSURE         VOLUME       PRESSAVG      GPRESSAVG

ENERGY:   13000       206.4955       132.7784         0.0000         0.0000          -2980.0367       364.1696         0.0000         0.0000       573.8215          -1702.7717       275.4031     -2276.5933     -1698.2116       278.3322           2742.1440      1108.0444      6825.1077       -21.8778       -32.4408

WRITING EXTENDED SYSTEM TO RESTART FILE AT STEP 13000
WRITING COORDINATES TO DCD FILE water_simulation.dcd AT STEP 13000
WRITING COORDINATES TO RESTART FILE AT STEP 13000
FINISHED WRITING RESTART COORDINATES
WRITING VELOCITIES TO DCD FILE AT STEP 13000
WRITING VELOCITIES TO RESTART FILE AT STEP 13000
FINISHED WRITING RESTART VELOCITIES
PRESSURE: 13100 3887.88 -2316.9 -993.29 -2316.9 3468.65 1258.61 -993.29 1258.61 -1976.28
GPRESSURE: 13100 1298.56 -163.153 -694.791 350.256 588.521 -158.786 -919.948 -1016.91 389.348
PRESSAVG: 13100 151.334 -178.049 -245.987 -178.049 -420.377 -132.871 -245.987 -132.871 -128.752
GPRESSAVG: 13100 62.3356 -235.612 -298.133 -64.4523 -398.604 -95.663 -283.138 -271.671 -42.1252
ENERGY:   13100       200.3224       126.9390         0.0000         0.0000          -2996.1391       352.6918         0.0000         0.0000       608.6305          -1707.5554       292.1095     -2316.1859     -1701.4266       283.8031           1793.4176       758.8091      6739.8579      -132.5985      -126.1312

PRESSURE: 13200 -978.87 -2183.71 -2132.34 -2183.71 5044.43 -2428.54 -2132.34 -2428.54 1772.83
GPRESSURE: 13200 1159.01 485.028 -277.605 -441.069 1556.97 -1297.11 572.493 -1897.14 1802.44
PRESSAVG: 13200 30.3245 821.17 -293.048 821.17 -1324.05 -74.9518 -293.048 -74.9518 411.012
GPRESSAVG: 13200 14.8223 901.392 -180.529 818.309 -1349.93 -87.4508 -267.602 -48.3375 420.005
ENERGY:   13200       213.6435       133.2346         0.0000         0.0000          -3005.9418       375.8079         0.0000         0.0000       574.6734          -1708.5824       275.8119     -2283.2558     -1703.9825       281.9818           1946.1278      1506.1371      6803.4209      -294.2366      -305.0344

PRESSURE: 13300 2619 1919.06 2469.87 1919.06 893.095 -1493 2469.87 -1493 -202.369
GPRESSURE: 13300 1370.59 -1490.04 393.471 71.8072 1438.58 932.28 -315.056 -105.194 849.606
PRESSAVG: 13300 111.469 -468.69 26.0782 -468.69 -30.5823 -192.882 26.0782 -192.882 -640.159
GPRESSAVG: 13300 143.637 -475.893 -60.9091 -491.845 -23.2802 -138.784 62.5683 -128.237 -625.684
ENERGY:   13300       208.7290       118.7130         0.0000         0.0000          -3003.7120       370.3086         0.0000         0.0000       592.8130          -1713.1484       284.5179     -2305.9614     -1708.0173       282.3978           1103.2418      1219.5898      6831.8620      -186.4241      -168.4423

PRESSURE: 13400 1507.04 -2464.06 -2181.52 -2464.06 -1381.5 1432.61 -2181.52 1432.61 -3617.87
GPRESSURE: 13400 -1012.21 -1288.07 -150.269 -1218.68 749.377 448.219 -2195.7 1157.46 -1288.69
PRESSAVG: 13400 382.646 261.245 -485.449 261.245 738.446 352.193 -485.449 352.193 -740.608
GPRESSAVG: 13400 362.519 193.101 -448.665 256.628 744.028 322.695 -505.877 384.688 -716.623
ENERGY:   13400       220.2114       133.4800         0.0000         0.0000          -2984.1389       329.9013         0.0000         0.0000       589.8415          -1710.7047       283.0918     -2300.5462     -1706.4449       282.5012          -1164.1071      -517.1754      6840.9189       126.8282       129.9746

PRESSURE: 13500 -523.507 1546.36 2386.86 1546.36 1367.78 2733.38 2386.86 2733.38 1867.26
GPRESSURE: 13500 1989.27 2821.76 -532.91 1422.65 411.806 875.499 -243.307 831.706 2681.27
PRESSAVG: 13500 911.536 -214.48 -733.441 -214.48 -296.007 -310.032 -733.441 -310.032 -274.569
GPRESSAVG: 13500 919.539 -79.8981 -745.86 -225.94 -373.905 -354.195 -793.577 -366.163 -257.525
ENERGY:   13500       215.4641       120.6731         0.0000         0.0000          -2986.0141       372.7908         0.0000         0.0000       580.8356          -1696.2504       278.7695     -2277.0861     -1690.4614       287.0024            903.8474      1694.1143      6726.8782       113.6533        96.0364

WRITING EXTENDED SYSTEM TO RESTART FILE AT STEP 13500
WRITING COORDINATES TO DCD FILE water_simulation.dcd AT STEP 13500
WRITING COORDINATES TO RESTART FILE AT STEP 13500
FINISHED WRITING RESTART COORDINATES
WRITING VELOCITIES TO DCD FILE AT STEP 13500
WRITING VELOCITIES TO RESTART FILE AT STEP 13500
FINISHED WRITING RESTART VELOCITIES
PRESSURE: 13600 2715.01 -1052.41 2731.57 -1052.41 -1466.54 -1799.28 2731.57 -1799.28 -349.478
GPRESSURE: 13600 2147.39 -193.209 1263.52 -655.271 1168.48 -333.78 2254.17 144.303 371.032
PRESSAVG: 13600 -283.238 99.5945 246.923 99.5945 53.2379 674.431 246.923 674.431 18.1284
GPRESSAVG: 13600 -239.314 9.33898 223.308 105.525 100.878 684.777 180.926 677.219 -67.4267
ENERGY:   13600       211.6866       117.6091         0.0000         0.0000          -2978.9628       361.8848         0.0000         0.0000       596.6305          -1691.1518       286.3502     -2287.7823     -1685.8948       280.8206            299.6623      1228.9670      6731.9684       -70.6240       -68.6210

PRESSURE: 13700 -2080.11 215.614 -1101.49 215.614 -537.763 1711.16 -1101.49 1711.16 -3571.05
GPRESSURE: 13700 -854.388 617.622 107.119 990.802 318.108 -789.785 -188.59 -401.14 -1124.78
PRESSAVG: 13700 -223.2 113.885 482.574 113.885 1184.63 -114.913 482.574 -114.913 -1419.57
GPRESSAVG: 13700 -252.03 103.591 519.325 81.1605 1209.02 -97.7335 639.94 -116.506 -1357.72
ENERGY:   13700       210.5726       131.9599         0.0000         0.0000          -2944.7167       319.9414         0.0000         0.0000       592.2758          -1689.9671       284.2601     -2282.2429     -1684.5714       281.5035          -2062.9723      -553.6862      6716.0128      -152.7126      -133.5768

PRESSURE: 13800 -4930.58 1759.29 -791.27 1759.29 -980.271 -493.946 -791.27 -493.946 -644.101
GPRESSURE: 13800 -3122.21 569.478 1215.3 77.0241 457.667 -479.031 364.51 845.63 -106.74
PRESSAVG: 13800 -96.4585 -5.34126 -85.0135 -5.34126 390.698 -230.966 -85.0135 -230.966 -322.862
GPRESSAVG: 13800 -111.546 -17.6812 -80.2293 -10.2343 390.664 -279.317 -148.905 -264.823 -333.777
ENERGY:   13800       219.8175       124.7188         0.0000         0.0000          -2951.1907       313.1330         0.0000         0.0000       601.7155          -1691.8060       288.7907     -2293.5215     -1686.7887       282.4307          -2184.9842      -923.7599      6746.3108        -9.5410       -18.2197

PRESSURE: 13900 -5865.86 -2594.08 1695.67 -2594.08 -1054.39 -118.031 1695.67 -118.031 -191.788
GPRESSURE: 13900 -1108.55 -1200.52 98.5772 -509.309 -512.741 295.388 209.026 -216.354 -871.952
PRESSAVG: 13900 -564.162 -332.997 448.456 -332.997 322.62 1104.74 448.456 1104.74 514.048
GPRESSAVG: 13900 -469.316 -322.477 453.518 -341.441 317.614 1148.94 512.355 1176.88 412.33
ENERGY:   13900       214.1631       122.7099         0.0000         0.0000          -2944.0046       310.9105         0.0000         0.0000       602.4358          -1693.7853       289.1364     -2296.2211     -1687.5438       281.2340          -2370.6822      -831.0829      6704.1308        90.8353        86.8759

PRESSURE: 14000 867.247 -2053.05 -1278.65 -2053.05 -3632.44 1358.79 -1278.65 1358.79 -3529.12
GPRESSURE: 14000 -636.828 -1012.36 -757.324 -496.753 -76.4671 297.483 -1208.22 877.574 -952.61
PRESSAVG: 14000 -393.094 -788.544 -527.351 -788.544 -32.8088 495.627 -527.351 495.627 328.736
GPRESSAVG: 14000 -385.594 -701.491 -622.521 -730.601 -4.05831 542.423 -575.122 518.416 312.332
TIMING: 14000  CPU: 67.789, 0.004919/step  Wall: 67.789, 0.004919/step, 0.117646 hours remaining, 6.441406 MB of memory in use.
ETITLE:      TS           BOND          ANGLE          DIHED          IMPRP               ELECT            VDW       BOUNDARY           MISC        KINETIC               TOTAL           TEMP      POTENTIAL         TOTAL3        TEMPAVG            PRESSURE      GPRESSURE         VOLUME       PRESSAVG      GPRESSAVG

ENERGY:   14000       211.2256       130.3137         0.0000         0.0000          -2937.4541       313.8995         0.0000         0.0000       595.6936          -1686.3217       285.9005     -2282.0153     -1681.2600       281.2736          -2098.1056      -555.3014      6732.2845       -32.3888       -25.7734

WRITING EXTENDED SYSTEM TO RESTART FILE AT STEP 14000
WRITING COORDINATES TO DCD FILE water_simulation.dcd AT STEP 14000
WRITING COORDINATES TO RESTART FILE AT STEP 14000
FINISHED WRITING RESTART COORDINATES
WRITING VELOCITIES TO DCD FILE AT STEP 14000
WRITING VELOCITIES TO RESTART FILE AT STEP 14000
FINISHED WRITING RESTART VELOCITIES
PRESSURE: 14100 -778.509 -551.06 -2113.26 -551.06 -3336.83 1348.55 -2113.26 1348.55 -2208.36
GPRESSURE: 14100 -626.856 -954.622 -495.731 -942.838 -1598.31 -754.395 76.3678 -1377.15 831.044
PRESSAVG: 14100 805.782 -383.346 -237.886 -383.346 949.14 172.591 -237.886 172.591 -761.461
GPRESSAVG: 14100 670.153 -460.707 -155.805 -373.465 1007.16 115.675 -158.097 82.9451 -638.4
ENERGY:   14100       226.0187       128.0045         0.0000         0.0000          -2933.1692       315.2051         0.0000         0.0000       573.0346          -1690.9063       275.0254     -2263.9409     -1686.1783       282.5102          -2107.8985      -464.7061      6733.1854       331.1536       346.3050

LDB: ============= START OF LOAD BALANCING ============== 68.473
LDB: ============== END OF LOAD BALANCING =============== 68.473
LDB: =============== DONE WITH MIGRATION ================ 68.473
LDB: ============= START OF LOAD BALANCING ============== 68.698
LDB: ============== END OF LOAD BALANCING =============== 68.698
LDB: =============== DONE WITH MIGRATION ================ 68.698
PRESSURE: 14200 -1881.47 -886.546 464.356 -886.546 -2294.52 1114.85 464.356 1114.85 -3001.86
GPRESSURE: 14200 -1011.4 106.953 634.279 -715.002 -150.666 -1051.5 389.319 140.435 -712.499
PRESSAVG: 14200 305.334 -254.869 329.771 -254.869 -325.166 187.508 329.771 187.508 467.754
GPRESSAVG: 14200 350.967 -244.428 211.416 -331.995 -363.435 140.956 297.779 201.194 453.127
ENERGY:   14200       222.5027       139.6377         0.0000         0.0000          -2959.1807       321.5492         0.0000         0.0000       588.7060          -1686.7851       282.5468     -2275.4911     -1682.6648       283.7440          -2392.6184      -624.8540      6808.9850       149.3073       146.8860

PRESSURE: 14300 -458.642 -2870.14 -1129.26 -2870.14 -2024.54 1933.2 -1129.26 1933.2 -5503.75
GPRESSURE: 14300 -721.24 -400.667 477.367 -513.023 -2069.37 1254.74 652.077 917.934 -1936.25
PRESSAVG: 14300 112.919 -327.515 623.156 -327.515 343.587 -150.947 623.156 -150.947 -450.138
GPRESSAVG: 14300 137.18 -422.141 832.154 -295.343 279.396 -90.5885 580.252 -172.834 -445.777
ENERGY:   14300       225.3412       124.3984         0.0000         0.0000          -2926.0532       295.5868         0.0000         0.0000       593.7566          -1686.9702       284.9708     -2280.7268     -1682.5287       282.2241          -2662.3094     -1575.6193      6812.3486         2.1227        -9.7337

PRESSURE: 14400 -1860.09 -3640.96 516.288 -3640.96 -2535.96 88.7544 516.288 88.7544 -3.24714
GPRESSURE: 14400 -2409.44 -1369.52 472.878 -802.492 99.2001 590.011 325.012 -267.042 2409.73
PRESSAVG: 14400 -743.38 -901.628 248.701 -901.628 108.435 415.793 248.701 415.793 61.8206
GPRESSAVG: 14400 -791.24 -751.08 241.394 -868.471 201.05 429.016 293.483 393.601 38.0379
ENERGY:   14400       210.3339       136.9975         0.0000         0.0000          -2978.2961       329.7187         0.0000         0.0000       614.3539          -1686.8920       294.8564     -2301.2459     -1681.4741       289.1505          -1466.4334        33.1622      6693.5690      -191.0414      -184.0506

PRESSURE: 14500 -4435.45 1443.13 1965.81 1443.13 -3752.13 579.27 1965.81 579.27 -2654.06
GPRESSURE: 14500 -1949.29 -274.246 -886.704 327.026 -1355.96 -500.479 -61.4303 4.36069 -527.701
PRESSAVG: 14500 -134.313 362.063 472.994 362.063 -316.899 184.771 472.994 184.771 386.19
GPRESSAVG: 14500 -110.143 386.178 363.675 251.092 -352.833 82.1784 386.328 230.397 424.67
ENERGY:   14500       236.3917       118.1571         0.0000         0.0000          -2914.8012       293.4536         0.0000         0.0000       585.3371          -1681.4618       280.9299     -2266.7988     -1678.0129       288.1912          -3613.8794     -1277.6479      6704.0819       -21.6741       -12.7688

WRITING EXTENDED SYSTEM TO RESTART FILE AT STEP 14500
WRITING COORDINATES TO DCD FILE water_simulation.dcd AT STEP 14500
WRITING COORDINATES TO RESTART FILE AT STEP 14500
FINISHED WRITING RESTART COORDINATES
WRITING VELOCITIES TO DCD FILE AT STEP 14500
WRITING VELOCITIES TO RESTART FILE AT STEP 14500
FINISHED WRITING RESTART VELOCITIES
PRESSURE: 14600 -3936.71 1602.39 -1701.41 1602.39 -1326.96 56.0924 -1701.41 56.0924 924.732
GPRESSURE: 14600 -718.767 793.848 -615.301 380.367 1618.7 -102.871 -425.267 -750.569 1996.6
PRESSAVG: 14600 -518.53 -85.1681 -759.441 -85.1681 85.5441 295.489 -759.441 295.489 1036.28
GPRESSAVG: 14600 -473.188 -222.132 -723.417 20.2301 71.8804 319.141 -766.214 278.264 1003.58
ENERGY:   14600       217.4032       131.6899         0.0000         0.0000          -2972.3670       348.3018         0.0000         0.0000       586.5504          -1688.4217       281.5122     -2274.9721     -1682.5204       281.1635          -1446.3134       965.5119      6641.1696       201.0997       200.7591

PRESSURE: 14700 -5330.68 -612.956 -2226.25 -612.956 -380.493 -3393.37 -2226.25 -3393.37 -3058.41
GPRESSURE: 14700 -1985.4 2267.47 -1367.43 667.684 1644.56 -1208.04 -697.352 -1312.58 -816.757
PRESSAVG: 14700 -1124.83 431.796 -1402.11 431.796 1026.66 208.229 -1402.11 208.229 112.837
GPRESSAVG: 14700 -1127.15 426.681 -1397.37 494.235 980.995 329.911 -1274.65 305.492 175.097
ENERGY:   14700       227.3766       144.9660         0.0000         0.0000          -2963.6533       323.0463         0.0000         0.0000       572.8631          -1695.4013       274.9431     -2268.2644     -1691.0823       279.4307          -2923.1969      -385.8671      6725.3687         4.8903         9.6480

PRESSURE: 14800 -1884.12 -1733.67 2290.34 -1733.67 -3820.47 -171.344 2290.34 -171.344 -3821.71
GPRESSURE: 14800 -589.479 -470.298 76.0605 -740.435 -941.472 -8.58657 279.683 -244.791 -1927
PRESSAVG: 14800 -92.8519 -448.363 285.582 -448.363 -401.936 -302.102 285.582 -302.102 -147.972
GPRESSAVG: 14800 -97.6513 -329.819 293.744 -477.734 -363.865 -359.162 146.9 -385.724 -176.441
ENERGY:   14800       231.9891       111.7286         0.0000         0.0000          -2933.6166       299.4193         0.0000         0.0000       585.1559          -1705.3237       280.8429     -2290.4796     -1701.3063       276.9575          -3175.4331     -1152.6497      6759.1005      -214.2533      -212.6523

PRESSURE: 14900 533.354 2678.67 1022.06 2678.67 -3949.45 -1097.04 1022.06 -1097.04 2019.76
GPRESSURE: 14900 111.125 -186.666 302.83 214.732 441.845 1457.43 648.948 1978.69 1257.67
PRESSAVG: 14900 -24.1248 41.1724 52.49 41.1724 94.9833 869.157 52.49 869.157 224.152
GPRESSAVG: 14900 -18.7899 -96.3459 71.7033 88.8197 110.105 858.073 105.316 866.272 227.636
ENERGY:   14900       216.2629       127.1769         0.0000         0.0000          -2987.3855       341.0395         0.0000         0.0000       594.4411          -1708.4650       285.2994     -2302.9062     -1702.9183       280.4012           -465.4441       603.5477      6605.4748        98.3368       106.3171

PRESSURE: 15000 428.465 3176.46 581.642 3176.46 -2842.92 -1551.95 581.642 -1551.95 -1979.29
GPRESSURE: 15000 370.827 994.934 494.654 -36.6495 -1520.69 -470.223 1017.73 -2277.06 62.5913
PRESSAVG: 15000 -824.798 -407.017 -241.241 -407.017 -211.896 327.522 -241.241 327.522 533.762
GPRESSAVG: 15000 -894.85 -343.53 -279.325 -586.532 -100.096 334.406 -267.68 438.274 489.354
TIMING: 15000  CPU: 72.575, 0.004786/step  Wall: 72.575, 0.004786/step, 0.113136 hours remaining, 6.441406 MB of memory in use.
ETITLE:      TS           BOND          ANGLE          DIHED          IMPRP               ELECT            VDW       BOUNDARY           MISC        KINETIC               TOTAL           TEMP      POTENTIAL         TOTAL3        TEMPAVG            PRESSURE      GPRESSURE         VOLUME       PRESSAVG      GPRESSAVG

ENERGY:   15000       221.1235       110.0207         0.0000         0.0000          -2930.9006       315.4914         0.0000         0.0000       575.1406          -1709.1244       276.0362     -2284.2649     -1704.1426       275.4825          -1464.5811      -362.4228      6659.6899      -167.6439      -168.5308

WRITING EXTENDED SYSTEM TO RESTART FILE AT STEP 15000
WRITING COORDINATES TO DCD FILE water_simulation.dcd AT STEP 15000
WRITING COORDINATES TO RESTART FILE AT STEP 15000
FINISHED WRITING RESTART COORDINATES
WRITING VELOCITIES TO DCD FILE AT STEP 15000
WRITING VELOCITIES TO RESTART FILE AT STEP 15000
FINISHED WRITING RESTART VELOCITIES
PRESSURE: 15100 -3249.89 -5208.21 -468.114 -5208.21 1251.44 2051.37 -468.114 2051.37 -568.167
GPRESSURE: 15100 31.5647 -1114.42 -1212.15 -1663.46 323.644 1826.42 -616.468 1484.07 1399.13
PRESSAVG: 15100 127.763 -625.808 -271.837 -625.808 1.41356 -240.142 -271.837 -240.142 197.394
GPRESSAVG: 15100 173.624 -596.498 -220.18 -563.979 -70.1074 -315.799 -260.732 -373.305 196.524
ENERGY:   15100       227.7322       114.9835         0.0000         0.0000          -2965.7792       342.4994         0.0000         0.0000       564.9602          -1715.6039       271.1501     -2280.5642     -1710.8386       279.5146           -855.5401       584.7800      6665.9081       108.8569       100.0136

PRESSURE: 15200 -1140.19 860.57 744.821 860.57 -2233.24 -2378.68 744.821 -2378.68 -114.22
GPRESSURE: 15200 -381.608 1671.62 208.843 950.363 -453.741 -41.8636 222.869 267.747 -180.038
PRESSAVG: 15200 -35.1664 -138.305 -66.9458 -138.305 -471.844 -277.924 -66.9458 -277.924 491.35
GPRESSAVG: 15200 23.2234 -151.987 -127.421 -79.6867 -580.68 -168.064 -59.57 -222.581 541.126
ENERGY:   15200       229.0474       138.9967         0.0000         0.0000          -2980.3262       325.5346         0.0000         0.0000       578.1388          -1708.6088       277.4751     -2286.7475     -1703.9642       276.6583          -1162.5495      -338.4624      6681.9657        -5.2201        -5.4436

PRESSURE: 15300 166.466 -212.313 778.311 -212.313 -3749.06 3036.87 778.311 3036.87 -3032.21
GPRESSURE: 15300 71.6422 -483.084 -421.069 -246.66 -2163.61 -339.168 897.006 857.417 -1048.45
PRESSAVG: 15300 658.63 599.606 612.656 599.606 -625.128 -707.27 612.656 -707.27 317.455
GPRESSAVG: 15300 589.107 546.547 635.233 612.895 -543.983 -765.572 619.549 -653.388 277.174
ENERGY:   15300       224.6834       124.2756         0.0000         0.0000          -2938.3464       304.7254         0.0000         0.0000       578.5201          -1706.1417       277.6582     -2284.6619     -1701.3853       275.2664          -2204.9342     -1046.8071      6745.9889       116.9857       107.4328

PRESSURE: 15400 -2938.82 3235.53 -1173.6 3235.53 682.182 1997.84 -1173.6 1997.84 -287.369
GPRESSURE: 15400 545.166 1322.99 181.877 1392.06 1268.78 88.774 -155.114 315.9 1755.18
PRESSAVG: 15400 435.474 -174.623 -89.7006 -174.623 379.17 -43.1121 -89.7006 -43.1121 -124.026
GPRESSAVG: 15400 486.565 -75.6384 -95.1568 -283.277 382.55 -41.4977 2.70315 -105.825 -121.441
ENERGY:   15400       216.2021       127.1860         0.0000         0.0000          -2988.3424       348.5723         0.0000         0.0000       581.7845          -1714.5974       279.2249     -2296.3819     -1709.2733       279.9383           -848.0014      1189.7091      6606.0460       230.2059       249.2246

PRESSURE: 15500 151.415 -244.298 1558.44 -244.298 -457.712 -400.607 1558.44 -400.607 -2852.61
GPRESSURE: 15500 3112.76 873.591 639.334 345.939 193.305 60.6755 431.194 477.677 1050.25
PRESSAVG: 15500 42.7633 184.969 14.0528 184.969 -626.03 936.441 14.0528 936.441 207.033
GPRESSAVG: 15500 27.2989 130.269 -0.223515 203.527 -679.686 942.407 -72.5062 974.041 280.733
ENERGY:   15500       226.1555       120.8862         0.0000         0.0000          -3017.2052       364.8742         0.0000         0.0000       604.3247          -1700.9646       290.0429     -2305.2893     -1695.6062       280.6999          -1052.9687      1452.1036      6680.6969      -125.4112      -123.8844

WRITING EXTENDED SYSTEM TO RESTART FILE AT STEP 15500
WRITING COORDINATES TO DCD FILE water_simulation.dcd AT STEP 15500
WRITING COORDINATES TO RESTART FILE AT STEP 15500
FINISHED WRITING RESTART COORDINATES
WRITING VELOCITIES TO DCD FILE AT STEP 15500
WRITING VELOCITIES TO RESTART FILE AT STEP 15500
FINISHED WRITING RESTART VELOCITIES
PRESSURE: 15600 -2326.59 -554.129 2324.95 -554.129 -7778.51 -3197.62 2324.95 -3197.62 -1555.88
GPRESSURE: 15600 -435.848 147.675 462.32 -573.847 -1286.11 -734.065 931.321 -1587.63 -2413.68
PRESSAVG: 15600 1205.04 306.232 16.8727 306.232 -913.096 -1241.35 16.8727 -1241.35 -332.936
GPRESSAVG: 15600 1266.91 290.592 32.9516 366.327 -855.002 -1107.94 6.20392 -1249.72 -370.223
ENERGY:   15600       219.6003       123.2859         0.0000         0.0000          -2942.0609       300.9441         0.0000         0.0000       586.2677          -1711.9628       281.3765     -2298.2305     -1706.7119       282.1971          -3886.9923     -1378.5458      6783.3426       -13.6645        13.8961

PRESSURE: 15700 1916.96 -1711.76 3925.83 -1711.76 -3203.2 1551.72 3925.83 1551.72 -3233.15
GPRESSURE: 15700 2836.03 286.939 1652.59 -1560.57 604.904 780.677 961.534 573.81 1043.7
PRESSAVG: 15700 380.075 8.32632 201.71 8.32632 -709.343 -238.781 201.71 -238.781 462.008
GPRESSAVG: 15700 305.438 44.109 191.615 -45.8901 -618.665 -287.888 141.559 -265.486 471.052
ENERGY:   15700       233.6069       110.8182         0.0000         0.0000          -2998.6307       363.3118         0.0000         0.0000       577.5485          -1713.3453       277.1918     -2290.8937     -1707.5995       280.9655          -1506.4617      1494.8767      6601.7456        44.2469        52.6082

PRESSURE: 15800 -2786.54 263.716 455.919 263.716 321.32 -256.01 455.919 -256.01 -782.214
GPRESSURE: 15800 1051.54 992.739 -218.004 866.994 4266.78 -236.785 382.55 -629.875 471.011
PRESSAVG: 15800 207.004 -316.788 1064.33 -316.788 622.622 -227.988 1064.33 -227.988 -683.13
GPRESSAVG: 15800 250.033 -361.672 1038.17 -197.472 598.041 -329.084 1098.81 -266.333 -627.27
ENERGY:   15800       240.7145       124.1965         0.0000         0.0000          -3058.7010       379.7904         0.0000         0.0000       587.1125          -1726.8871       281.7820     -2313.9996     -1722.2938       280.2732          -1082.4794      1929.7756      6519.5307        48.8320        73.6012

PRESSURE: 15900 -125.978 2498.73 -480.479 2498.73 -1726.31 -852.387 -480.479 -852.387 -2331.05
GPRESSURE: 15900 3662.45 27.2969 -1192.4 1048.94 -591.274 -789.611 -72.1755 -554.553 -624.526
PRESSAVG: 15900 1021.07 655.69 201.393 655.69 -212.174 -588.177 201.393 -588.177 -825.113
GPRESSAVG: 15900 1111.14 655.167 203.018 527.286 -245.307 -493.323 195.991 -523.856 -903.471
ENERGY:   15900       216.0129       139.1802         0.0000         0.0000          -3018.1424       347.4162         0.0000         0.0000       586.2635          -1729.2695       281.3745     -2315.5330     -1722.6321       277.0071          -1394.4455       815.5492      6570.6272        -5.4049       -12.5474

PRESSURE: 16000 -224.976 1337.99 -7.19889 1337.99 -4390.3 614.606 -7.19889 614.606 -2068.38
GPRESSURE: 16000 419.009 1672.35 716.775 3013.66 -531.835 -1146.64 -139.579 -2192.55 -363.186
PRESSAVG: 16000 713.319 1107.38 28.6626 1107.38 -403.121 -219.687 28.6626 -219.687 165.105
GPRESSAVG: 16000 609.108 1110.23 91.7223 1175.79 -358.467 -331.079 70.6418 -182.124 175.931
TIMING: 16000  CPU: 77.621, 0.005046/step  Wall: 77.621, 0.005046/step, 0.11788 hours remaining, 6.441406 MB of memory in use.
ETITLE:      TS           BOND          ANGLE          DIHED          IMPRP               ELECT            VDW       BOUNDARY           MISC        KINETIC               TOTAL           TEMP      POTENTIAL         TOTAL3        TEMPAVG            PRESSURE      GPRESSURE         VOLUME       PRESSAVG      GPRESSAVG

ENERGY:   16000       224.4643       128.4454         0.0000         0.0000          -3003.5906       334.1365         0.0000         0.0000       597.5958          -1718.9487       286.8134     -2316.5445     -1713.0184       281.4715          -2227.8857      -158.6707      6678.9602       158.4343       142.1904

WRITING EXTENDED SYSTEM TO RESTART FILE AT STEP 16000
WRITING COORDINATES TO DCD FILE water_simulation.dcd AT STEP 16000
WRITING COORDINATES TO RESTART FILE AT STEP 16000
FINISHED WRITING RESTART COORDINATES
WRITING VELOCITIES TO DCD FILE AT STEP 16000
WRITING VELOCITIES TO RESTART FILE AT STEP 16000
FINISHED WRITING RESTART VELOCITIES
PRESSURE: 16100 1106.33 -468.89 1381.6 -468.89 -1468.24 -2584.43 1381.6 -2584.43 -1340.15
GPRESSURE: 16100 3183.94 1488.48 -657.913 396.302 17.983 -747.984 -495.896 -809.342 1835.81
PRESSAVG: 16100 309.809 723.095 378.214 723.095 -363.116 -1073.59 378.214 -1073.59 136.492
GPRESSAVG: 16100 308.754 718.028 374.039 771.293 -322.365 -946.874 277.879 -1117.08 84.4507
ENERGY:   16100       238.1877       119.9661         0.0000         0.0000          -3038.4323       369.6411         0.0000         0.0000       585.9751          -1724.6623       281.2361     -2310.6374     -1720.1602       282.4875           -567.3526      1679.2430      6567.5445        27.7285        23.6132

LDB: ============= START OF LOAD BALANCING ============== 78.697
LDB: ============== END OF LOAD BALANCING =============== 78.697
LDB: =============== DONE WITH MIGRATION ================ 78.697
LDB: ============= START OF LOAD BALANCING ============== 78.962
LDB: ============== END OF LOAD BALANCING =============== 78.962
LDB: =============== DONE WITH MIGRATION ================ 78.962
PRESSURE: 16200 -1639.76 1813.25 -975.281 1813.25 -30.9752 -1725.79 -975.281 -1725.79 -6210.15
GPRESSURE: 16200 -736.247 -293.812 88.3292 472.107 -221.323 -864.842 -703.121 -1287.94 -2132.01
PRESSAVG: 16200 743.667 369.268 255.992 369.268 -530.378 -1256.69 255.992 -1256.69 -131.584
GPRESSAVG: 16200 687.893 396.298 227.108 288.875 -649.56 -1280.17 263.359 -1293.02 -9.92399
ENERGY:   16200       222.5215       133.1009         0.0000         0.0000          -2978.6329       310.9463         0.0000         0.0000       587.9454          -1724.1188       282.1818     -2312.0642     -1718.6377       286.7772          -2626.9608     -1029.8613      6742.7892        27.2350         9.4697

PRESSURE: 16300 -949.336 2070.79 -1140.2 2070.79 -791.255 -742.468 -1140.2 -742.468 1071.42
GPRESSURE: 16300 1428.63 1467.17 -431.668 1810.77 783.726 -483.792 -372.488 -460.084 -65.7779
PRESSAVG: 16300 214.991 1102.14 42.8188 1102.14 1193.62 -45.9592 42.8188 -45.9592 -656.687
GPRESSAVG: 16300 254.606 1095.82 115.868 1062.76 1152.6 -87.5865 180.208 -50.8917 -713.189
ENERGY:   16300       243.0457       120.2962         0.0000         0.0000          -3012.2533       356.5064         0.0000         0.0000       586.6114          -1705.7935       281.5415     -2292.4049     -1701.9797       286.1463           -223.0566       715.5258      6712.9101       250.6405       231.3379

PRESSURE: 16400 1720.98 730.382 -1193.5 730.382 -1621.93 -703.612 -1193.5 -703.612 1423.87
GPRESSURE: 16400 2242.65 -1035.9 -1135.35 -781.504 1291.11 -350.631 -1118.33 370.525 2465.14
PRESSAVG: 16400 548.413 11.4772 -219.134 11.4772 -1005.22 143.752 -219.134 143.752 -32.2102
GPRESSAVG: 16400 565.053 -6.72727 -224.271 4.38458 -980.346 167.856 -430.493 150.954 -120.09
ENERGY:   16400       223.0950       115.2972         0.0000         0.0000          -3003.0846       371.9386         0.0000         0.0000       590.0448          -1702.7090       283.1894     -2292.7538     -1697.4277       285.3633            507.6388      1999.6312      6564.0273      -163.0052      -178.4611

PRESSURE: 16500 -816.112 1487.34 -1284.11 1487.34 2594.85 -388.389 -1284.11 -388.389 -2564.68
GPRESSURE: 16500 1079.25 1405.89 130.562 75.1798 1501.07 -26.9845 103.119 -14.2701 2026.26
PRESSAVG: 16500 228.759 724.666 452.383 724.666 -343.023 3.3865 452.383 3.3865 55.6354
GPRESSAVG: 16500 240.761 838.13 447.305 743.492 -344.489 -23.67 567.278 56.3307 70.6962
ENERGY:   16500       235.3585       119.4506         0.0000         0.0000          -3037.9501       371.8212         0.0000         0.0000       601.0472          -1710.2727       288.4699     -2311.3198     -1705.4217       284.4837           -261.9795      1535.5259      6608.9937       -19.5427       -11.0103

WRITING EXTENDED SYSTEM TO RESTART FILE AT STEP 16500
WRITING COORDINATES TO DCD FILE water_simulation.dcd AT STEP 16500
WRITING COORDINATES TO RESTART FILE AT STEP 16500
FINISHED WRITING RESTART COORDINATES
WRITING VELOCITIES TO DCD FILE AT STEP 16500
WRITING VELOCITIES TO RESTART FILE AT STEP 16500
FINISHED WRITING RESTART VELOCITIES
PRESSURE: 16600 -4938.3 -185.079 -1527.63 -185.079 -5581.38 246.251 -1527.63 246.251 -2004.16
GPRESSURE: 16600 -589.762 998.729 -3104.68 2177.54 -1788.06 -51.5899 -2091.35 733.982 362.799
PRESSAVG: 16600 -36.9919 878.716 -425.646 878.716 -667.951 -383.472 -425.646 -383.472 871.553
GPRESSAVG: 16600 -79.9431 794.864 -489.496 920.013 -691.444 -337.114 -410.442 -391.51 970.165
ENERGY:   16600       233.7073       144.2296         0.0000         0.0000          -2952.1148       304.4572         0.0000         0.0000       565.8152          -1703.9055       271.5605     -2269.7207     -1698.8132       285.7466          -4174.6135      -671.6730      6612.6039        55.5367        66.2592

PRESSURE: 16700 -3726.94 487.834 1965.23 487.834 -6661.82 -1409.1 1965.23 -1409.1 -3268.37
GPRESSURE: 16700 -1136.76 -91.7973 1149.62 -651.507 -1091.04 909.196 1265.66 808.054 -487.381
PRESSAVG: 16700 -98.9531 -209.457 -58.6564 -209.457 -583.228 -962.984 -58.6564 -962.984 528.377
GPRESSAVG: 16700 -68.7923 -191.261 -95.0705 -232.289 -570.925 -933.68 -30.5648 -906.649 456.597
ENERGY:   16700       238.2444       141.2860         0.0000         0.0000          -2990.7723       313.0441         0.0000         0.0000       592.3231          -1705.8748       284.2828     -2298.1979     -1700.6806       286.2505          -4552.3771      -905.0630      6637.8666       -51.2682       -61.0402

PRESSURE: 16800 -3553.71 1081.9 -56.4057 1081.9 -2310.42 448.306 -56.4057 448.306 -4916.07
GPRESSURE: 16800 -136.036 1302.91 -459.661 1763.96 655.251 -594.293 -135.62 -1526.23 -514.733
PRESSAVG: 16800 631.745 -320.118 -414.364 -320.118 -105.987 -754.66 -414.364 -754.66 -458.796
GPRESSAVG: 16800 561.429 -379.663 -319.859 -313.925 -38.4952 -904.13 -504.559 -767.328 -427.576
ENERGY:   16800       256.4043       131.1660         0.0000         0.0000          -2997.2627       330.6995         0.0000         0.0000       578.3146          -1700.6783       277.5595     -2278.9929     -1697.1464       287.3853          -3593.3977         1.4940      6639.7666        22.3204        31.7860

PRESSURE: 16900 -4543.67 -1284.25 442.109 -1284.25 -450.542 2516.15 442.109 2516.15 -5948.63
GPRESSURE: 16900 49.4033 -732.619 -304.293 -234.091 1006.19 488.442 -471.49 98.0915 -479.44
PRESSAVG: 16900 80.7284 -264.183 -2.86459 -264.183 1013.64 -669.22 -2.86459 -669.22 -171.949
GPRESSAVG: 16900 141.503 -271.851 -8.97016 -221.344 988.738 -514.603 61.528 -704.825 -165.632
ENERGY:   16900       252.0113       127.7104         0.0000         0.0000          -3021.5048       340.0278         0.0000         0.0000       593.3158          -1708.4395       284.7593     -2301.7553     -1703.7257       282.2920          -3647.6144       192.0509      6608.5296       307.4716       321.5362

PRESSURE: 17000 -3374.28 3460.74 214.361 3460.74 -1842.66 2433.22 214.361 2433.22 -4333.35
GPRESSURE: 17000 347.89 2530.15 -508.231 1648.57 1833.17 311.276 -1111.28 794.995 -1324.5
PRESSAVG: 17000 -23.6999 967.544 -223.686 967.544 474.048 -24.073 -223.686 -24.073 -635.05
GPRESSAVG: 17000 -33.9305 952.938 -246.214 944.463 483.016 -188.983 -198.436 -149.556 -589.982
TIMING: 17000  CPU: 83.205, 0.005584/step  Wall: 83.205, 0.005584/step, 0.128897 hours remaining, 6.441406 MB of memory in use.
ETITLE:      TS           BOND          ANGLE          DIHED          IMPRP               ELECT            VDW       BOUNDARY           MISC        KINETIC               TOTAL           TEMP      POTENTIAL         TOTAL3        TEMPAVG            PRESSURE      GPRESSURE         VOLUME       PRESSAVG      GPRESSAVG

ENERGY:   17000       241.0858       132.2853         0.0000         0.0000          -2996.8354       340.9322         0.0000         0.0000       575.7408          -1706.7913       276.3242     -2282.5320     -1701.7667       285.5746          -3183.4310       285.5220      6655.2589       -61.5671       -46.9653

WRITING EXTENDED SYSTEM TO RESTART FILE AT STEP 17000
WRITING COORDINATES TO DCD FILE water_simulation.dcd AT STEP 17000
WRITING COORDINATES TO RESTART FILE AT STEP 17000
FINISHED WRITING RESTART COORDINATES
WRITING VELOCITIES TO DCD FILE AT STEP 17000
WRITING VELOCITIES TO RESTART FILE AT STEP 17000
FINISHED WRITING RESTART VELOCITIES
PRESSURE: 17100 -2069.53 -1005.97 -2020.42 -1005.97 -3419.5 -5817.19 -2020.42 -5817.19 -298.633
GPRESSURE: 17100 -257.993 -551.823 -1208.71 -516.987 -73.7361 -537.574 -1011.01 495.921 2142.81
PRESSAVG: 17100 414.894 51.4999 43.642 51.4999 51.0253 284.444 43.642 284.444 -211.853
GPRESSAVG: 17100 428.598 128.663 39.5407 26.798 81.5879 440.897 22.1882 435.058 -281.334
ENERGY:   17100       238.9794       127.9920         0.0000         0.0000          -3001.9105       346.1487         0.0000         0.0000       584.6246          -1704.1659       280.5880     -2288.7904     -1699.6886       284.5354          -1929.2204       603.6926      6679.4634        84.6889        76.2840

PRESSURE: 17200 -2381.14 1774.38 2025.21 1774.38 -2860.93 994.734 2025.21 994.734 -3406.48
GPRESSURE: 17200 834.472 -197.618 368.686 1596.31 134.421 -412.106 989.926 -280.787 -1494.52
PRESSAVG: 17200 -746.876 505.186 -219.996 505.186 234.622 -749.407 -219.996 -749.407 439.695
GPRESSAVG: 17200 -750.549 424.463 -240.331 523.988 221.875 -729.933 -239.788 -680.018 476.825
ENERGY:   17200       227.6359       127.7014         0.0000         0.0000          -2989.7845       332.0049         0.0000         0.0000       597.5194          -1704.9229       286.7768     -2302.4423     -1699.1106       284.7444          -2882.8504      -175.2083      6693.8659       -24.1862       -17.2829

PRESSURE: 17300 -1152.18 457.831 -1670.36 457.831 -6041.42 -465.015 -1670.36 -465.015 -2533.62
GPRESSURE: 17300 -603.697 -39.6129 -1144.45 736.224 -2727.58 -474.002 -725.942 -124.537 1322.17
PRESSAVG: 17300 -444.405 -705.1 591.746 -705.1 411.447 354.64 591.746 354.64 61.441
GPRESSAVG: 17300 -434.373 -639.123 695.493 -630.274 365.573 284.728 595.546 222.083 85.2721
ENERGY:   17300       230.3258       137.4151         0.0000         0.0000          -3007.5459       324.8033         0.0000         0.0000       599.1867          -1715.8150       287.5770     -2315.0017     -1710.1345       285.3090          -3242.4096      -669.7033      6641.6792         9.4942         5.4905

PRESSURE: 17400 -141.9 -1247.62 9.39904 -1247.62 -2329.4 -135.055 9.39904 -135.055 -78.0143
GPRESSURE: 17400 2669.48 -257.884 403.563 -1523.94 -521.549 1364.53 -436.11 1845.42 923.033
PRESSAVG: 17400 734.449 336.185 -253.09 336.185 -978.412 495.411 -253.09 495.411 628.463
GPRESSAVG: 17400 765.969 339.342 -278.97 270.163 -962.553 513.888 -328.244 557.933 621.123
ENERGY:   17400       236.3040       123.3271         0.0000         0.0000          -3045.5773       361.2610         0.0000         0.0000       614.2953          -1710.3900       294.8283     -2324.6853     -1704.7020       288.7078           -849.7705      1023.6538      6524.2505       128.1666       141.5132

PRESSURE: 17500 208.718 -2816.91 1223.7 -2816.91 -2107.12 -158.659 1223.7 -158.659 334.077
GPRESSURE: 17500 1095 -1856.14 -228.683 -1209.55 1060.61 934.493 -783.261 756.524 -994.635
PRESSAVG: 17500 14.6995 -274.406 -580.843 -274.406 -223.141 1344.36 -580.843 1344.36 -403.382
GPRESSAVG: 17500 -3.13287 -294.975 -681.784 -243.268 -172.084 1371.51 -566.377 1334.75 -465.052
ENERGY:   17500       226.1812       136.1357         0.0000         0.0000          -3004.9654       340.1122         0.0000         0.0000       594.2920          -1708.2442       285.2278     -2302.5362     -1702.8298       288.0632           -521.4433       386.9918      6559.5062      -203.9410      -213.4227

WRITING EXTENDED SYSTEM TO RESTART FILE AT STEP 17500
WRITING COORDINATES TO DCD FILE water_simulation.dcd AT STEP 17500
WRITING COORDINATES TO RESTART FILE AT STEP 17500
FINISHED WRITING RESTART COORDINATES
WRITING VELOCITIES TO DCD FILE AT STEP 17500
WRITING VELOCITIES TO RESTART FILE AT STEP 17500
FINISHED WRITING RESTART VELOCITIES
PRESSURE: 17600 -99.7584 -1966.01 -2254.99 -1966.01 -957.291 -783.549 -2254.99 -783.549 777.948
GPRESSURE: 17600 1193.34 656.591 -420.383 887.679 507.141 -181.87 1289.21 -882.49 -40.6751
PRESSAVG: 17600 466.522 -156.643 -215.873 -156.643 54.7459 482.623 -215.873 482.623 -344.916
GPRESSAVG: 17600 478.262 -112.738 -175.888 -161.833 85.8647 452.447 -105.118 418.118 -367.887
ENERGY:   17600       224.6008       125.1816         0.0000         0.0000          -3014.9765       350.8962         0.0000         0.0000       611.3952          -1702.9027       293.4364     -2314.2979     -1697.1596       281.2199            -93.0336       553.2687      6580.6535        58.7839        65.4135

PRESSURE: 17700 -2666.09 1233.76 1558.95 1233.76 3823.33 1412.14 1558.95 1412.14 1412.02
GPRESSURE: 17700 -2032.68 -628.276 893.738 -13.1157 1913.51 216.877 1032.81 1238.59 2261.13
PRESSAVG: 17700 -806.54 236.789 -711.741 236.789 815.981 175.915 -711.741 175.915 -166.015
GPRESSAVG: 17700 -767.826 199.734 -678.32 280.068 752.791 146.538 -776.565 211.166 -132.431
ENERGY:   17700       225.0925       132.6268         0.0000         0.0000          -2974.9200       332.5855         0.0000         0.0000       583.9449          -1700.6702       280.2618     -2284.6151     -1696.1284       280.7686            856.4193       713.9842      6476.0011       -52.1911       -49.1555

PRESSURE: 17800 3063.29 534.475 3150.76 534.475 -1945.5 1647.85 3150.76 1647.85 -1054.55
GPRESSURE: 17800 329.12 367.565 71.3833 282.299 -292.731 -215.645 -10.7162 -568.216 -2904.04
PRESSAVG: 17800 218.427 37.1668 583.502 37.1668 -4.06215 264.205 583.502 264.205 -98.1098
GPRESSAVG: 17800 194.552 -17.6964 612.91 3.98808 9.11848 247.858 623.945 198.321 -106.75
ENERGY:   17800       223.5228       142.3261         0.0000         0.0000          -2947.3238       310.4683         0.0000         0.0000       581.7501          -1689.2566       279.2083     -2271.0066     -1684.4697       284.1256             21.0829      -955.8831      6719.0261        38.7516        32.3070

PRESSURE: 17900 1410.09 39.3277 -82.5827 39.3277 2981.17 -568.03 -82.5827 -568.03 1120.41
GPRESSURE: 17900 -236.755 654.331 -542.16 -878.127 -395.532 -119.872 -833.296 -285.448 180.968
PRESSAVG: 17900 1592.51 -33.9547 -933.625 -33.9547 -797.665 75.8713 -933.625 75.8713 -727.321
GPRESSAVG: 17900 1477.96 12.8553 -978.819 -27.7678 -807.709 32.0254 -970.371 117.402 -671.069
ENERGY:   17900       202.4702       129.3813         0.0000         0.0000          -2939.8608       318.9733         0.0000         0.0000       581.1451          -1707.8909       278.9180     -2289.0360     -1701.3955       284.1563           1837.2206      -150.4395      6674.9662        22.5071        -0.2728

PRESSURE: 18000 -526.095 -174.171 -1165.47 -174.171 1608.76 -923.348 -1165.47 -923.348 3411.14
GPRESSURE: 18000 1290.23 -226.462 -225.32 610.159 84.3244 -1284.43 -312.174 -1569.93 -821.755
PRESSAVG: 18000 -90.4151 247.484 -166.65 247.484 175.943 638.129 -166.65 638.129 -483.798
GPRESSAVG: 18000 -6.33586 285.985 -139.998 308.14 107.493 743.986 -135.385 600.65 -522.905
TIMING: 18000  CPU: 88.837, 0.005632/step  Wall: 88.837, 0.005632/step, 0.128441 hours remaining, 6.441406 MB of memory in use.
ETITLE:      TS           BOND          ANGLE          DIHED          IMPRP               ELECT            VDW       BOUNDARY           MISC        KINETIC               TOTAL           TEMP      POTENTIAL         TOTAL3        TEMPAVG            PRESSURE      GPRESSURE         VOLUME       PRESSAVG      GPRESSAVG

ENERGY:   18000       216.1276       120.8952         0.0000         0.0000          -2953.2069       332.4699         0.0000         0.0000       584.4933          -1699.2209       280.5250     -2283.7142     -1694.3467       287.1705           1497.9367       184.2677      6692.9399      -132.7570      -140.5827

WRITING EXTENDED SYSTEM TO RESTART FILE AT STEP 18000
WRITING COORDINATES TO DCD FILE water_simulation.dcd AT STEP 18000
WRITING COORDINATES TO RESTART FILE AT STEP 18000
FINISHED WRITING RESTART COORDINATES
WRITING VELOCITIES TO DCD FILE AT STEP 18000
WRITING VELOCITIES TO RESTART FILE AT STEP 18000
FINISHED WRITING RESTART VELOCITIES
PRESSURE: 18100 443.364 379.648 13.5074 379.648 3446.5 -989.412 13.5074 -989.412 3484.96
GPRESSURE: 18100 96.4904 -1012.27 263.13 -562.932 1665.22 258.274 -8.74434 26.8213 71.6715
PRESSAVG: 18100 -56.2451 65.4553 -1021.57 65.4553 300.479 -31.3699 -1021.57 -31.3699 -331.228
GPRESSAVG: 18100 -28.1372 37.6034 -1010.16 -39.068 343.757 -42.8139 -1031.29 -63.5162 -402.28
ENERGY:   18100       228.5238       150.8420         0.0000         0.0000          -3018.2103       352.8050         0.0000         0.0000       586.7755          -1699.2641       281.6203     -2286.0396     -1695.2946       287.6852           2458.2754       611.1288      6668.5270       -28.9982       -28.8867

LDB: ============= START OF LOAD BALANCING ============== 89.503
LDB: ============== END OF LOAD BALANCING =============== 89.503
LDB: =============== DONE WITH MIGRATION ================ 89.503
LDB: ============= START OF LOAD BALANCING ============== 89.723
LDB: ============== END OF LOAD BALANCING =============== 89.723
LDB: =============== DONE WITH MIGRATION ================ 89.723
PRESSURE: 18200 4499.22 -613.738 2671.78 -613.738 4018.74 -2505.78 2671.78 -2505.78 1116.91
GPRESSURE: 18200 544.882 282.812 -712.787 293.963 633.006 188.855 -909.878 -283.829 705.408
PRESSAVG: 18200 -320.828 -330.932 80.3429 -330.932 8.79203 209.041 80.3429 209.041 254.525
GPRESSAVG: 18200 -400.392 -304.573 20.7197 -339.018 28.2918 305.604 67.1762 380.882 309.502
ENERGY:   18200       208.3031       132.8997         0.0000         0.0000          -3029.3521       359.7095         0.0000         0.0000       616.9461          -1711.4937       296.1005     -2328.4398     -1705.9380       287.6555           3211.6205       627.7650      6693.2027       -19.1707       -20.8662

PRESSURE: 18300 2901.66 -2661.07 1074.78 -2661.07 4214.77 2499.89 1074.78 2499.89 1896.4
GPRESSURE: 18300 1701.69 196.025 261.877 378.449 -425.335 544.678 -108.082 543.418 -1493.34
PRESSAVG: 18300 582.249 -357.379 -901.025 -357.379 -444.943 48.15 -901.025 48.15 -552.565
GPRESSAVG: 18300 569.678 -361.2 -989.17 -336.751 -456.207 -103.192 -908.631 -47.5846 -514.373
ENERGY:   18300       206.2762       122.3430         0.0000         0.0000          -2990.2726       334.0817         0.0000         0.0000       598.6937          -1728.8780       287.3404     -2327.5717     -1723.5276       288.0883           3004.2790       -72.3289      6645.0291      -138.4197      -133.6338

PRESSURE: 18400 2331.07 -623.689 -1503.89 -623.689 4098.69 -1726.53 -1503.89 -1726.53 6323.4
GPRESSURE: 18400 -753.58 -314.296 -343.82 232.355 881.946 -1177.64 -1075.11 -1280.31 1349.27
PRESSAVG: 18400 644.343 611.838 -982.113 611.838 -585.161 -1298.57 -982.113 -1298.57 5.39915
GPRESSAVG: 18400 714.43 656.368 -868.181 628.57 -661.352 -1219.64 -992.311 -1285.04 -34.0138
ENERGY:   18400       203.6476       130.5070         0.0000         0.0000          -2994.1559       344.5977         0.0000         0.0000       595.2876          -1720.1160       285.7056     -2315.4036     -1715.1948       282.0079           4251.0530       492.5461      6631.4424        21.5272         6.3548

PRESSURE: 18500 2231.9 -317.931 -615.247 -317.931 606.909 -3996.6 -615.247 -3996.6 4865.03
GPRESSURE: 18500 -1930.92 -993.964 -1735.9 -581.073 -135.76 -188.255 445.683 -745.511 484.379
PRESSAVG: 18500 341.949 564.452 -615.373 564.452 -125.539 112.389 -615.373 112.389 -221.117
GPRESSAVG: 18500 329.586 590.363 -579.814 518.21 -44.2594 124.497 -603.897 152.266 -274.357
ENERGY:   18500       202.3894       137.0458         0.0000         0.0000          -2979.3281       327.7192         0.0000         0.0000       589.8505          -1722.3232       283.0961     -2312.1737     -1717.0937       283.4558           2567.9482      -527.4331      6718.4457        -1.5689         3.6567

WRITING EXTENDED SYSTEM TO RESTART FILE AT STEP 18500
WRITING COORDINATES TO DCD FILE water_simulation.dcd AT STEP 18500
WRITING COORDINATES TO RESTART FILE AT STEP 18500
FINISHED WRITING RESTART COORDINATES
WRITING VELOCITIES TO DCD FILE AT STEP 18500
WRITING VELOCITIES TO RESTART FILE AT STEP 18500
FINISHED WRITING RESTART VELOCITIES
PRESSURE: 18600 5024.26 -1496.22 -1622.04 -1496.22 3388.03 3646.72 -1622.04 3646.72 2182.03
GPRESSURE: 18600 1318.92 -948.364 -324.227 1270.05 731.812 236.63 -258.971 1384.56 -448.653
PRESSAVG: 18600 -1168.04 -467.583 -246.182 -467.583 1321.49 -128.481 -246.182 -128.481 -646.082
GPRESSAVG: 18600 -1188.69 -538.936 -242.926 -309.759 1258.84 -73.8464 -229.513 -146.84 -592.089
ENERGY:   18600       179.2664       123.7195         0.0000         0.0000          -2970.1861       341.2270         0.0000         0.0000       611.1533          -1714.8200       293.3203     -2325.9733     -1707.1959       284.4371           3531.4379       534.0277      6660.9709      -164.2112      -173.9787

PRESSURE: 18700 5004.55 2890.92 -1741.41 2890.92 1097.82 2899.36 -1741.41 2899.36 2717.5
GPRESSURE: 18700 945.123 1408.09 -705.44 -176.901 1222.15 -408.431 -259.276 -525.542 -1242.3
PRESSAVG: 18700 227.371 402.746 -166.71 402.746 838.773 228.098 -166.71 228.098 -722.379
GPRESSAVG: 18700 216.076 389.954 -272.761 246.994 879.694 151.553 -184.852 82.7705 -682.268
ENERGY:   18700       218.5612       128.9641         0.0000         0.0000          -2955.3129       328.7963         0.0000         0.0000       571.6488          -1707.3424       274.3603     -2278.9913     -1703.0612       283.7234           2939.9533       308.3227      6611.3879       114.5886       137.8340

PRESSURE: 18800 1379.57 87.7658 -2246.82 87.7658 2985.34 1354.06 -2246.82 1354.06 4498.08
GPRESSURE: 18800 -774.859 -448.389 -1155.02 9.24172 508.473 974.028 -319.989 1741.92 27.1626
PRESSAVG: 18800 -163.269 774.477 -663.434 774.477 178.363 -174.806 -663.434 -174.806 134.182
GPRESSAVG: 18800 -188.649 808.46 -572.496 823.575 206.389 -157.102 -640.735 -101.007 64.0438
ENERGY:   18800       199.3071       152.1028         0.0000         0.0000          -2932.3289       312.3746         0.0000         0.0000       571.5927          -1696.9517       274.3334     -2268.5444     -1691.5121       285.4992           2954.3297       -79.7411      6588.6263        49.7588        27.2612

PRESSURE: 18900 2918.16 -4045.15 1390.17 -4045.15 4534.01 2218.53 1390.17 2218.53 2479.3
GPRESSURE: 18900 94.252 -62.0691 -590.907 -305.785 -690.921 -1137.02 -1009.2 -568.769 219.434
PRESSAVG: 18900 -192.703 -448.059 -418.494 -448.059 653.696 625.522 -418.494 625.522 -459.427
GPRESSAVG: 18900 -192.532 -450.248 -430.673 -472.444 602.777 563.435 -394.373 620.184 -473.726
ENERGY:   18900       206.3510       137.2651         0.0000         0.0000          -2924.8612       309.4479         0.0000         0.0000       583.5587          -1688.2385       280.0764     -2271.7973     -1682.4840       283.4887           3310.4875      -125.7449      6562.6692         0.5220       -21.1603

PRESSURE: 19000 2313 199.162 -587.438 199.162 6202.82 802.773 -587.438 802.773 4616.18
GPRESSURE: 19000 -75.8378 -470.322 548.915 676.467 4098.68 639.741 -271.002 223.155 193.818
PRESSAVG: 19000 -467.83 -499.89 175.08 -499.89 1066.42 -558.949 175.08 -558.949 104.858
GPRESSAVG: 19000 -546.573 -516.229 163.574 -389.717 1050.37 -617.089 124.297 -522.795 172.278
TIMING: 19000  CPU: 93.833, 0.004996/step  Wall: 93.833, 0.004996/step, 0.112549 hours remaining, 6.441406 MB of memory in use.
ETITLE:      TS           BOND          ANGLE          DIHED          IMPRP               ELECT            VDW       BOUNDARY           MISC        KINETIC               TOTAL           TEMP      POTENTIAL         TOTAL3        TEMPAVG            PRESSURE      GPRESSURE         VOLUME       PRESSAVG      GPRESSAVG

ENERGY:   19000       196.3033       154.6093         0.0000         0.0000          -3008.8115       346.4366         0.0000         0.0000       630.2068          -1681.2554       302.4650     -2311.4623     -1674.7041       289.7820           4377.3329      1405.5547      6421.4382       234.4828       225.3568

WRITING EXTENDED SYSTEM TO RESTART FILE AT STEP 19000
WRITING COORDINATES TO DCD FILE water_simulation.dcd AT STEP 19000
WRITING COORDINATES TO RESTART FILE AT STEP 19000
FINISHED WRITING RESTART COORDINATES
WRITING VELOCITIES TO DCD FILE AT STEP 19000
WRITING VELOCITIES TO RESTART FILE AT STEP 19000
FINISHED WRITING RESTART VELOCITIES
PRESSURE: 19100 241.52 -156.972 -1517.42 -156.972 -2716.79 -1791.24 -1517.42 -1791.24 4953.42
GPRESSURE: 19100 -2015.77 830.177 -124.451 -834.084 -1998.43 -1632.98 420.71 -1247.7 -830.806
PRESSAVG: 19100 -557.815 681.991 203.804 681.991 19.0554 -745.794 203.804 -745.794 195.195
GPRESSAVG: 19100 -455.442 743.401 205.853 571.314 30.8679 -595.926 240.016 -757.669 85.2608
ENERGY:   19100       205.1994       137.9790         0.0000         0.0000          -2911.0868       273.9281         0.0000         0.0000       619.9357          -1674.0447       297.5354     -2293.9804     -1667.9807       290.4688            826.0504     -1615.0005      6570.2191      -114.5217      -113.1044

PRESSURE: 19200 -2039.92 -509.284 -561.555 -509.284 3842.32 -107.648 -561.555 -107.648 437.679
GPRESSURE: 19200 -2219.29 546.975 309.008 610.13 -439.025 549.188 68.4617 350.824 245.923
PRESSAVG: 19200 402.915 1059.15 45.4396 1059.15 458.501 123.414 45.4396 123.414 -796.681
GPRESSAVG: 19200 404.9 946.262 45.8776 1026.13 549.751 72.6064 127.058 165.916 -804.663
ENERGY:   19200       223.0509       121.2889         0.0000         0.0000          -2925.5192       296.3621         0.0000         0.0000       606.2374          -1678.5799       290.9609     -2284.8173     -1674.4751       286.8615            746.6922      -804.1307      6589.9126        21.5783        49.9959

PRESSURE: 19300 5952.34 2483.85 -139.157 2483.85 279.226 2933.72 -139.157 2933.72 -2379.36
GPRESSURE: 19300 1902.49 1349.64 -1937.13 1031.31 104.213 429.857 -665.314 999.218 -604.736
PRESSAVG: 19300 -504.77 158.585 198.805 158.585 481.254 -538.713 198.805 -538.713 228.049
GPRESSAVG: 19300 -467.026 282.801 160.931 224.214 415.922 -629.264 147.819 -608.166 267.656
ENERGY:   19300       218.4397       128.8420         0.0000         0.0000          -2934.3458       322.9031         0.0000         0.0000       582.4989          -1681.6622       279.5678     -2264.1611     -1676.2695       288.0150           1284.0685       467.3218      6570.6466        68.1778        72.1840

PRESSURE: 19400 5987.72 2692.96 1818.63 2692.96 -1302.41 -1227.14 1818.63 -1227.14 3794.39
GPRESSURE: 19400 1359.63 666.884 98.5808 386.095 436.378 841.797 -91.8867 -177.562 2591.17
PRESSAVG: 19400 327.198 1225.17 -387.566 1225.17 -100.969 157.502 -387.566 157.502 202.572
GPRESSAVG: 19400 239.141 1125.33 -367.155 1132.94 -64.6991 194.955 -460.845 245.032 250.025
ENERGY:   19400       227.0991       119.2916         0.0000         0.0000          -2967.9019       342.6100         0.0000         0.0000       596.5904          -1682.3108       286.3309     -2278.9011     -1678.1086       290.9016           2826.5649      1462.3917      6470.4141       142.9335       141.4891

PRESSURE: 19500 2605.68 -1481.21 -2205.67 -1481.21 3549.74 711.311 -2205.67 711.311 5685.97
GPRESSURE: 19500 1252.77 -64.9229 -740.85 -315.934 1524.44 1202.38 -328.69 1578.74 2416.3
PRESSAVG: 19500 450.048 853.54 407.013 853.54 -758.868 560.666 407.013 560.666 151.617
GPRESSAVG: 19500 477.382 855.468 343.967 1003.34 -784.2 622.632 464.805 517.153 97.663
ENERGY:   19500       214.0291       142.2776         0.0000         0.0000          -2982.6932       349.9634         0.0000         0.0000       593.9037          -1682.5195       285.0414     -2276.4231     -1676.6965       286.7986           3947.1294      1731.1693      6488.2691       -52.4009       -69.7182

WRITING EXTENDED SYSTEM TO RESTART FILE AT STEP 19500
WRITING COORDINATES TO DCD FILE water_simulation.dcd AT STEP 19500
WRITING COORDINATES TO RESTART FILE AT STEP 19500
FINISHED WRITING RESTART COORDINATES
WRITING VELOCITIES TO DCD FILE AT STEP 19500
WRITING VELOCITIES TO RESTART FILE AT STEP 19500
FINISHED WRITING RESTART VELOCITIES
PRESSURE: 19600 3054.38 1673.62 4412 1673.62 -556.571 996.575 4412 996.575 3292.9
GPRESSURE: 19600 -304.478 -426.941 2297.53 519.096 823.128 745.854 1586.19 510.606 706.646
PRESSAVG: 19600 -136.327 -215.974 507.065 -215.974 -609.072 -630.268 507.065 -630.268 765.732
GPRESSAVG: 19600 -156.919 -223.448 635.297 -296.356 -611.362 -610.198 518.025 -574.18 752.756
ENERGY:   19600       219.5941       127.3561         0.0000         0.0000          -2942.3114       327.1372         0.0000         0.0000       582.6647          -1685.5593       279.6473     -2268.2240     -1679.6366       288.6091           1930.2368       408.4321      6569.8904         6.7780        -5.1749

PRESSURE: 19700 -288.223 219.886 2716.3 219.886 1314.03 1755.01 2716.3 1755.01 1687.2
GPRESSURE: 19700 -426.045 159.702 665.892 -589.441 -830.857 -270.428 518.018 -272.469 1562.16
PRESSAVG: 19700 89.1745 325.039 156.596 325.039 -775.885 -631.523 156.596 -631.523 931.095
GPRESSAVG: 19700 52.49 338.579 177.269 275.009 -778.955 -655.321 -1.27927 -696.376 946.614
ENERGY:   19700       217.5305       122.5743         0.0000         0.0000          -2949.2457       315.6294         0.0000         0.0000       621.4768          -1672.0348       298.2750     -2293.5116     -1665.5948       286.3194            904.3340       101.7520      6535.4204        81.4616        73.3831

PRESSURE: 19800 2592.1 -1622.61 -63.4635 -1622.61 3166.64 -773.267 -63.4635 -773.267 633.701
GPRESSURE: 19800 829.71 1221.4 1066.46 431.007 1057.3 -562.465 305.974 -462.097 360.825
PRESSAVG: 19800 -672.081 -91.0235 625.838 -91.0235 -599.178 -676.037 625.838 -676.037 376.283
GPRESSAVG: 19800 -635.008 -49.565 508.429 18.5305 -682.485 -745.91 673.986 -731.378 439.349
ENERGY:   19800       214.9882       130.8528         0.0000         0.0000          -2976.3005       335.5367         0.0000         0.0000       620.3955          -1674.5272       297.7561     -2294.9228     -1668.2301       293.0419           2130.8131       749.2778      6521.5205      -298.3254      -292.7145

PRESSURE: 19900 3174.6 411.42 -1429.12 411.42 -6053.15 -1029.62 -1429.12 -1029.62 1160.13
GPRESSURE: 19900 579.167 687.702 645.538 257.962 -3281.97 -462.172 512.42 -512.762 -1800.73
PRESSAVG: 19900 902.039 34.4939 -303.297 34.4939 -1383.15 -161.666 -303.297 -161.666 -6.83352
GPRESSAVG: 19900 915.947 60.5991 -299.592 -128.401 -1362.74 -70.0015 -202.889 -132.511 -28.4862
ENERGY:   19900       223.1798       122.5529         0.0000         0.0000          -2903.0014       282.2907         0.0000         0.0000       602.2680          -1672.7100       289.0558     -2274.9780     -1667.5427       293.3094           -572.8036     -1501.1777      6627.8324      -162.6470      -158.4267

PRESSURE: 20000 2777.05 -3611.69 870.944 -3611.69 -1176.32 1768.37 870.944 1768.37 190.416
GPRESSURE: 20000 -1119.2 -1654.11 1306.33 222.129 -1172.24 862.805 1415.92 738.881 -951.713
PRESSAVG: 20000 1282.96 100.849 348.02 100.849 -586.399 441.605 348.02 441.605 -322.971
GPRESSAVG: 20000 1276.95 26.6819 414.481 207.083 -522.909 388.981 377.053 512 -381.159
TIMING: 20000  CPU: 99.886, 0.006053/step  Wall: 99.886, 0.006053/step, 0.134679 hours remaining, 6.441406 MB of memory in use.
ETITLE:      TS           BOND          ANGLE          DIHED          IMPRP               ELECT            VDW       BOUNDARY           MISC        KINETIC               TOTAL           TEMP      POTENTIAL         TOTAL3        TEMPAVG            PRESSURE      GPRESSURE         VOLUME       PRESSAVG      GPRESSAVG

ENERGY:   20000       213.4315       133.0940         0.0000         0.0000          -2926.3765       293.5062         0.0000         0.0000       609.2576          -1677.0873       292.4105     -2286.3449     -1671.8744       290.3734            597.0487     -1081.0500      6682.8924       124.5301       124.2935

WRITING EXTENDED SYSTEM TO RESTART FILE AT STEP 20000
WRITING COORDINATES TO DCD FILE water_simulation.dcd AT STEP 20000
WRITING COORDINATES TO RESTART FILE AT STEP 20000
FINISHED WRITING RESTART COORDINATES
WRITING VELOCITIES TO DCD FILE AT STEP 20000
WRITING VELOCITIES TO RESTART FILE AT STEP 20000
FINISHED WRITING RESTART VELOCITIES
PRESSURE: 20100 1342.12 -2172.4 376.299 -2172.4 3832.23 142.076 376.299 142.076 117.032
GPRESSURE: 20100 -484.81 1123.32 -195.595 -700.125 -387.532 -274.132 -1695.87 185.291 -234.103
PRESSAVG: 20100 429.548 -272.195 431.269 -272.195 -33.5799 788.465 431.269 788.465 -373.821
GPRESSAVG: 20100 388.496 -232.578 385.529 -274.922 -92.249 777.254 359.489 784.833 -312.974
ENERGY:   20100       216.4434       141.2668         0.0000         0.0000          -2992.7301       323.6467         0.0000         0.0000       622.7691          -1688.6041       298.8952     -2311.3732     -1683.1610       290.8378           1763.7919      -368.8151      6711.6657         7.3825        -5.5757

LDB: ============= START OF LOAD BALANCING ============== 100.666
LDB: ============== END OF LOAD BALANCING =============== 100.666
LDB: =============== DONE WITH MIGRATION ================ 100.666
LDB: ============= START OF LOAD BALANCING ============== 100.909
LDB: ============== END OF LOAD BALANCING =============== 100.909
LDB: =============== DONE WITH MIGRATION ================ 100.909
PRESSURE: 20200 545.189 874.287 383.896 874.287 3795.13 802.369 383.896 802.369 963.318
GPRESSURE: 20200 -868.12 864.844 601.678 660.884 731.454 -155.149 874.075 -946.699 378.072
PRESSAVG: 20200 135.215 665.922 132.155 665.922 374.134 425.22 132.155 425.22 -221.86
GPRESSAVG: 20200 186.528 664.082 139.542 602.145 397.808 443.648 54.9818 389.211 -336.414
ENERGY:   20200       214.3702       120.2575         0.0000         0.0000          -2967.8034       326.4198         0.0000         0.0000       612.2107          -1694.5452       293.8278     -2306.7559     -1689.4707       291.9001           1767.8806        80.4685      6631.3592        95.8296        82.6407

PRESSURE: 20300 2948.06 -838.292 -1021.08 -838.292 4245.16 1072.88 -1021.08 1072.88 -2013.24
GPRESSURE: 20300 1613.63 -514.941 -226.021 86.1354 404.558 836.811 -646.811 747.09 -661.253
PRESSAVG: 20300 957.155 578.539 608.141 578.539 -1043.49 79.5441 608.141 79.5441 -200.771
GPRESSAVG: 20300 937.066 546.408 559.439 666.708 -1062.21 56.5223 687.528 83.5721 -105.2
ENERGY:   20300       210.0564       131.8354         0.0000         0.0000          -2959.8473       325.1057         0.0000         0.0000       595.0042          -1697.8456       285.5696     -2292.8498     -1692.3790       288.3797           1726.6627       452.3103      6541.7084       -95.7035       -76.7800

PRESSURE: 20400 3079.4 -632.668 699.834 -632.668 3946.46 3874.89 699.834 3874.89 2435.46
GPRESSURE: 20400 882.328 797.122 -507.07 -437.167 -347.129 966.259 -310.971 1849.37 1604.92
PRESSAVG: 20400 60.4282 -146.84 261.394 -146.84 258.565 462.186 261.394 462.186 -477.661
GPRESSAVG: 20400 75.0898 -181.939 353.38 -158.765 216.803 501.217 299.904 498.608 -448.071
ENERGY:   20400       215.8542       144.6644         0.0000         0.0000          -2989.8882       334.6446         0.0000         0.0000       597.3586          -1697.3665       286.6996     -2294.7250     -1691.5307       288.4423           3153.7703       713.3726      6481.4261       -52.8892       -52.0596

PRESSURE: 20500 -170.356 -2341.1 2470.03 -2341.1 5112.31 906.143 2470.03 906.143 6682.5
GPRESSURE: 20500 1792.08 -356.912 1628.34 -1175.79 2375.86 -1772.35 2395.02 -1699.5 1593.55
PRESSAVG: 20500 835.853 -182.394 422.848 -182.394 -521.759 640.524 422.848 640.524 250.081
GPRESSAVG: 20500 789.745 -178.924 381.787 -155.436 -510.017 530.325 365.616 507.511 221.327
ENERGY:   20500       209.5510       124.0415         0.0000         0.0000          -2974.7495       355.0815         0.0000         0.0000       599.6916          -1686.3839       287.8193     -2286.0755     -1680.4168       291.5244           3874.8176      1920.4984      6494.2532       188.0584       167.0183

WRITING EXTENDED SYSTEM TO RESTART FILE AT STEP 20500
WRITING COORDINATES TO DCD FILE water_simulation.dcd AT STEP 20500
WRITING COORDINATES TO RESTART FILE AT STEP 20500
FINISHED WRITING RESTART COORDINATES
WRITING VELOCITIES TO DCD FILE AT STEP 20500
WRITING VELOCITIES TO RESTART FILE AT STEP 20500
FINISHED WRITING RESTART VELOCITIES
PRESSURE: 20600 -1662.62 -2705.06 1497.27 -2705.06 5280.28 -2143.7 1497.27 -2143.7 -934.948
GPRESSURE: 20600 57.3282 -796.042 -365.513 -982.479 861.434 710.004 -921.134 -207.305 -1322.82
PRESSAVG: 20600 -517.117 -721.374 554.713 -721.374 1457.19 -71.6191 554.713 -71.6191 -897.253
GPRESSAVG: 20600 -432.832 -713.887 619.972 -778.779 1390.53 -110.592 524.345 47.7944 -893.604
ENERGY:   20600       213.9352       131.4561         0.0000         0.0000          -2981.3417       321.2407         0.0000         0.0000       615.6811          -1699.0286       295.4934     -2314.7097     -1693.7613       288.1286            894.2388      -134.6850      6608.2176        14.2725        21.3638

PRESSURE: 20700 549.472 263.7 302.57 263.7 66.7236 -963.542 302.57 -963.542 -3063.59
GPRESSURE: 20700 -1065.51 291.689 1022.46 581.049 -685.711 -1082.52 2111.54 -238.639 -1359.61
PRESSAVG: 20700 607.388 69.5788 471.873 69.5788 821.305 -695.889 471.873 -695.889 -1283.42
GPRESSAVG: 20700 584.008 120.426 338.108 140.574 886.158 -600.106 525.408 -674.506 -1311.37
ENERGY:   20700       226.8126       125.5224         0.0000         0.0000          -2961.8582       299.2372         0.0000         0.0000       621.8768          -1688.4092       298.4670     -2310.2861     -1682.7571       294.5910           -815.7986     -1036.9449      6596.9388        48.4225        52.9317

PRESSURE: 20800 2865.85 2766.94 -1181.42 2766.94 -721.242 1456.2 -1181.42 1456.2 -3133.25
GPRESSURE: 20800 1070.22 1317.29 126.349 1246.89 -972.546 757.042 -1126.95 -106.083 -566.999
PRESSAVG: 20800 931.791 1183.48 85.4227 1183.48 806.068 -322.593 85.4227 -322.593 -1533.75
GPRESSAVG: 20800 897.054 1116.58 200.085 1102.75 791.083 -273.032 121.902 -427.852 -1492.94
ENERGY:   20800       223.8775       125.1545         0.0000         0.0000          -2960.8079       320.4182         0.0000         0.0000       600.8272          -1690.5304       288.3643     -2291.3576     -1684.4823       292.3741           -329.5478      -156.4434      6641.8048        68.0362        65.0673

PRESSURE: 20900 -1493.75 313.259 -902.447 313.259 -2715.17 -1642.79 -902.447 -1642.79 -30.1384
GPRESSURE: 20900 -1443.14 1723.52 87.1163 1814.84 -555.492 160.03 -812.213 -381.577 102.188
PRESSAVG: 20900 -813.267 628.875 -539.788 628.875 1092.61 589.748 -539.788 589.748 605.822
GPRESSAVG: 20900 -794.976 596.114 -563.468 715.25 1118.67 588.811 -651.389 591.295 540.235
ENERGY:   20900       233.7623       131.4118         0.0000         0.0000          -2957.9059       308.6354         0.0000         0.0000       599.9340          -1684.1624       287.9356     -2284.0964     -1678.1405       290.7272          -1413.0190      -632.1495      6639.4443       295.0566       287.9779

PRESSURE: 21000 -2229.21 -2437.37 1130.98 -2437.37 -1091.69 1694.62 1130.98 1694.62 -1509.82
GPRESSURE: 21000 -82.1582 1024.36 334.595 230.445 -1911.58 -501.657 1194.1 -270.689 386.686
PRESSAVG: 21000 386.46 1160.77 107.46 1160.77 -13.9113 -301.177 107.46 -301.177 -139.294
GPRESSAVG: 21000 373.045 1227.85 128.094 1114.77 -1.95533 -368.349 123.748 -270.862 -75.1436
TIMING: 21000  CPU: 104.674, 0.004788/step  Wall: 104.674, 0.004788/step, 0.105203 hours remaining, 6.441406 MB of memory in use.
ETITLE:      TS           BOND          ANGLE          DIHED          IMPRP               ELECT            VDW       BOUNDARY           MISC        KINETIC               TOTAL           TEMP      POTENTIAL         TOTAL3        TEMPAVG            PRESSURE      GPRESSURE         VOLUME       PRESSAVG      GPRESSAVG

ENERGY:   21000       226.0356       148.4118         0.0000         0.0000          -2969.2559       327.7334         0.0000         0.0000       578.8490          -1688.2262       277.8160     -2267.0752     -1682.2342       284.6997          -1610.2387      -535.6845      6760.5811        77.7515        98.6487

WRITING EXTENDED SYSTEM TO RESTART FILE AT STEP 21000
WRITING COORDINATES TO DCD FILE water_simulation.dcd AT STEP 21000
WRITING COORDINATES TO RESTART FILE AT STEP 21000
FINISHED WRITING RESTART COORDINATES
WRITING VELOCITIES TO DCD FILE AT STEP 21000
WRITING VELOCITIES TO RESTART FILE AT STEP 21000
FINISHED WRITING RESTART VELOCITIES
PRESSURE: 21100 -4251.88 3080.75 -1848.81 3080.75 -3186.34 -2068.21 -1848.81 -2068.21 -3943.49
GPRESSURE: 21100 -1374.38 47.0426 -486.89 254.623 -1833.2 -276.982 -887.742 -269.7 -1495.02
PRESSAVG: 21100 -550.593 -286.639 434.568 -286.639 -79.1203 -188.951 434.568 -188.951 309.258
GPRESSAVG: 21100 -519.285 -243.028 366.965 -270.029 -81.9644 -201.589 561.493 -112.783 337.451
ENERGY:   21100       250.0063       120.7357         0.0000         0.0000          -2938.8581       299.0516         0.0000         0.0000       582.5631          -1686.5013       279.5986     -2269.0644     -1681.3595       282.2272          -3793.9035     -1567.5329      6797.1258      -106.8184       -87.9328

PRESSURE: 21200 -3056.32 559.668 2042.75 559.668 -1502.23 489.592 2042.75 489.592 -3040.85
GPRESSURE: 21200 -2073.79 -220.593 317.729 521.75 271.507 1742.65 454.187 1253.03 -28.9508
PRESSAVG: 21200 -724.321 -52.5823 -107.521 -52.5823 614.217 504.872 -107.521 504.872 -18.3037
GPRESSAVG: 21200 -725.381 -56.5663 -18.8435 -96.4438 626.224 541.117 -227.301 481.986 -31.7534
ENERGY:   21200       235.7685       129.6862         0.0000         0.0000          -2964.1103       326.7769         0.0000         0.0000       596.9162          -1674.9625       286.4873     -2271.8787     -1669.8790       285.3557          -2533.1329      -610.4116      6888.7516       -42.8024       -43.6369

PRESSURE: 21300 -990.863 -1344.99 1410.73 -1344.99 -3049.93 -226.063 1410.73 -226.063 -3674.73
GPRESSURE: 21300 -649.618 -53.3644 -828.777 -601.233 -538.895 -477.205 1210.52 -398.389 -2837.23
PRESSAVG: 21300 -479.563 900.12 840.012 900.12 758.943 805.065 840.012 805.065 -142.765
GPRESSAVG: 21300 -447.733 932.525 710.709 901.751 710.837 790.144 871.153 793.089 -112.83
ENERGY:   21300       242.3507       138.0313         0.0000         0.0000          -2977.7239       309.5499         0.0000         0.0000       619.4759          -1668.3160       297.3147     -2287.7919     -1663.3485       295.4002          -2571.8411     -1341.9128      6821.0847        45.5384        50.0914

PRESSURE: 21400 -326.261 2241.21 -805.568 2241.21 1307.37 -2040.07 -805.568 -2040.07 -3469.07
GPRESSURE: 21400 -631.199 178.727 1049.82 -344.839 1324.01 193.958 1092.57 -407.351 -1717.71
PRESSAVG: 21400 -244.767 326.147 51.2896 326.147 692.625 314.935 51.2896 314.935 32.4643
GPRESSAVG: 21400 -284.66 281.737 213.093 403.186 732.574 306.119 37.3541 297.572 -27.0226
ENERGY:   21400       240.0613       139.1441         0.0000         0.0000          -3004.6197       329.6094         0.0000         0.0000       613.2225          -1682.5823       294.3134     -2295.8048     -1676.8815       293.5627           -829.3216      -341.6354      6731.0303       160.1074       140.2969

PRESSURE: 21500 -1708.79 2440.92 1343.47 2440.92 -1056.36 1610 1343.47 1610 -206.55
GPRESSURE: 21500 -681.343 792.345 1300.12 1143.81 1219.39 59.7029 1792.42 509.085 -781.526
PRESSAVG: 21500 -835.136 373.91 508.659 373.91 1382.72 -459.009 508.659 -459.009 -674.267
GPRESSAVG: 21500 -889.805 319.779 524.185 297.175 1349.38 -395.877 653.881 -444.343 -641.289
ENERGY:   21500       237.1823       123.6266         0.0000         0.0000          -3009.3325       343.8878         0.0000         0.0000       614.9338          -1689.7020       295.1347     -2304.6357     -1684.1473       286.6330           -990.5662       -81.1603      6763.0499       -42.2286       -60.5727

WRITING EXTENDED SYSTEM TO RESTART FILE AT STEP 21500
WRITING COORDINATES TO DCD FILE water_simulation.dcd AT STEP 21500
WRITING COORDINATES TO RESTART FILE AT STEP 21500
FINISHED WRITING RESTART COORDINATES
WRITING VELOCITIES TO DCD FILE AT STEP 21500
WRITING VELOCITIES TO RESTART FILE AT STEP 21500
FINISHED WRITING RESTART VELOCITIES
PRESSURE: 21600 -3173.42 -412.138 678.652 -412.138 -917.822 -1705.06 678.652 -1705.06 2447.12
GPRESSURE: 21600 45.3219 2020.75 -425.156 1815.97 1211.22 485.018 240.316 -295.508 440.604
PRESSAVG: 21600 -112.868 -81.1415 1168.65 -81.1415 -263.346 -125.872 1168.65 -125.872 -145.476
GPRESSAVG: 21600 -99.5375 14.9259 1144.4 -55.5911 -230.245 -122.992 974.198 -188.049 -187.974
ENERGY:   21600       247.0302       128.4596         0.0000         0.0000          -3029.8055       358.3743         0.0000         0.0000       612.1565          -1683.7849       293.8018     -2295.9414     -1678.7338       287.5550           -548.0429       565.7154      6729.5406      -173.8963      -172.5854

PRESSURE: 21700 -4929.83 775.987 854.767 775.987 -1059.99 74.5425 854.767 74.5425 -2254.55
GPRESSURE: 21700 -2383.11 1222.28 917.7 20.1932 -41.7203 -681.6 69.4485 460.705 -1632.45
PRESSAVG: 21700 -822.197 746.332 -231.071 746.332 530.775 204.568 -231.071 204.568 -329.932
GPRESSAVG: 21700 -761.102 788.437 -188.162 703.648 471.268 202.543 -213.524 243.032 -315.921
ENERGY:   21700       225.0114       127.6076         0.0000         0.0000          -2969.4133       311.9667         0.0000         0.0000       621.2529          -1683.5747       298.1676     -2304.8276     -1676.8726       289.9164          -2748.1243     -1352.4268      6859.1322      -207.1178      -201.9184

PRESSURE: 21800 -180.831 1470.07 -340.469 1470.07 -2392.22 295.96 -340.469 295.96 -3079.23
GPRESSURE: 21800 -278.953 1073.07 -556.032 1657.18 811.862 328.591 -1333.47 57.8612 -753.445
PRESSAVG: 21800 -692.761 -220.218 -303.802 -220.218 1113.64 -190.638 -303.802 -190.638 -211.445
GPRESSAVG: 21800 -704.24 -310.329 -411.18 -180.357 1086.43 -272.777 -244.661 -175.476 -198.935
ENERGY:   21800       238.2328       133.2590         0.0000         0.0000          -3002.5351       344.6842         0.0000         0.0000       601.6541          -1684.7051       288.7612     -2286.3592     -1679.0185       289.6946          -1884.0934       -73.5118      6840.9176        69.8115        61.0841

PRESSURE: 21900 -77.8842 320.803 1524.52 320.803 -5325.99 -850.181 1524.52 -850.181 14.8572
GPRESSURE: 21900 -264.362 760.271 637.867 343.152 879.832 196.659 1179.54 -99.0944 76.7133
PRESSAVG: 21900 91.2482 283.696 -447.25 283.696 629.749 3.0818 -447.25 3.0818 -1206.38
GPRESSAVG: 21900 48.3111 268.337 -395.784 337.701 674.123 61.8805 -454.509 13.5886 -1224.29
ENERGY:   21900       254.9461       146.4550         0.0000         0.0000          -3037.0133       348.0742         0.0000         0.0000       600.4215          -1687.1165       288.1696     -2287.5380     -1682.1276       292.2859          -1796.3378       230.7279      6766.6994      -161.7942      -167.2856

PRESSURE: 22000 -2056.19 1572.63 4363.12 1572.63 -1965.13 -74.4471 4363.12 -74.4471 -5352.94
GPRESSURE: 22000 75.0786 497.718 2047.86 1137.49 -715.253 669.409 1388.16 257.954 -3014.48
PRESSAVG: 22000 -992.175 301.917 -32.8868 301.917 576.066 -168.584 -32.8868 -168.584 212.616
GPRESSAVG: 22000 -974.081 223.623 -29.4627 241.642 596.095 -103.661 -18.8504 -223.865 176.673
TIMING: 22000  CPU: 109.511, 0.004837/step  Wall: 109.511, 0.004837/step, 0.104936 hours remaining, 6.441406 MB of memory in use.
ETITLE:      TS           BOND          ANGLE          DIHED          IMPRP               ELECT            VDW       BOUNDARY           MISC        KINETIC               TOTAL           TEMP      POTENTIAL         TOTAL3        TEMPAVG            PRESSURE      GPRESSURE         VOLUME       PRESSAVG      GPRESSAVG

ENERGY:   22000       241.8230       111.0112         0.0000         0.0000          -2974.7627       311.2714         0.0000         0.0000       623.2535          -1687.4036       299.1277     -2310.6571     -1681.9578       292.6914          -3124.7535     -1218.2171      6837.1351       -67.8309       -67.1041

WRITING EXTENDED SYSTEM TO RESTART FILE AT STEP 22000
WRITING COORDINATES TO DCD FILE water_simulation.dcd AT STEP 22000
WRITING COORDINATES TO RESTART FILE AT STEP 22000
FINISHED WRITING RESTART COORDINATES
WRITING VELOCITIES TO DCD FILE AT STEP 22000
WRITING VELOCITIES TO RESTART FILE AT STEP 22000
FINISHED WRITING RESTART VELOCITIES
PRESSURE: 22100 -836.36 -1081.3 530.473 -1081.3 -2611.4 3677.35 530.473 3677.35 -3806.64
GPRESSURE: 22100 -168.038 -663.801 -1000.66 -32.326 1312.64 678.238 -322.342 1582.12 -915.819
PRESSAVG: 22100 -129.34 -55.1827 412.608 -55.1827 1516.79 292.429 412.608 292.429 -1020.02
GPRESSAVG: 22100 -123.062 68.1968 366.22 -65.848 1501.93 139.302 346.066 333.121 -976.687
ENERGY:   22100       244.3331       137.5475         0.0000         0.0000          -3012.6839       348.2393         0.0000         0.0000       572.7355          -1709.8285       274.8818     -2282.5640     -1704.4680       288.9689          -2418.1335        76.2624      6778.8612       122.4780       134.0597

LDB: ============= START OF LOAD BALANCING ============== 110.287
LDB: ============== END OF LOAD BALANCING =============== 110.287
LDB: =============== DONE WITH MIGRATION ================ 110.287
LDB: ============= START OF LOAD BALANCING ============== 110.541
LDB: ============== END OF LOAD BALANCING =============== 110.542
LDB: =============== DONE WITH MIGRATION ================ 110.542
PRESSURE: 22200 -685.334 -2986.93 -724.174 -2986.93 -1604.25 -337.759 -724.174 -337.759 -2361.01
GPRESSURE: 22200 -5.20721 -1153.78 1607.68 -672.366 2128.51 105.218 134.634 138.603 1183.82
PRESSAVG: 22200 -231.972 -94.8696 -226.77 -94.8696 1052.32 67.0515 -226.77 67.0515 -886.082
GPRESSAVG: 22200 -272.2 -151.621 -171.889 -21.8547 1053.31 109.677 -213.61 -43.4806 -850.13
ENERGY:   22200       248.0924       138.1688         0.0000         0.0000          -3048.7975       361.6607         0.0000         0.0000       588.3410          -1712.5345       282.3716     -2300.8755     -1707.3496       283.7742          -1550.1971      1102.3748      6655.3554       -21.9117       -23.0059

PRESSURE: 22300 -6764.37 153.999 1099.73 153.999 -2224.02 -2540.19 1099.73 -2540.19 -859.908
GPRESSURE: 22300 -2287.28 -952.78 -619.567 -1069.93 1041.37 54.9698 -1166.55 -854.55 257.993
PRESSAVG: 22300 -208.883 470.187 -681.007 470.187 641.671 35.8281 -681.007 35.8281 -607.764
GPRESSAVG: 22300 -244.235 546.38 -678.414 370.055 672.633 120.818 -652.112 143.812 -612.504
ENERGY:   22300       240.4141       140.2674         0.0000         0.0000          -3000.9291       318.2236         0.0000         0.0000       598.7775          -1703.2465       287.3806     -2302.0240     -1697.6701       291.6443          -3282.7672      -329.3054      6566.6537       -58.3254       -61.3687

PRESSURE: 22400 -3223.39 3201.89 1459.51 3201.89 -1835.65 -2014.01 1459.51 -2014.01 -2687.81
GPRESSURE: 22400 821.091 266.15 323.851 1085.51 -408.321 -479.094 408.844 227.305 -179.431
PRESSAVG: 22400 134.803 717.666 352.539 717.666 282.681 -880.937 352.539 -880.937 -135.826
GPRESSAVG: 22400 225.58 579.706 327.073 859.905 230.474 -934.814 318.038 -789.252 -157
ENERGY:   22400       240.6330       119.0196         0.0000         0.0000          -2994.3204       333.6797         0.0000         0.0000       594.6181          -1706.3700       285.3843     -2300.9881     -1700.0587       286.1156          -2582.2836        77.7797      6654.3673        93.8859        99.6844

PRESSURE: 22500 -1780.89 1175.3 1060.33 1175.3 -6622.33 421.387 1060.33 421.387 -773.062
GPRESSURE: 22500 -1932.76 1578.59 -889.852 1983.85 -759.914 -929.487 -1315.83 -622.972 476.876
PRESSAVG: 22500 -288.733 710.869 -66.8492 710.869 995.873 -287.011 -66.8492 -287.011 -862.782
GPRESSAVG: 22500 -346.032 692.98 -148.016 633.439 1055.72 -180.446 -48.3692 -355.396 -826.499
ENERGY:   22500       250.9492       115.1856         0.0000         0.0000          -2987.7734       319.9162         0.0000         0.0000       601.7540          -1699.9684       288.8091     -2301.7224     -1694.7096       279.8860          -3058.7619      -738.5997      6745.1446       -51.8810       -38.9353

WRITING EXTENDED SYSTEM TO RESTART FILE AT STEP 22500
WRITING COORDINATES TO DCD FILE water_simulation.dcd AT STEP 22500
WRITING COORDINATES TO RESTART FILE AT STEP 22500
FINISHED WRITING RESTART COORDINATES
WRITING VELOCITIES TO DCD FILE AT STEP 22500
WRITING VELOCITIES TO RESTART FILE AT STEP 22500
FINISHED WRITING RESTART VELOCITIES
PRESSURE: 22600 -4369.19 -965.012 176.309 -965.012 -3279.83 2.02874 176.309 2.02874 -4305.29
GPRESSURE: 22600 -775.747 182.331 -751.538 966.166 -713.29 -192.565 246.82 -569.776 -1488.17
PRESSAVG: 22600 -1739.09 380.534 -592.131 380.534 812.612 246.737 -592.131 246.737 -132.295
GPRESSAVG: 22600 -1690.62 516.776 -521.02 412.459 831.549 206.182 -531.872 176.39 -191.815
ENERGY:   22600       228.3159       147.3817         0.0000         0.0000          -2992.2782       313.1998         0.0000         0.0000       600.5061          -1702.8747       288.2102     -2303.3808     -1696.9027       286.9126          -3984.7696      -992.4006      6744.6005      -352.9242      -350.2951

PRESSURE: 22700 -5253.22 -3656.19 1330.48 -3656.19 1624.3 1154.92 1330.48 1154.92 -4555.07
GPRESSURE: 22700 275.916 -1727.27 1112.03 -2046.17 1402.54 310.702 76.1998 413.624 -71.457
PRESSAVG: 22700 -887.67 -84.6312 401.914 -84.6312 1237.3 72.8217 401.914 72.8217 -252.994
GPRESSAVG: 22700 -894.664 -65.5101 438 -138.536 1156.08 -55.5737 375.699 86.8463 -162.667
ENERGY:   22700       252.6815       133.7667         0.0000         0.0000          -3018.3728       351.4630         0.0000         0.0000       579.4808          -1700.9808       278.1192     -2280.4617     -1696.3275       287.1155          -2727.9945       535.6669      6691.8988        32.2108        32.9170

PRESSURE: 22800 -6526.45 682.198 1260.74 682.198 -3203.59 1399.91 1260.74 1399.91 689.591
GPRESSURE: 22800 -739.535 742.95 2084.05 1156.76 1185.01 483.792 1492.55 -415.888 -277.107
PRESSAVG: 22800 -459.073 996.085 391.09 996.085 701.848 -1011.94 391.09 -1011.94 -39.7927
GPRESSAVG: 22800 -362.359 920.322 300.195 1001.07 731.578 -957.663 334.823 -950.515 -108.522
ENERGY:   22800       243.8602       135.6654         0.0000         0.0000          -3002.3610       332.9375         0.0000         0.0000       588.7739          -1701.1240       282.5794     -2289.8980     -1696.2117       289.5988          -3013.4844        56.1231      6640.6444        67.6608        86.8989

PRESSURE: 22900 -902.061 -2128.71 248.465 -2128.71 -857.66 -1519.48 248.465 -1519.48 295.389
GPRESSURE: 22900 254.767 306.448 1851.18 -188.17 2103.43 -1382.99 1113.84 -956.065 2085.32
PRESSAVG: 22900 -673.535 -155.499 516.898 -155.499 309.293 232.817 516.898 232.817 620.601
GPRESSAVG: 22900 -718.172 -127.552 548.723 -195.815 352.616 188.644 613.221 195.856 580.274
ENERGY:   22900       236.2619       141.5066         0.0000         0.0000          -3027.7702       363.3729         0.0000         0.0000       594.9555          -1691.6733       285.5462     -2286.6288     -1685.7466       284.1880           -488.1108      1481.1704      6565.4164        85.4530        71.5726

PRESSURE: 23000 -1806.4 -198.277 3876.72 -198.277 -2686.11 -2974.35 3876.72 -2974.35 58.5592
GPRESSURE: 23000 546.313 -1235.86 2362.13 -720.451 -1748.81 -884.616 1753.44 -1111.13 1033.45
PRESSAVG: 23000 956.9 742.753 553.969 742.753 245.168 -1000.82 553.969 -1000.82 -1066.35
GPRESSAVG: 23000 929.094 651.219 541.14 746.796 226.478 -935.787 518.778 -957.247 -1001.5
TIMING: 23000  CPU: 114.641, 0.00513/step  Wall: 114.64, 0.005129/step, 0.109846 hours remaining, 6.441406 MB of memory in use.
ETITLE:      TS           BOND          ANGLE          DIHED          IMPRP               ELECT            VDW       BOUNDARY           MISC        KINETIC               TOTAL           TEMP      POTENTIAL         TOTAL3        TEMPAVG            PRESSURE      GPRESSURE         VOLUME       PRESSAVG      GPRESSAVG

ENERGY:   23000       241.3557       115.1821         0.0000         0.0000          -2958.4045       328.6495         0.0000         0.0000       587.5828          -1685.6343       282.0077     -2273.2171     -1680.7079       283.9674          -1477.9851       -56.3483      6626.9174        45.2395        51.3571

WRITING EXTENDED SYSTEM TO RESTART FILE AT STEP 23000
WRITING COORDINATES TO DCD FILE water_simulation.dcd AT STEP 23000
WRITING COORDINATES TO RESTART FILE AT STEP 23000
FINISHED WRITING RESTART COORDINATES
WRITING VELOCITIES TO DCD FILE AT STEP 23000
WRITING VELOCITIES TO RESTART FILE AT STEP 23000
FINISHED WRITING RESTART VELOCITIES
PRESSURE: 23100 3156.72 -1703.06 -2194.04 -1703.06 15.5886 -1199.61 -2194.04 -1199.61 -587.82
GPRESSURE: 23100 2532.93 -147.374 183.598 958.335 1833.11 -1722.78 794.416 -692.448 2784.41
PRESSAVG: 23100 -409.755 -715.327 -288.797 -715.327 -161.363 -700.646 -288.797 -700.646 643.206
GPRESSAVG: 23100 -314.791 -596.472 -270.016 -605.884 -211.115 -759.306 -280.848 -790.207 648.273
ENERGY:   23100       226.7432       129.2784         0.0000         0.0000          -2976.4603       363.5963         0.0000         0.0000       570.8216          -1686.0207       273.9633     -2256.8423     -1680.3443       281.5566            861.4956      2383.4845      6462.1487        24.0293        40.7892

PRESSURE: 23200 -305.755 -73.1452 1677.24 -73.1452 -2521.8 -411.901 1677.24 -411.901 26.6161
GPRESSURE: 23200 -978.622 -286.236 255.522 -727.931 657.383 -186.853 -91.1 -1091.72 1194.95
PRESSAVG: 23200 -59.5981 139.748 108.942 139.748 -412.072 -1179.66 108.942 -1179.66 43.4187
GPRESSAVG: 23200 -174.174 61.9767 238.765 67.7429 -341.476 -1133.94 98.8184 -1092.9 108.828
ENERGY:   23200       235.6966       137.3526         0.0000         0.0000          -2979.8283       332.8617         0.0000         0.0000       592.4943          -1681.4232       284.3650     -2273.9174     -1676.9315       282.7705           -933.6462       291.2367      6576.6037      -142.7506      -135.6075

PRESSURE: 23300 -2539.33 -2242.23 283.923 -2242.23 -997.208 1674.69 283.923 1674.69 -294.746
GPRESSURE: 23300 -1412.42 -1016.36 -491.374 -933.91 1057.2 100.73 103.926 131.66 -993.241
PRESSAVG: 23300 -649.738 -36.1626 344.486 -36.1626 -284.044 15.6519 344.486 15.6519 644.99
GPRESSAVG: 23300 -637.495 -38.036 163.298 -9.92208 -291.373 -49.5315 287.441 -5.22029 620.594
ENERGY:   23300       242.4182       129.5052         0.0000         0.0000          -2975.2936       319.7690         0.0000         0.0000       599.4634          -1684.1378       287.7098     -2283.6012     -1679.5716       292.9169          -1277.0936      -449.4872      6645.4391       -96.2641      -102.7579

PRESSURE: 23400 795.215 766.895 -544.384 766.895 4518.22 -287.036 -544.384 -287.036 -319.056
GPRESSURE: 23400 1443.54 373.542 -1044.15 -301.216 3478.5 -99.7051 803.66 216.638 2848.05
PRESSAVG: 23400 -109.553 151.856 -530.4 151.856 649.944 -66.2565 -530.4 -66.2565 181.518
GPRESSAVG: 23400 -20.87 258.905 -413.402 100.332 610.992 -29.3658 -429.171 -91.0319 104.548
ENERGY:   23400       235.8897       119.7742         0.0000         0.0000          -3070.0015       395.2464         0.0000         0.0000       627.3750          -1691.7162       301.1058     -2319.0912     -1685.5759       291.4658           1664.7925      2590.0301      6536.3087       240.6364       231.5565

PRESSURE: 23500 66.1038 -1023.44 -992.561 -1023.44 1020.87 2167.22 -992.561 2167.22 775.651
GPRESSURE: 23500 -648.789 -669.346 823.576 -483.011 1275.92 -590.705 -122.098 241.453 2887.43
PRESSAVG: 23500 7.74655 -119.5 913.15 -119.5 -466.531 186.492 913.15 186.492 569.942
GPRESSAVG: 23500 -58.9674 -220.717 898.378 -125.828 -432.25 271.21 852.574 203.736 631.293
ENERGY:   23500       217.9331       128.8730         0.0000         0.0000          -3016.2580       357.5232         0.0000         0.0000       619.2642          -1692.6645       297.2131     -2311.9287     -1686.2644       290.9985            620.8748      1171.5230      6605.0831        37.0525        46.6920

WRITING EXTENDED SYSTEM TO RESTART FILE AT STEP 23500
WRITING COORDINATES TO DCD FILE water_simulation.dcd AT STEP 23500
WRITING COORDINATES TO RESTART FILE AT STEP 23500
FINISHED WRITING RESTART COORDINATES
WRITING VELOCITIES TO DCD FILE AT STEP 23500
WRITING VELOCITIES TO RESTART FILE AT STEP 23500
FINISHED WRITING RESTART VELOCITIES
PRESSURE: 23600 -5069.55 1819.23 1335.03 1819.23 -1722.53 -1926.8 1335.03 -1926.8 1800.72
GPRESSURE: 23600 -1117.47 -745.047 -183.258 -847.653 233.581 90.8993 299.845 346.543 332.246
PRESSAVG: 23600 -1041.59 -351.484 -626.233 -351.484 250.625 -537.398 -626.233 -537.398 752.659
GPRESSAVG: 23600 -1077.43 -318.608 -678.32 -305.839 282.335 -662.997 -616.593 -449.716 769.686
ENERGY:   23600       242.6877       126.4309         0.0000         0.0000          -2996.6092       330.6754         0.0000         0.0000       608.1835          -1688.6318       291.8950     -2296.8153     -1684.2684       291.5808          -1663.7858      -183.8795      6686.8417       -12.7671        -8.4710

PRESSURE: 23700 -573.329 1658.19 -2079.5 1658.19 3689.71 -1772.64 -2079.5 -1772.64 3780.35
GPRESSURE: 23700 3184.07 1459.38 -2258.04 798.041 2698.2 -734.312 -1749.23 -828.819 1727.3
PRESSAVG: 23700 706.989 160.402 -736.391 160.402 265.092 -290.796 -736.391 -290.796 -1030.23
GPRESSAVG: 23700 811.344 140.026 -783.981 107.363 226.845 -170.007 -677.482 -321.736 -1086.17
ENERGY:   23700       219.1643       116.9109         0.0000         0.0000          -3044.8242       391.2298         0.0000         0.0000       623.0217          -1694.4973       299.0165     -2317.5191     -1687.5211       292.7348           2298.9101      2536.5199      6629.3752       -19.3817       -15.9949

PRESSURE: 23800 1922.74 -1528.25 -1597.06 -1528.25 3420.26 799.223 -1597.06 799.223 30.9295
GPRESSURE: 23800 1195.56 -433.651 -2241.22 415.875 3702.97 -1252.46 -1902.05 -941.599 1335.55
PRESSAVG: 23800 859.811 60.1571 -74.826 60.1571 -54.0649 64.1833 -74.826 64.1833 -585.565
GPRESSAVG: 23800 743.755 92.8924 -21.7554 108.029 -7.79595 7.10384 -134.865 88.9981 -516.381
ENERGY:   23800       236.9646       134.1257         0.0000         0.0000          -3053.1781       383.1528         0.0000         0.0000       610.1915          -1688.7435       292.8587     -2298.9349     -1684.0832       287.8715           1791.3111      2078.0259      6601.0179        73.3937        73.1927

PRESSURE: 23900 -1070.44 -1749.4 -1627.38 -1749.4 -1759.52 986.383 -1627.38 986.383 -1431.17
GPRESSURE: 23900 25.1466 -511.818 432.952 -627.897 -780.383 -1185.41 975.596 -1058.21 -1864.32
PRESSAVG: 23900 760.523 -283.752 -740.882 -283.752 114.937 -415.119 -740.882 -415.119 -422.951
GPRESSAVG: 23900 915.372 -363.149 -761.205 -330.577 -7.25869 -477.034 -645.213 -529.698 -486.733
ENERGY:   23900       225.4564       111.4778         0.0000         0.0000          -2929.7873       296.7594         0.0000         0.0000       610.9521          -1685.1415       293.2237     -2296.0937     -1679.5522       292.0559          -1420.3786      -873.1855      6642.6569       150.8361       140.4603

PRESSURE: 24000 -143.466 -1225.43 -1376.6 -1225.43 -4619.44 -535.286 -1376.6 -535.286 -618.933
GPRESSURE: 24000 450.832 522.231 -54.3072 -19.2628 -2468.26 1064.37 -298.718 -515.666 -737.967
PRESSAVG: 24000 608.282 -157.788 -238.723 -157.788 -365.661 -326.309 -238.723 -326.309 -358.152
GPRESSAVG: 24000 551.472 -27.9391 -167.957 -90.0549 -301.112 -311.64 -237.912 -287.781 -338.851
TIMING: 24000  CPU: 119.77, 0.005129/step  Wall: 119.77, 0.00513/step, 0.108442 hours remaining, 6.441406 MB of memory in use.
ETITLE:      TS           BOND          ANGLE          DIHED          IMPRP               ELECT            VDW       BOUNDARY           MISC        KINETIC               TOTAL           TEMP      POTENTIAL         TOTAL3        TEMPAVG            PRESSURE      GPRESSURE         VOLUME       PRESSAVG      GPRESSAVG

ENERGY:   24000       215.6180       141.4478         0.0000         0.0000          -2958.8766       308.2783         0.0000         0.0000       613.9518          -1679.5807       294.6634     -2293.5325     -1673.1693       288.9988          -1793.9467      -918.4641      6691.5825       -38.5105       -29.4970

WRITING EXTENDED SYSTEM TO RESTART FILE AT STEP 24000
WRITING COORDINATES TO DCD FILE water_simulation.dcd AT STEP 24000
WRITING COORDINATES TO RESTART FILE AT STEP 24000
FINISHED WRITING RESTART COORDINATES
WRITING VELOCITIES TO DCD FILE AT STEP 24000
WRITING VELOCITIES TO RESTART FILE AT STEP 24000
FINISHED WRITING RESTART VELOCITIES
PRESSURE: 24100 959.165 3860.05 1577.39 3860.05 -3874.42 1349.87 1577.39 1349.87 -2742.59
GPRESSURE: 24100 537.21 992.483 1037.35 395.061 -1659.66 1185.2 674.361 -120.89 -1194.1
PRESSAVG: 24100 813.592 385.059 -90.3055 385.059 -91.1531 515.084 -90.3055 515.084 -808.327
GPRESSAVG: 24100 779.456 401.44 -86.5992 313.286 -33.9837 486.063 -190.035 604.187 -781.671
ENERGY:   24100       238.1906       135.4676         0.0000         0.0000          -2975.6663       315.2217         0.0000         0.0000       606.2949          -1680.4916       290.9885     -2286.7865     -1676.4366       287.1263          -1885.9465      -772.1849      6715.0863       -28.6293       -12.0664

LDB: ============= START OF LOAD BALANCING ============== 120.463
LDB: ============== END OF LOAD BALANCING =============== 120.463
LDB: =============== DONE WITH MIGRATION ================ 120.463
LDB: ============= START OF LOAD BALANCING ============== 120.734
LDB: ============== END OF LOAD BALANCING =============== 120.734
LDB: =============== DONE WITH MIGRATION ================ 120.734
PRESSURE: 24200 1316.95 -978.465 -1894.62 -978.465 1566.86 1816.88 -1894.62 1816.88 326.268
GPRESSURE: 24200 474.675 563.705 -200.744 615.186 3189.49 210.27 -1334.4 232.309 -122.921
PRESSAVG: 24200 444.313 769.629 330.716 769.629 -24.5558 132.653 330.716 132.653 -491.771
GPRESSAVG: 24200 471.633 581.188 267.691 808.003 -74.7101 221.371 376.216 24.7535 -477.772
ENERGY:   24200       217.6932       122.2336         0.0000         0.0000          -2986.1235       357.2717         0.0000         0.0000       608.1079          -1680.8171       291.8587     -2288.9250     -1674.4322       289.9520           1070.0260      1180.4135      6717.0154       -24.0047       -26.9498

PRESSURE: 24300 776.913 -2910.15 -561.704 -2910.15 -504.944 -1771.95 -561.704 -1771.95 -719.018
GPRESSURE: 24300 -678.309 850.497 1285.26 -697.75 944.735 -64.4479 549.78 1113.44 -1061.53
PRESSAVG: 24300 221.636 518.883 -334.431 518.883 928.799 388.992 -334.431 388.992 -806.349
GPRESSAVG: 24300 222.922 716.41 -215.887 570.122 975.55 408.181 -395.028 378.722 -847.973
ENERGY:   24300       222.1652       136.6323         0.0000         0.0000          -2946.5817       316.4823         0.0000         0.0000       603.5783          -1667.7235       289.6847     -2271.3018     -1662.4037       286.2825           -149.0166      -265.0335      6721.1877       114.6953       116.8331

PRESSURE: 24400 -610.856 1953.05 -832.019 1953.05 691.436 1771.71 -832.019 1771.71 -558.66
GPRESSURE: 24400 -1483.25 483.088 -506.324 1107.21 -621.349 375.444 -1474.78 -17.9404 870.418
PRESSAVG: 24400 -960.741 502.426 -622.031 502.426 -420.311 172.698 -622.031 172.698 1357.64
GPRESSAVG: 24400 -1019.81 342.384 -763.619 524.486 -478.697 99.0237 -526.41 216.649 1451.36
ENERGY:   24400       224.0845       131.2665         0.0000         0.0000          -2926.2362       312.3300         0.0000         0.0000       589.1337          -1669.4214       282.7521     -2258.5551     -1664.5319       293.9653           -159.3602      -411.3944      6699.4155        -7.8039       -15.7139

PRESSURE: 24500 134.54 696.003 1477.5 696.003 1657.38 2660.86 1477.5 2660.86 -1238.81
GPRESSURE: 24500 470.683 1727.26 592.88 479.05 -890.135 460.015 1337.7 775.852 -1509.61
PRESSAVG: 24500 301.501 1187.57 558.874 1187.57 -70.4566 1281.47 558.874 1281.47 466.96
GPRESSAVG: 24500 312.324 1201.95 572.326 1123.22 -27.1307 1254.04 478.489 1278.77 409.888
ENERGY:   24500       221.6568       123.9001         0.0000         0.0000          -2919.7268       303.3409         0.0000         0.0000       601.8859          -1668.9433       288.8724     -2270.8291     -1663.3948       294.3656            184.3715      -643.0211      6643.3524       232.6682       231.6937

WRITING EXTENDED SYSTEM TO RESTART FILE AT STEP 24500
WRITING COORDINATES TO DCD FILE water_simulation.dcd AT STEP 24500
WRITING COORDINATES TO RESTART FILE AT STEP 24500
FINISHED WRITING RESTART COORDINATES
WRITING VELOCITIES TO DCD FILE AT STEP 24500
WRITING VELOCITIES TO RESTART FILE AT STEP 24500
FINISHED WRITING RESTART VELOCITIES
PRESSURE: 24600 -982.946 144.371 -1093.29 144.371 2179.98 887.78 -1093.29 887.78 924.999
GPRESSURE: 24600 860.242 519.034 -1088.4 -329.251 1527.52 524.995 -646.43 2432.85 -5.44146
PRESSAVG: 24600 594.005 517.822 -272.033 517.822 -139.647 -71.5955 -272.033 -71.5955 -162.581
GPRESSAVG: 24600 623.796 602.223 -193.575 428.297 -227.16 -104.059 -309.27 -106.077 -102.515
ENERGY:   24600       223.9949       120.8855         0.0000         0.0000          -2949.9110       338.5052         0.0000         0.0000       601.8669          -1664.6586       288.8633     -2266.5255     -1659.8392       291.2099            707.3457       794.1077      6694.1044        97.2588        98.0405

PRESSURE: 24700 4309.65 -1622.79 2272.45 -1622.79 1129.12 22.052 2272.45 22.052 -1673.88
GPRESSURE: 24700 898.158 691.337 917.183 -574.646 632.026 2010.74 956.935 674.189 -137.557
PRESSAVG: 24700 -924.072 575.368 564.978 575.368 338.054 387.159 564.978 387.159 -429.595
GPRESSAVG: 24700 -933.161 495.722 562.261 660.944 447.959 392.669 601.915 383.459 -512.709
ENERGY:   24700       201.1725       145.8389         0.0000         0.0000          -3017.1807       344.6343         0.0000         0.0000       664.0158          -1661.5193       318.6914     -2325.5351     -1654.4731       292.9887           1254.9649       464.2087      6710.3200      -338.5381      -332.6370

PRESSURE: 24800 2422.76 980.208 -2108.24 980.208 193.237 1844.06 -2108.24 1844.06 -853.531
GPRESSURE: 24800 -147.619 1186.45 -733.277 578.093 -792.261 1687.88 -669.968 1039.89 -1070.28
PRESSAVG: 24800 14.3782 -298.883 -11.9009 -298.883 -302.812 -145.549 -11.9009 -145.549 270.743
GPRESSAVG: 24800 4.35469 -231.022 -63.1822 -340.446 -343.501 -105.166 37.1687 -167.443 324.696
ENERGY:   24800       221.0426       141.5574         0.0000         0.0000          -2949.5842       311.3696         0.0000         0.0000       610.5039          -1665.1106       293.0086     -2275.6145     -1660.1430       298.4227            587.4893      -670.0537      6729.8672        -5.8971        -4.8168

PRESSURE: 24900 2437.12 94.2474 2478.4 94.2474 3626.27 -663.262 2478.4 -663.262 -2188.94
GPRESSURE: 24900 1438.1 13.3161 50.0761 -165.291 -564.983 -155.299 -199.357 -253.486 -1996.06
PRESSAVG: 24900 922.751 514.497 1002.41 514.497 -521.199 78.9104 1002.41 78.9104 -966.82
GPRESSAVG: 24900 922.129 442.389 1074.86 550.036 -490.974 88.1148 949.089 60.7113 -1002.87
ENERGY:   24900       210.9413       133.7054         0.0000         0.0000          -2915.6706       310.6327         0.0000         0.0000       595.0345          -1665.3567       285.5842     -2260.3912     -1660.7265       289.3123           1291.4842      -374.3114      6733.8372      -188.4228      -190.5718

PRESSURE: 25000 1764.06 -2746.76 -73.3607 -2746.76 6030.85 142.937 -73.3607 142.937 2284.77
GPRESSURE: 25000 1502.01 -373.538 539.045 -432.588 2584.24 492.763 -60.1617 2149.77 1944.57
PRESSAVG: 25000 -95.3742 -77.0204 351.806 -77.0204 418.77 36.3495 351.806 36.3495 86.1812
GPRESSAVG: 25000 -68.1859 -23.1264 277.511 -96.3208 372.528 1.34616 382.241 137.514 123.36
TIMING: 25000  CPU: 124.536, 0.004766/step  Wall: 124.536, 0.004766/step, 0.0994241 hours remaining, 6.441406 MB of memory in use.
ETITLE:      TS           BOND          ANGLE          DIHED          IMPRP               ELECT            VDW       BOUNDARY           MISC        KINETIC               TOTAL           TEMP      POTENTIAL         TOTAL3        TEMPAVG            PRESSURE      GPRESSURE         VOLUME       PRESSAVG      GPRESSAVG

ENERGY:   25000       214.8306       134.5787         0.0000         0.0000          -2998.8089       367.0121         0.0000         0.0000       616.6582          -1665.7293       295.9623     -2282.3875     -1660.6927       293.4968           3359.8958      2010.2729      6589.0094       136.5258       142.5675

WRITING EXTENDED SYSTEM TO RESTART FILE AT STEP 25000
WRITING COORDINATES TO DCD FILE water_simulation.dcd AT STEP 25000
WRITING COORDINATES TO RESTART FILE AT STEP 25000
FINISHED WRITING RESTART COORDINATES
WRITING VELOCITIES TO DCD FILE AT STEP 25000
WRITING VELOCITIES TO RESTART FILE AT STEP 25000
FINISHED WRITING RESTART VELOCITIES
PRESSURE: 25100 -1529.5 -648.93 -2523.14 -648.93 3186.48 1360.67 -2523.14 1360.67 2604.64
GPRESSURE: 25100 -2367.19 804.99 228.288 -872.811 617.915 799.184 -474.896 433.61 705.207
PRESSAVG: 25100 172.42 387.63 339.94 387.63 -696.263 791.542 339.94 791.542 -87.5604
GPRESSAVG: 25100 194.107 466.987 402.884 414.251 -656.669 829.437 347.124 754.568 -179.246
ENERGY:   25100       212.2979       125.2115         0.0000         0.0000          -2941.0283       314.8483         0.0000         0.0000       629.9376          -1658.7330       302.3357     -2288.6706     -1652.8313       295.5696           1420.5418      -348.0216      6708.4845      -203.8011      -213.9358

PRESSURE: 25200 -1052.22 1369.28 3271.75 1369.28 -1682.59 -3249.36 3271.75 -3249.36 3322.78
GPRESSURE: 25200 -223.097 -966.637 825.672 -1421.85 -1298.97 -1.24462 429.791 391.988 -370.164
PRESSAVG: 25200 -234.05 30.3912 455.373 30.3912 410.977 -34.707 455.373 -34.707 240.137
GPRESSAVG: 25200 -295.755 -31.6166 445.087 -66.6397 419.383 58.8314 481.407 -39.1646 261.847
ENERGY:   25200       218.5799       142.4381         0.0000         0.0000          -2933.8516       304.0008         0.0000         0.0000       600.9141          -1667.9187       288.4060     -2268.8328     -1662.2826       294.8776            195.9914      -630.7450      6626.4674       139.0217       128.4918

PRESSURE: 25300 3433.07 -3373.77 4240.7 -3373.77 -161.501 953.341 4240.7 953.341 -2085.96
GPRESSURE: 25300 -530.732 -707.456 2288.74 -297.231 -686.143 726.217 1308.39 -223.272 -1769.78
PRESSAVG: 25300 440.733 66.1763 446.486 66.1763 -467.634 -178.227 446.486 -178.227 200.203
GPRESSAVG: 25300 479.037 61.7785 425.416 134.522 -556.266 -232.894 346.383 -125.254 161.293
ENERGY:   25300       221.6607       126.8909         0.0000         0.0000          -2893.2962       294.1671         0.0000         0.0000       585.3484          -1665.2291       280.9353     -2250.5775     -1660.8172       289.3334            395.2037      -995.5528      6720.8395        57.7672        28.0213

PRESSURE: 25400 2603.77 -1140.19 -701.469 -1140.19 -30.8089 996.364 -701.469 996.364 2402.3
GPRESSURE: 25400 1487.94 -392.907 -1301.18 -987.257 -3129.64 -1405.88 -1097.67 803.605 1694.37
PRESSAVG: 25400 677.665 -505.171 809.432 -505.171 255.972 145.956 809.432 145.956 -366.746
GPRESSAVG: 25400 616.722 -497.361 806.231 -601.019 268.645 36.2247 839.082 79.7015 -313.344
ENERGY:   25400       205.2358       130.5612         0.0000         0.0000          -2923.2361       318.7864         0.0000         0.0000       605.5717          -1663.0811       290.6414     -2268.6528     -1657.1720       292.1524           1658.4172        17.5584      6676.9048       188.9639       190.6746

PRESSURE: 25500 -421.844 949.613 -64.7827 949.613 -1855.33 -944.008 -64.7827 -944.008 4493.07
GPRESSURE: 25500 801.388 1070.89 741.265 -102.391 -1120.82 -1475.38 -1278.61 -514.36 1338.32
PRESSAVG: 25500 72.1568 -415.733 -329.702 -415.733 -151.644 -635.63 -329.702 -635.63 36.7935
GPRESSAVG: 25500 148.688 -382.558 -324.721 -259.005 -182.959 -613.564 -298.626 -652.756 7.70875
ENERGY:   25500       222.9206       147.9928         0.0000         0.0000          -2946.7476       324.8914         0.0000         0.0000       581.0155          -1669.9273       278.8558     -2250.9428     -1665.2900       290.1929            738.6329       339.6291      6648.2923       -14.2311        -8.8540

WRITING EXTENDED SYSTEM TO RESTART FILE AT STEP 25500
WRITING COORDINATES TO DCD FILE water_simulation.dcd AT STEP 25500
WRITING COORDINATES TO RESTART FILE AT STEP 25500
FINISHED WRITING RESTART COORDINATES
WRITING VELOCITIES TO DCD FILE AT STEP 25500
WRITING VELOCITIES TO RESTART FILE AT STEP 25500
FINISHED WRITING RESTART VELOCITIES
PRESSURE: 25600 370.094 984.855 106.076 984.855 -189.942 -211.117 106.076 -211.117 978.459
GPRESSURE: 25600 -1715.76 -564.245 -914.201 122.629 -1996.7 -1471.65 -778.662 -1094.87 -363.436
PRESSAVG: 25600 360.536 427.39 -187.248 427.39 -904.154 -475.685 -187.248 -475.685 563.318
GPRESSAVG: 25600 333.958 320.851 -174.548 301.203 -880.494 -476.441 -110.044 -425.728 521.776
ENERGY:   25600       201.2703       121.9003         0.0000         0.0000          -2893.5506       289.2919         0.0000         0.0000       607.9617          -1673.1263       291.7885     -2281.0880     -1666.7038       288.4640            386.2035     -1358.6335      6759.4780         6.5667        -8.2534

PRESSURE: 25700 6196.72 -2980.37 92.4068 -2980.37 -1482.37 -2141.54 92.4068 -2141.54 1490.83
GPRESSURE: 25700 3135.18 -405.42 9.60539 -348.453 124.917 -233.766 -503.374 1082.61 597.567
PRESSAVG: 25700 105.453 232.421 338.581 232.421 -1249.44 -789.013 338.581 -789.013 1380.43
GPRESSAVG: 25700 51.4833 288.612 356.443 324.797 -1229.28 -694.387 162.324 -797.257 1410.74
ENERGY:   25700       222.1577       129.0266         0.0000         0.0000          -2970.7632       348.3004         0.0000         0.0000       601.6236          -1669.6549       288.7466     -2271.2786     -1664.8088       289.5372           2068.3927      1285.8897      6574.5441        78.8158        77.6461

PRESSURE: 25800 -706.738 -1180.11 196.056 -1180.11 1467.3 -128.825 196.056 -128.825 -4736.86
GPRESSURE: 25800 -1375.87 686.3 1060.62 -172.133 -24.5052 154.643 695.186 507.103 -1132.83
PRESSAVG: 25800 682.035 397.37 890.37 397.37 -724.155 -819.727 890.37 -819.727 -765.44
GPRESSAVG: 25800 656.152 383.56 872.484 410.252 -710.706 -845.422 1051.44 -757.105 -737.953
ENERGY:   25800       233.0651       132.7027         0.0000         0.0000          -2945.0346       304.2669         0.0000         0.0000       600.1116          -1674.8884       288.0209     -2275.0000     -1670.2085       286.4143          -1325.4328      -844.4002      6620.4689      -269.1867      -264.1689

PRESSURE: 25900 -723.286 1372.25 2872.07 1372.25 1535.06 2257.85 2872.07 2257.85 -220.949
GPRESSURE: 25900 -188.421 -490.545 2236.35 971.3 929.185 -226.177 1075.48 -860.659 1126.73
PRESSAVG: 25900 -478.181 371.573 1100.27 371.573 -456.636 308.83 1100.27 308.83 748.144
GPRESSAVG: 25900 -446.649 386.105 1074.63 341.619 -496.806 302.734 1007.96 177.378 741.403
ENERGY:   25900       234.2669       141.2086         0.0000         0.0000          -3023.1459       335.2621         0.0000         0.0000       644.1672          -1668.2412       309.1652     -2312.4083     -1664.0386       294.4249            196.9419       622.4990      6504.9444       -62.2247       -67.3508

PRESSURE: 26000 -2378.4 970.231 -179.757 970.231 -5606.69 -423.262 -179.757 -423.262 -249.438
GPRESSURE: 26000 -1180.62 -1239.96 -1251.88 -184.422 -1792.96 741.804 -605.232 1065.56 -1040.32
PRESSAVG: 26000 -1167.42 -3.86064 -606.912 -3.86064 620.284 132.633 -606.912 132.633 94.2529
GPRESSAVG: 26000 -1122.82 19.3274 -628.086 -23.698 672.952 120.797 -556.587 184.411 52.4023
TIMING: 26000  CPU: 129.262, 0.004726/step  Wall: 129.261, 0.004725/step, 0.0972562 hours remaining, 6.441406 MB of memory in use.
ETITLE:      TS           BOND          ANGLE          DIHED          IMPRP               ELECT            VDW       BOUNDARY           MISC        KINETIC               TOTAL           TEMP      POTENTIAL         TOTAL3        TEMPAVG            PRESSURE      GPRESSURE         VOLUME       PRESSAVG      GPRESSAVG

ENERGY:   26000       228.9517       121.7013         0.0000         0.0000          -2888.8804       278.1353         0.0000         0.0000       587.8709          -1672.2213       282.1460     -2260.0921     -1666.3568       293.3129          -2744.8426     -1337.9688      6650.4817      -150.9605      -132.4872

WRITING EXTENDED SYSTEM TO RESTART FILE AT STEP 26000
WRITING COORDINATES TO DCD FILE water_simulation.dcd AT STEP 26000
WRITING COORDINATES TO RESTART FILE AT STEP 26000
FINISHED WRITING RESTART COORDINATES
WRITING VELOCITIES TO DCD FILE AT STEP 26000
WRITING VELOCITIES TO RESTART FILE AT STEP 26000
FINISHED WRITING RESTART VELOCITIES
PRESSURE: 26100 -67.7861 -3476.73 -2565.9 -3476.73 -1933.25 -1680.5 -2565.9 -1680.5 -1333.44
GPRESSURE: 26100 1171.98 -2466.97 861.968 -1233.32 -899.125 -858.15 318.625 -916.589 884.427
PRESSAVG: 26100 -573.433 -214.408 601.42 -214.408 -43.1126 -80.4176 601.42 -80.4176 31.3044
GPRESSAVG: 26100 -582.12 -281.494 724.946 -233.234 -72.7801 -95.5968 603.34 -39.0647 114.811
ENERGY:   26100       240.5217       132.7546         0.0000         0.0000          -2962.5150       328.5062         0.0000         0.0000       591.9660          -1668.7665       284.1115     -2260.7326     -1664.4103       288.7047          -1111.4925       385.7594      6619.0957      -195.0804      -180.0297

LDB: ============= START OF LOAD BALANCING ============== 129.939
LDB: ============== END OF LOAD BALANCING =============== 129.939
LDB: =============== DONE WITH MIGRATION ================ 129.939
LDB: ============= START OF LOAD BALANCING ============== 130.166
LDB: ============== END OF LOAD BALANCING =============== 130.166
LDB: =============== DONE WITH MIGRATION ================ 130.166
PRESSURE: 26200 2254.81 -242.332 4346.8 -242.332 -4282.38 -2721.17 4346.8 -2721.17 1444.47
GPRESSURE: 26200 -200.468 205.045 1802.22 452.163 919.382 -1550.43 1141.37 -2203.3 402.891
PRESSAVG: 26200 435.304 -608.492 352.382 -608.492 -525.155 -302.784 352.382 -302.784 250.275
GPRESSAVG: 26200 460.596 -533.788 297.608 -470.912 -541.384 -300.928 336.87 -376.853 227.654
ENERGY:   26200       232.1354       138.8943         0.0000         0.0000          -2968.6339       330.6789         0.0000         0.0000       606.5372          -1660.3881       291.1048     -2266.9253     -1655.3333       287.2915           -194.3688       373.9352      6645.8771        53.4745        48.9554

PRESSURE: 26300 -637.372 -878.302 -2667.58 -878.302 -1377.36 -101.411 -2667.58 -101.411 19.6233
GPRESSURE: 26300 1142.92 -927.622 -1775.12 -241.387 -661.103 729.446 -303.611 345.344 452.987
PRESSAVG: 26300 -375.177 304.755 134.402 304.755 577.155 -713.128 134.402 -713.128 285.204
GPRESSAVG: 26300 -448.091 301.377 98.2931 204.873 668.113 -690.041 75.33 -613.997 284.671
ENERGY:   26300       227.1886       136.2904         0.0000         0.0000          -2989.6720       331.0193         0.0000         0.0000       634.1924          -1660.9813       304.3778     -2295.1736     -1655.1085       293.4309           -665.0371       311.6013      6584.4725       162.3939       168.2310

PRESSURE: 26400 -5291.07 -1369.44 452.421 -1369.44 1558.85 -1288.29 452.421 -1288.29 289.388
GPRESSURE: 26400 -501.329 -647.906 1586.87 -709.195 -909.117 -1496.39 1956.38 -1312.86 2087.03
PRESSAVG: 26400 -201.385 564.484 -330.215 564.484 -299.486 -139.409 -330.215 -139.409 630.738
GPRESSAVG: 26400 -174.235 577.551 -283.395 565.996 -432.624 -184.64 -278.16 -206.931 728.628
ENERGY:   26400       234.9394       144.4121         0.0000         0.0000          -2949.7433       323.9523         0.0000         0.0000       587.0305          -1659.4091       281.7427     -2246.4396     -1654.9858       295.0678          -1147.6113       225.5272      6620.2091        43.2890        40.5898

PRESSURE: 26500 -1187.2 -1602.12 -662.573 -1602.12 -4502.38 -2622.73 -662.573 -2622.73 3288.05
GPRESSURE: 26500 1446.5 -1913.21 1709.88 -1864.37 -240.648 -1485.69 753.606 -909.83 -1002.32
PRESSAVG: 26500 785.19 -583.505 523.906 -583.505 -925.778 -327.089 523.906 -327.089 251.533
GPRESSAVG: 26500 885.472 -651.987 500.181 -658.365 -893.877 -275.587 547.076 -324.531 114.626
ENERGY:   26500       231.6155       117.7648         0.0000         0.0000          -2955.0804       322.4899         0.0000         0.0000       618.3895          -1664.8208       296.7933     -2283.2103     -1658.4402       293.2292           -800.5088        67.8460      6640.6377        36.9816        35.4069

WRITING EXTENDED SYSTEM TO RESTART FILE AT STEP 26500
WRITING COORDINATES TO DCD FILE water_simulation.dcd AT STEP 26500
WRITING COORDINATES TO RESTART FILE AT STEP 26500
FINISHED WRITING RESTART COORDINATES
WRITING VELOCITIES TO DCD FILE AT STEP 26500
WRITING VELOCITIES TO RESTART FILE AT STEP 26500
FINISHED WRITING RESTART VELOCITIES
PRESSURE: 26600 -3287.89 -2076.47 1348.5 -2076.47 -2248.84 624.405 1348.5 624.405 -208.283
GPRESSURE: 26600 394.265 -196.988 1414.62 -30.6691 -706.353 -179.425 1023.81 -175.534 801.147
PRESSAVG: 26600 1030.51 105.498 1132.1 105.498 -447.09 -226.761 1132.1 -226.761 -568.122
GPRESSAVG: 26600 964.183 182.295 1127.22 264.243 -350.895 -230.061 1125.25 -247.592 -576.149
ENERGY:   26600       243.0399       160.2610         0.0000         0.0000          -2971.5716       330.5923         0.0000         0.0000       583.3661          -1654.3123       279.9839     -2237.6784     -1649.2906       291.8886          -1915.0038       163.0196      6698.5347         5.1000        12.3797

PRESSURE: 26700 -3521.28 4843.57 307.64 4843.57 -164.682 496.226 307.64 496.226 -1421.81
GPRESSURE: 26700 -449.812 1183.82 1867.32 1071.44 293.858 824.865 942.157 -568.372 800.01
PRESSAVG: 26700 -166.797 -912.58 1443.2 -912.58 -471.609 -328.716 1443.2 -328.716 464.548
GPRESSAVG: 26700 -127.187 -966.342 1492.31 -1087.87 -572.217 -305.655 1338.66 -344.306 531.071
ENERGY:   26700       239.1183       123.3288         0.0000         0.0000          -2939.2106       319.5343         0.0000         0.0000       623.9401          -1633.2891       299.4573     -2257.2292     -1627.1936       294.9156          -1702.5932       214.6852      6675.2317       -57.9528       -56.1109

PRESSURE: 26800 -735.565 606.907 820.634 606.907 1635.48 -3702.5 820.634 -3702.5 -1562.41
GPRESSURE: 26800 1952.1 1594.68 -496.537 -454.208 2759.93 -1777.84 -421.705 -1320.96 2149.48
PRESSAVG: 26800 29.7828 169.024 513.708 169.024 -78.7186 233.414 513.708 233.414 461.573
GPRESSAVG: 26800 99.5588 234.438 448.25 187.219 -107.844 239.517 500.113 309.764 488.033
ENERGY:   26800       251.1190       149.5448         0.0000         0.0000          -3013.4226       370.2908         0.0000         0.0000       615.8292          -1626.6388       295.5645     -2242.4680     -1621.6925       293.0594           -220.8331      2287.1696      6556.7367       137.5458       159.9159

PRESSURE: 26900 -25.0549 2622.06 -3050.49 2622.06 -4588.33 859.169 -3050.49 859.169 -2284.08
GPRESSURE: 26900 -1195.06 1186.52 -331.058 -12.9806 -1155.94 345.44 -205.524 -538.913 1279.73
PRESSAVG: 26900 -352.22 245.216 -356.026 245.216 703.084 82.4293 -356.026 82.4293 -69.77
GPRESSAVG: 26900 -447.735 234.842 -352.428 234.314 735.529 52.0121 -297.605 37.9227 -32.0139
ENERGY:   26900       252.0506       127.4065         0.0000         0.0000          -2924.8401       309.3514         0.0000         0.0000       607.1312          -1628.9003       291.3899     -2236.0315     -1623.7378       298.3607          -2299.1553      -357.0901      6663.1373        93.6982        85.2601

PRESSURE: 27000 150.018 277.419 -3363.07 277.419 -235.617 903.407 -3363.07 903.407 -4160.97
GPRESSURE: 27000 1306.7 126.937 -1883.81 -471.313 867.85 -821.285 -1303.42 -211.226 261.323
PRESSAVG: 27000 -565.92 216.358 -399.452 216.358 162.787 -158.972 -399.452 -158.972 -257.962
GPRESSAVG: 27000 -604.604 145.011 -338.533 242.522 238.464 -114.915 -253.294 -163.674 -222.262
TIMING: 27000  CPU: 133.862, 0.0046/step  Wall: 133.862, 0.004601/step, 0.0934259 hours remaining, 6.441406 MB of memory in use.
ETITLE:      TS           BOND          ANGLE          DIHED          IMPRP               ELECT            VDW       BOUNDARY           MISC        KINETIC               TOTAL           TEMP      POTENTIAL         TOTAL3        TEMPAVG            PRESSURE      GPRESSURE         VOLUME       PRESSAVG      GPRESSAVG

ENERGY:   27000       255.1329       137.9052         0.0000         0.0000          -2991.2754       342.8878         0.0000         0.0000       626.5001          -1628.8495       300.6859     -2255.3496     -1623.6046       298.9330          -1415.5243       811.9589      6561.8076      -220.3649      -196.1339

WRITING EXTENDED SYSTEM TO RESTART FILE AT STEP 27000
WRITING COORDINATES TO DCD FILE water_simulation.dcd AT STEP 27000
WRITING COORDINATES TO RESTART FILE AT STEP 27000
FINISHED WRITING RESTART COORDINATES
WRITING VELOCITIES TO DCD FILE AT STEP 27000
WRITING VELOCITIES TO RESTART FILE AT STEP 27000
FINISHED WRITING RESTART VELOCITIES
PRESSURE: 27100 -1125.64 -2002.73 386.709 -2002.73 1365.99 -1038.16 386.709 -1038.16 -3003.73
GPRESSURE: 27100 42.4923 141.455 741.992 -866.701 1464.6 244.685 1104.82 63.7729 -1375.93
PRESSAVG: 27100 -202.362 -222.555 75.4042 -222.555 524.213 -404.715 75.4042 -404.715 -436.075
GPRESSAVG: 27100 -173.083 -210.825 46.5121 -155.156 471.601 -454.01 -19.7292 -520.392 -418.028
ENERGY:   27100       252.3925       148.4419         0.0000         0.0000          -2982.1746       324.8449         0.0000         0.0000       633.6048          -1622.8905       304.0958     -2256.4953     -1616.3283       297.4919           -921.1284        43.7220      6611.9490       -38.0748       -39.8366

PRESSURE: 27200 -1549.17 -1442 -570.356 -1442 -2359.88 -2424.55 -570.356 -2424.55 -2250.34
GPRESSURE: 27200 -2068.15 -1200.11 -178.191 50.2579 1103.42 -267.409 -27.9821 -859.035 -829.45
PRESSAVG: 27200 -236.468 -233.338 393.485 -233.338 1209.34 -119.304 393.485 -119.304 -557.554
GPRESSAVG: 27200 -239.763 -157.303 396.343 -230.901 1244.18 -119.589 411.683 90.776 -605.906
ENERGY:   27200       252.0001       149.1693         0.0000         0.0000          -2936.2052       306.6100         0.0000         0.0000       614.0235          -1614.4024       294.6978     -2228.4259     -1609.4205       301.0984          -2053.1325      -598.0599      6736.9092       138.4404       132.8356

PRESSURE: 27300 -76.0394 3729.16 318.284 3729.16 -165.709 632.026 318.284 632.026 -352.203
GPRESSURE: 27300 1310.92 1650.02 -1316.7 1102.46 97.111 -692.69 -631.897 -1018.8 -1232.61
PRESSAVG: 27300 -116.56 527.072 240.54 527.072 482.316 190.092 240.54 190.092 -290.561
GPRESSAVG: 27300 -86.2681 436.461 243.412 484.346 500.571 159.367 191.107 118.457 -305.225
ENERGY:   27300       227.1420       123.8893         0.0000         0.0000          -2915.0613       330.1672         0.0000         0.0000       614.3050          -1619.5578       294.8329     -2233.8627     -1612.9933       300.3516           -197.9839        58.4742      6837.8585        25.0651        36.3594

PRESSURE: 27400 -2297.45 -1120.44 401.943 -1120.44 3557.27 -384.049 401.943 -384.049 1551.38
GPRESSURE: 27400 -942.036 663.424 1779.22 -587.574 -451.389 -780.253 803.96 -265.793 334.361
PRESSAVG: 27400 90.0017 655.954 794.022 655.954 51.7224 -123.959 794.022 -123.959 -375.163
GPRESSAVG: 27400 150.569 700.009 827.014 669.832 32.3542 -101.051 717.155 -208.182 -452.927
ENERGY:   27400       223.3064       145.8774         0.0000         0.0000          -2919.6539       311.1981         0.0000         0.0000       608.5986          -1630.6734       292.0942     -2239.2720     -1623.6522       294.7362            937.0666      -353.0211      6782.3970       -77.8130       -90.0012

PRESSURE: 27500 -1656.78 -1460.52 576.634 -1460.52 3697.95 -1554.24 576.634 -1554.24 -687.977
GPRESSURE: 27500 90.1456 -453.036 1573.79 -1063.74 -441.397 -1272.7 504.97 -239.132 22.533
PRESSAVG: 27500 -742.392 -279.948 711.235 -279.948 434.538 407.013 711.235 407.013 123.139
GPRESSAVG: 27500 -788.317 -329.455 724.47 -212.561 379.11 487.383 879.976 517.016 170.372
ENERGY:   27500       249.2605       154.0070         0.0000         0.0000          -2978.8822       335.6252         0.0000         0.0000       599.8656          -1640.1239       287.9028     -2239.9895     -1635.8323       299.3657            451.0659      -109.5729      6810.0920       -61.5715       -79.6118

WRITING EXTENDED SYSTEM TO RESTART FILE AT STEP 27500
WRITING COORDINATES TO DCD FILE water_simulation.dcd AT STEP 27500
WRITING COORDINATES TO RESTART FILE AT STEP 27500
FINISHED WRITING RESTART COORDINATES
WRITING VELOCITIES TO DCD FILE AT STEP 27500
WRITING VELOCITIES TO RESTART FILE AT STEP 27500
FINISHED WRITING RESTART VELOCITIES
PRESSURE: 27600 -72.2634 2167.39 555.38 2167.39 1048.52 2120.41 555.38 2120.41 -1270.47
GPRESSURE: 27600 -1488.18 230.549 383.022 -431.998 -131.142 716.254 416.468 94.5075 -256.109
PRESSAVG: 27600 -147.531 -146.652 96.5576 -146.652 -388.677 -249.815 96.5576 -249.815 488.209
GPRESSAVG: 27600 -110.723 -138.693 53.8296 -262.467 -405.706 -259.641 -54.0381 -300.595 464.194
ENERGY:   27600       221.0584       139.1378         0.0000         0.0000          -2924.7571       311.4679         0.0000         0.0000       611.8702          -1641.2228       293.6644     -2253.0930     -1634.3851       302.2777            -98.0706      -625.1439      6751.5944       -15.9998       -17.4118

PRESSURE: 27700 2913.61 1472.49 -713.907 1472.49 -4748.75 648.892 -713.907 648.892 2252.35
GPRESSURE: 27700 -194.412 -519.135 -233.578 159.25 -1292.81 -449.083 1004.5 -87.7268 -1182.69
PRESSAVG: 27700 408.369 -290.403 556.496 -290.403 270.627 -55.1728 556.496 -55.1728 83.2527
GPRESSAVG: 27700 296.565 -266.302 491.516 -250.745 305.913 -101.026 693.22 -111.763 157.542
ENERGY:   27700       228.9814       122.8015         0.0000         0.0000          -2920.9445       301.2043         0.0000         0.0000       627.9294          -1640.0280       301.3719     -2267.9573     -1634.2693       301.2017            139.0725      -889.9710      6736.8962       254.0831       253.3400

PRESSURE: 27800 -188.291 -1522.9 -68.4745 -1522.9 2552.11 -2140.65 -68.4745 -2140.65 1325.37
GPRESSURE: 27800 -870.875 -388.334 1406.21 -1024.59 681.168 -174.122 1477.01 -122.014 -701.295
PRESSAVG: 27800 -1137.86 431.998 520.72 431.998 36.3594 416.631 520.72 416.631 594.699
GPRESSAVG: 27800 -1045.75 424.805 648.265 355.045 81.7295 412.741 480.189 581.19 473.842
ENERGY:   27800       226.0827       147.1684         0.0000         0.0000          -2968.0037       327.4627         0.0000         0.0000       625.2098          -1642.0801       300.0666     -2267.2899     -1635.3000       298.0084           1229.7319      -297.0006      6799.7914      -168.9348      -163.3922

PRESSURE: 27900 4137.09 588.32 655.934 588.32 1909.91 3174.31 655.934 3174.31 2405.82
GPRESSURE: 27900 1298.75 1.58109 160.128 251.486 68.8856 1874.05 -442.296 1581.99 769.481
PRESSAVG: 27900 85.7523 -736.878 -217.323 -736.878 -1052.87 156.329 -217.323 156.329 977.14
GPRESSAVG: 27900 31.2083 -725.82 -198.86 -695.996 -1034.58 199.146 -296.222 90.0503 1054.31
ENERGY:   27900       216.6525       139.8409         0.0000         0.0000          -2958.7249       333.9697         0.0000         0.0000       633.2745          -1634.9872       303.9373     -2268.2618     -1628.7085       297.8897           2817.6091       712.3728      6672.3767         3.3409        16.9800

PRESSURE: 28000 764.368 187.734 1268.04 187.734 4577.16 -155.658 1268.04 -155.658 -1027.69
GPRESSURE: 28000 -882.171 -298.373 826.36 1105.29 1021.93 1313.83 -277.957 1017.78 -1980.1
PRESSAVG: 28000 -1436.81 45.8461 330.506 45.8461 222.618 1199.62 330.506 1199.62 250.334
GPRESSAVG: 28000 -1393.57 10.7243 273.916 95.3865 185.951 1181.11 412.382 1160.21 229.109
TIMING: 28000  CPU: 138.406, 0.004544/step  Wall: 138.406, 0.004544/step, 0.0910062 hours remaining, 6.375000 MB of memory in use.
ETITLE:      TS           BOND          ANGLE          DIHED          IMPRP               ELECT            VDW       BOUNDARY           MISC        KINETIC               TOTAL           TEMP      POTENTIAL         TOTAL3        TEMPAVG            PRESSURE      GPRESSURE         VOLUME       PRESSAVG      GPRESSAVG

ENERGY:   28000       220.7214       148.3688         0.0000         0.0000          -2933.1916       308.2523         0.0000         0.0000       618.7386          -1637.1104       296.9609     -2255.8491     -1631.6061       296.3411           1437.9433      -613.4484      6786.2649      -321.2850      -326.1699

WRITING EXTENDED SYSTEM TO RESTART FILE AT STEP 28000
WRITING COORDINATES TO DCD FILE water_simulation.dcd AT STEP 28000
WRITING COORDINATES TO RESTART FILE AT STEP 28000
FINISHED WRITING RESTART COORDINATES
WRITING VELOCITIES TO DCD FILE AT STEP 28000
WRITING VELOCITIES TO RESTART FILE AT STEP 28000
FINISHED WRITING RESTART VELOCITIES
PRESSURE: 28100 4546.17 1494.13 -29.6941 1494.13 3698.27 -2487.74 -29.6941 -2487.74 2412.32
GPRESSURE: 28100 263.988 1754.04 -2578.94 1804.78 1661.38 -1365.72 -2540.58 -996.545 -375.689
PRESSAVG: 28100 -98.3229 61.808 -527.249 61.808 -522.255 211.742 -527.249 211.742 318.018
GPRESSAVG: 28100 -166.271 77.3038 -552.91 18.8561 -496.526 168.421 -631.125 238.133 359.367
ENERGY:   28100       211.2309       132.4909         0.0000         0.0000          -2968.9905       339.4229         0.0000         0.0000       648.0239          -1637.8218       311.0162     -2285.8458     -1631.5353       302.3104           3552.2543       516.5582      6799.1965      -100.8535      -101.1431

LDB: ============= START OF LOAD BALANCING ============== 139.14
LDB: ============== END OF LOAD BALANCING =============== 139.14
LDB: =============== DONE WITH MIGRATION ================ 139.14
LDB: ============= START OF LOAD BALANCING ============== 139.372
LDB: ============== END OF LOAD BALANCING =============== 139.373
LDB: =============== DONE WITH MIGRATION ================ 139.373
PRESSURE: 28200 2195.6 600.949 1087.29 600.949 4339.09 -27.2337 1087.29 -27.2337 756.887
GPRESSURE: 28200 -1726.51 523.954 958.308 1147.31 -202.064 -573.6 1774.63 -970.672 -509.774
PRESSAVG: 28200 174.282 1091.39 98.111 1091.39 609.684 -426.294 98.111 -426.294 -217.676
GPRESSAVG: 28200 249.992 1067.08 173.357 1093.65 570.548 -369.505 185.514 -453.05 -232.712
ENERGY:   28200       213.3197       125.6058         0.0000         0.0000          -2887.5471       299.9925         0.0000         0.0000       613.8148          -1634.8143       294.5977     -2248.6292     -1628.9129       302.4210           2430.5233      -812.7843      6914.8072       188.7635       195.9428

PRESSURE: 28300 383.973 1132.83 -443.303 1132.83 6661.43 2173.96 -443.303 2173.96 3582.22
GPRESSURE: 28300 -2501.49 1390.66 1907.03 957.766 907.039 329.848 1424.93 221.042 1388.42
PRESSAVG: 28300 -781.675 -204.555 -348.414 -204.555 962.777 -915.465 -348.414 -915.465 -260.354
GPRESSAVG: 28300 -893.998 -128.19 -404.633 -213.398 970.652 -958.462 -386.542 -868.519 -223.663
ENERGY:   28300       204.5424       142.3725         0.0000         0.0000          -2947.0296       329.0679         0.0000         0.0000       632.7806          -1638.2662       303.7002     -2271.0468     -1631.9774       298.7839           3542.5416       -68.6798      6832.2617       -26.4173       -49.0028

PRESSURE: 28400 1850.29 1286.68 -276.201 1286.68 6487.27 -3113.71 -276.201 -3113.71 -1108.67
GPRESSURE: 28400 -2152.15 505.402 -630.928 905.57 160.595 -402.098 406.141 -621.071 -3222.9
PRESSAVG: 28400 -443.203 387.972 94.7721 387.972 698.903 -891.018 94.7721 -891.018 -102.789
GPRESSAVG: 28400 -366.921 262.281 106.282 460.593 667.627 -856.003 230.835 -866.121 -179.684
ENERGY:   28400       201.0135       138.7485         0.0000         0.0000          -2927.9970       288.2069         0.0000         0.0000       650.8979          -1649.1303       312.3955     -2300.0281     -1642.8311       304.6006           2409.6292     -1738.1537      6783.0434        50.9703        40.3408

PRESSURE: 28500 7362.23 -465.081 3003.63 -465.081 2206.25 1789.97 3003.63 1789.97 1865.55
GPRESSURE: 28500 235.565 274.777 248.042 -1109.77 -1890.93 235.734 806.162 120.471 -375.657
PRESSAVG: 28500 401.436 384.979 463.892 384.979 123.907 -427.151 463.892 -427.151 242.452
GPRESSAVG: 28500 370.929 529.345 364.815 411.101 132.593 -471.824 370.585 -491.657 286.127
ENERGY:   28500       188.0039       128.4241         0.0000         0.0000          -2906.4208       308.0393         0.0000         0.0000       636.2614          -1645.6921       305.3708     -2281.9535     -1638.2844       307.2169           3811.3415      -677.0073      6802.6143       255.9317       263.2165

WRITING EXTENDED SYSTEM TO RESTART FILE AT STEP 28500
WRITING COORDINATES TO DCD FILE water_simulation.dcd AT STEP 28500
WRITING COORDINATES TO RESTART FILE AT STEP 28500
FINISHED WRITING RESTART COORDINATES
WRITING VELOCITIES TO DCD FILE AT STEP 28500
WRITING VELOCITIES TO RESTART FILE AT STEP 28500
FINISHED WRITING RESTART VELOCITIES
PRESSURE: 28600 5010.14 3598.65 2557.72 3598.65 4647.48 -999.81 2557.72 -999.81 2110.38
GPRESSURE: 28600 369.298 959.966 952.121 625.143 1363.37 -8.21801 721.786 -50.4524 -2123.52
PRESSAVG: 28600 243.65 517.092 330.799 517.092 -735.17 505.115 330.799 505.115 266.032
GPRESSAVG: 28600 206.535 443.359 371.724 434.057 -714.989 566.753 240.521 489.635 246.501
ENERGY:   28600       213.5861       136.3096         0.0000         0.0000          -2931.2936       314.7481         0.0000         0.0000       624.1041          -1642.5457       299.5360     -2266.6499     -1636.8670       302.3940           3922.6668      -130.2825      6718.5690       -75.1626       -87.3178

PRESSURE: 28700 3322.94 3884.71 -879.977 3884.71 6963.68 -1861.92 -879.977 -1861.92 5337.53
GPRESSURE: 28700 1426.32 1204.68 460.27 2644.96 775.972 -265.992 1462.29 -421.217 -290.106
PRESSAVG: 28700 206.334 229.902 94.7715 229.902 975.123 -131.98 94.7715 -131.98 -474.514
GPRESSAVG: 28700 146.025 230.515 145.811 301.791 953.481 -172.748 139.863 12.5335 -471.554
ENERGY:   28700       209.3263       152.7107         0.0000         0.0000          -2937.8796       337.3228         0.0000         0.0000       602.6863          -1635.8335       289.2566     -2238.5199     -1630.5412       300.2064           5208.0487       637.3952      6763.5499       235.6479       209.3174

PRESSURE: 28800 3461.77 -620.042 -197.276 -620.042 7825.61 3585.5 -197.276 3585.5 1869.13
GPRESSURE: 28800 910.888 -692.086 1137.34 746.711 859.616 1351.63 646.262 343.234 -909.322
PRESSAVG: 28800 717.787 1432.97 530.663 1432.97 -562.94 308.699 530.663 308.699 -259.486
GPRESSAVG: 28800 840.678 1442.87 521.779 1409.08 -573.737 266.596 703.917 249.117 -357.068
ENERGY:   28800       216.7156       134.1376         0.0000         0.0000          -2918.8511       319.9705         0.0000         0.0000       621.2209          -1626.8065       298.1522     -2248.0274     -1622.2323       294.5447           4385.5021       287.0604      6659.5020       -34.8797       -30.0423

PRESSURE: 28900 5518.91 -96.1849 381.069 -96.1849 6669.99 1083.37 381.069 1083.37 2011.43
GPRESSURE: 28900 4.5468 -10.9582 1639.76 -875.689 -184.166 -475.889 399.112 489.487 -1003.45
PRESSAVG: 28900 408.294 444.443 214.585 444.443 34.5001 -459.448 214.585 -459.448 -704.429
GPRESSAVG: 28900 329.053 454.516 224.593 452.331 3.59497 -393.899 89.0025 -628.022 -628.502
ENERGY:   28900       199.8660       125.6806         0.0000         0.0000          -2866.9621       301.6860         0.0000         0.0000       605.2845          -1634.4450       290.5036     -2239.7294     -1628.2838       293.5733           4733.4469      -394.3559      6757.5590       -87.2116       -98.6180

PRESSURE: 29000 1280.95 628.822 -802.347 628.822 3456.85 -2138.87 -802.347 -2138.87 3995.71
GPRESSURE: 29000 -1590.98 414.251 131.272 527.947 -2698.89 75.7519 -543.166 30.8537 -1241
PRESSAVG: 29000 -249.723 -112.484 211.104 -112.484 321.493 214.5 211.104 214.5 -187.241
GPRESSAVG: 29000 -112.219 -100.952 191.436 -190.072 254.782 243.242 127.823 375.032 -279.38
TIMING: 29000  CPU: 142.962, 0.004556/step  Wall: 142.962, 0.004556/step, 0.089981 hours remaining, 6.375000 MB of memory in use.
ETITLE:      TS           BOND          ANGLE          DIHED          IMPRP               ELECT            VDW       BOUNDARY           MISC        KINETIC               TOTAL           TEMP      POTENTIAL         TOTAL3        TEMPAVG            PRESSURE      GPRESSURE         VOLUME       PRESSAVG      GPRESSAVG

ENERGY:   29000       196.6264       154.9232         0.0000         0.0000          -2889.1895       287.8576         0.0000         0.0000       607.8652          -1641.9171       291.7422     -2249.7823     -1635.9748       300.0231           2911.1685     -1843.6246      6877.4789       -38.4902       -45.6058

WRITING EXTENDED SYSTEM TO RESTART FILE AT STEP 29000
WRITING COORDINATES TO DCD FILE water_simulation.dcd AT STEP 29000
WRITING COORDINATES TO RESTART FILE AT STEP 29000
FINISHED WRITING RESTART COORDINATES
WRITING VELOCITIES TO DCD FILE AT STEP 29000
WRITING VELOCITIES TO RESTART FILE AT STEP 29000
FINISHED WRITING RESTART VELOCITIES
PRESSURE: 29100 6808.24 359.832 -1332.01 359.832 3661.5 1334.3 -1332.01 1334.3 1962.71
GPRESSURE: 29100 891.755 -66.2072 -453.782 121.912 921.979 143.799 -415.275 503.865 -720.575
PRESSAVG: 29100 244.718 -170.788 -783.304 -170.788 552.974 100.244 -783.304 100.244 -1011.18
GPRESSAVG: 29100 96.4149 -192.06 -805.888 -71.7887 585.691 80.2033 -693.174 72.0327 -907.428
ENERGY:   29100       218.9025       131.6209         0.0000         0.0000          -2939.8860       325.7410         0.0000         0.0000       616.7349          -1646.8867       295.9991     -2263.6215     -1641.6314       296.9777           4144.1493       364.3864      6657.4546       -71.1638       -75.1074

PRESSURE: 29200 4716.81 -270.792 -3126.58 -270.792 6013.5 768.969 -3126.58 768.969 988.606
GPRESSURE: 29200 1129.14 -406.826 -1707.21 362.694 2540.77 -18.6606 -1537.01 -741.894 370.894
PRESSAVG: 29200 765.316 56.3543 -23.2376 56.3543 62.2983 50.9624 -23.2376 50.9624 -1075.9
GPRESSAVG: 29200 747.766 38.6324 -10.8485 31.6851 92.4913 97.6596 35.9479 -0.538794 -1047.35
ENERGY:   29200       220.0875       147.7165         0.0000         0.0000          -2960.3761       347.7367         0.0000         0.0000       597.8071          -1647.0283       286.9149     -2244.8355     -1642.6805       297.2324           3906.3071      1346.9334      6573.1562       -82.7616       -69.0294

PRESSURE: 29300 4135.22 43.3697 2559.2 43.3697 1328.49 -750.23 2559.2 -750.23 1267.2
GPRESSURE: 29300 249.805 1323.08 394.699 579.735 -15.6523 -448.362 989.177 -210.199 -247.025
PRESSAVG: 29300 -693.902 549.714 -337.75 549.714 533.818 268.488 -337.75 268.488 -247.518
GPRESSAVG: 29300 -645.237 545.736 -230.824 559.3 544.079 65.2491 -340.303 392.087 -277.723
ENERGY:   29300       220.3430       139.3567         0.0000         0.0000          -2925.2193       314.8413         0.0000         0.0000       600.0230          -1650.6552       287.9784     -2250.6782     -1644.7249       292.2687           2243.6400        -4.2906      6563.5266      -135.8672      -126.2937

PRESSURE: 29400 7787.58 -190.742 728.481 -190.742 917.095 -1829.27 728.481 -1829.27 4295.5
GPRESSURE: 29400 2277.04 992.012 -534.033 -577.114 746.205 -554.182 -1329.76 -250.484 -559.163
PRESSAVG: 29400 1141.76 448.852 -84.6451 448.852 -398.332 -56.8354 -84.6451 -56.8354 -642.309
GPRESSAVG: 29400 1177.74 436.042 -210.158 505.411 -411.263 63.5755 -152.964 -58.752 -682.119
ENERGY:   29400       218.8932       123.2716         0.0000         0.0000          -2950.1287       341.4019         0.0000         0.0000       621.2957          -1645.2663       298.1881     -2266.5620     -1639.6801       292.5032           4333.3918       821.3613      6675.8882        33.7068        28.1193

PRESSURE: 29500 2214.42 -3414.02 641.442 -3414.02 2363.88 4384.65 641.442 4384.65 952.785
GPRESSURE: 29500 -92.3759 -714.757 -201.618 -1196.07 -972.2 703.13 -427.218 604.26 -2024.96
PRESSAVG: 29500 31.5588 582.151 274.748 582.151 -34.5321 -415.524 274.748 -415.524 -133.656
GPRESSAVG: 29500 18.4989 639.255 235.058 535.182 38.6953 -396.16 296.436 -590.525 -162.499
ENERGY:   29500       207.6825       133.0663         0.0000         0.0000          -2891.9331       295.3862         0.0000         0.0000       619.8792          -1635.9188       297.5083     -2255.7981     -1629.3177       297.8872           1843.6951     -1029.8453      6855.0541       -45.5431       -35.1018

WRITING EXTENDED SYSTEM TO RESTART FILE AT STEP 29500
WRITING COORDINATES TO DCD FILE water_simulation.dcd AT STEP 29500
WRITING COORDINATES TO RESTART FILE AT STEP 29500
FINISHED WRITING RESTART COORDINATES
WRITING VELOCITIES TO DCD FILE AT STEP 29500
WRITING VELOCITIES TO RESTART FILE AT STEP 29500
FINISHED WRITING RESTART VELOCITIES
PRESSURE: 29600 5271.93 1814.07 -3422.42 1814.07 1142.38 397.365 -3422.42 397.365 717.609
GPRESSURE: 29600 136.428 201.654 -2064.55 1163.97 -445.129 1258.28 -2649.43 233.139 331.344
PRESSAVG: 29600 167.083 -370.058 -1388.9 -370.058 -405.954 1238.3 -1388.9 1238.3 357.553
GPRESSAVG: 29600 167.122 -314.697 -1307.66 -403.377 -471.561 1175.75 -1413.06 1361.71 434.042
ENERGY:   29600       224.9248       144.5375         0.0000         0.0000          -2972.9227       332.8574         0.0000         0.0000       625.5817          -1645.0212       300.2451     -2270.6029     -1639.5616       298.8323           2377.3040         7.5478      6791.7971        39.5608        43.2010

PRESSURE: 29700 3911.96 -580.277 -1881.26 -580.277 -194.779 1813.55 -1881.26 1813.55 5996.63
GPRESSURE: 29700 -396.188 110.608 -343.759 -704.269 -1258.92 -439.39 -616.404 1404.59 1094.46
PRESSAVG: 29700 613.524 -98.0379 -509.782 -98.0379 -796.709 618.484 -509.782 618.484 165.071
GPRESSAVG: 29700 601.981 -140.41 -561.043 -136.749 -798.253 748.404 -396.403 520.003 196.581
ENERGY:   29700       207.9003       140.0255         0.0000         0.0000          -2954.3787       324.3823         0.0000         0.0000       631.9791          -1650.0916       303.3155     -2282.0706     -1643.7884       295.1731           3237.9357      -186.8821      6764.4240        -6.0379         0.1028

PRESSURE: 29800 553.909 -2411.59 406.455 -2411.59 3575.17 202.604 406.455 202.604 5034.77
GPRESSURE: 29800 -1417.17 -872.502 -1068.17 9.5566 800.238 1529.26 304.988 698.603 716.266
PRESSAVG: 29800 -1131.58 -936.109 -589.508 -936.109 382.121 461.536 -589.508 461.536 746.311
GPRESSAVG: 29800 -1139.01 -971.537 -532.34 -860.115 462.066 395.814 -597.053 548.675 639.426
ENERGY:   29800       207.9545       127.2392         0.0000         0.0000          -2936.6184       319.5219         0.0000         0.0000       641.2656          -1640.6373       307.7726     -2281.9028     -1634.5770       297.5323           3054.6159        33.1108      6738.2168        -1.0479       -12.5074

PRESSURE: 29900 112.276 -426.483 452.919 -426.483 4605.97 -670.248 452.919 -670.248 2469.88
GPRESSURE: 29900 -1065.11 -471.86 -1387.81 654.201 1289.17 948.779 -167.932 -1198.76 622.463
PRESSAVG: 29900 -450.681 -51.4117 -73.503 -51.4117 -20.1394 -286.335 -73.503 -286.335 1189.45
GPRESSAVG: 29900 -338.813 -5.91637 -141.38 -36.5412 -111.605 -194.22 -159.874 -394.266 1227.51
ENERGY:   29900       218.7934       125.9293         0.0000         0.0000          -2921.0187       325.7248         0.0000         0.0000       602.1375          -1648.4337       288.9932     -2250.5712     -1643.1951       295.3640           2396.0444       282.1758      6763.5120       239.5439       259.0317

PRESSURE: 30000 8423.44 -990.706 -2343.61 -990.706 -3450.34 35.6513 -2343.61 35.6513 4466.83
GPRESSURE: 30000 2994.41 -1797.92 334.596 -1512.2 -700.582 -1202.07 847.682 -493.084 1112.46
PRESSAVG: 30000 415.68 88.9563 -420.893 88.9563 -12.3837 395.014 -420.893 395.014 474.64
GPRESSAVG: 30000 300.392 127.672 -335.171 44.0921 37.9843 309.609 -288.551 560.392 486.144
TIMING: 30000  CPU: 147.354, 0.004392/step  Wall: 147.354, 0.004392/step, 0.085522 hours remaining, 6.375000 MB of memory in use.
ETITLE:      TS           BOND          ANGLE          DIHED          IMPRP               ELECT            VDW       BOUNDARY           MISC        KINETIC               TOTAL           TEMP      POTENTIAL         TOTAL3        TEMPAVG            PRESSURE      GPRESSURE         VOLUME       PRESSAVG      GPRESSAVG

ENERGY:   30000       217.2373       146.3327         0.0000         0.0000          -2967.9058       350.6821         0.0000         0.0000       601.2165          -1652.4372       288.5512     -2253.6537     -1647.2983       296.6700           3146.6399      1135.4310      6635.0978       292.6453       274.8401

WRITING EXTENDED SYSTEM TO RESTART FILE AT STEP 30000
WRITING COORDINATES TO DCD FILE water_simulation.dcd AT STEP 30000
WRITING COORDINATES TO RESTART FILE AT STEP 30000
FINISHED WRITING RESTART COORDINATES
WRITING VELOCITIES TO DCD FILE AT STEP 30000
WRITING VELOCITIES TO RESTART FILE AT STEP 30000
FINISHED WRITING RESTART VELOCITIES
PRESSURE: 30100 1253.74 181.218 919.292 181.218 830.195 2984.96 919.292 2984.96 1379.4
GPRESSURE: 30100 -206.421 -54.9503 -1132.18 -347.907 443.933 627.18 -1206.12 494.8 -575.348
PRESSAVG: 30100 279.837 -51.2734 -225.091 -51.2734 -299.873 566.008 -225.091 566.008 -172.637
GPRESSAVG: 30100 258.159 -133.999 -209.014 -85.7716 -291.476 564.174 -350.857 404.993 -138.833
ENERGY:   30100       218.2169       136.5526         0.0000         0.0000          -2942.1910       321.2235         0.0000         0.0000       611.0297          -1655.1683       293.2610     -2266.1980     -1650.2676       298.6609           1154.4471      -112.6124      6672.5646       -64.2243       -57.3832

LDB: ============= START OF LOAD BALANCING ============== 148.071
LDB: ============== END OF LOAD BALANCING =============== 148.071
LDB: =============== DONE WITH MIGRATION ================ 148.071
LDB: ============= START OF LOAD BALANCING ============== 148.306
LDB: ============== END OF LOAD BALANCING =============== 148.306
LDB: =============== DONE WITH MIGRATION ================ 148.306
PRESSURE: 30200 1462.83 1771.63 -186.748 1771.63 3259.73 -1619.28 -186.748 -1619.28 4588.76
GPRESSURE: 30200 911.963 1579.94 -858.932 1720.26 1069.8 -1346.34 -1066.08 -366.823 1750.2
PRESSAVG: 30200 -105.485 554.266 -559.954 554.266 -196.411 26.3097 -559.954 26.3097 -37.7885
GPRESSAVG: 30200 -6.20704 562.643 -687.015 616.934 -204.953 16.566 -538.023 -27.9972 -114.233
ENERGY:   30200       215.3814       131.5226         0.0000         0.0000          -2963.5259       350.5966         0.0000         0.0000       610.1141          -1655.9112       292.8215     -2266.0253     -1649.6183       292.6087           3103.7726      1243.9893      6660.1303      -113.2281      -108.4644

PRESSURE: 30300 1565.41 -3217.2 -1215.41 -3217.2 2587.56 -402.288 -1215.41 -402.288 3286.98
GPRESSURE: 30300 413.265 -1965.09 -679.443 -1602.28 1073.54 431.72 -804.254 941.268 1733.68
PRESSAVG: 30300 -339.365 636.761 -758.226 636.761 296.587 119.985 -758.226 119.985 -131.892
GPRESSAVG: 30300 -401.856 612.832 -650.448 621.685 310.581 187.321 -860.206 286.007 -25.2246
ENERGY:   30300       212.1309       138.0639         0.0000         0.0000          -2984.4809       356.9498         0.0000         0.0000       614.6122          -1662.7241       294.9804     -2277.3363     -1656.7127       288.2713           2479.9843      1073.4945      6658.2698       -58.2235       -38.8332

PRESSURE: 30400 365.815 -378.598 1212.63 -378.598 3991.31 2392 1212.63 2392 2396.76
GPRESSURE: 30400 509.291 -508.861 425.849 -871.984 1342.67 46.7679 1159.99 -421.025 -449.755
PRESSAVG: 30400 -483.998 -608.061 227.557 -608.061 327.215 -476.673 227.557 -476.673 311.527
GPRESSAVG: 30400 -411.689 -568.938 127.879 -525.332 305.964 -555.285 252.513 -443.075 288.032
ENERGY:   30400       217.5070       116.2656         0.0000         0.0000          -2960.7971       341.2862         0.0000         0.0000       616.3575          -1669.3807       295.8180     -2285.7382     -1663.4324       292.7070           2251.2951       467.4021      6681.5703        51.5815        60.7691

PRESSURE: 30500 2044.14 1075.85 -1044.95 1075.85 551.258 1908.86 -1044.95 1908.86 2012.86
GPRESSURE: 30500 -1290.83 -1146.46 -387.139 -875.885 -1754.75 -335.156 -827.388 246.21 1572.96
PRESSAVG: 30500 383.076 -10.7944 -422.757 -10.7944 -160.492 -129.479 -422.757 -129.479 159.919
GPRESSAVG: 30500 340.233 -62.666 -412.735 -21.2947 -129.527 -157.735 -333.396 -243.521 170.464
ENERGY:   30500       223.2652       147.6356         0.0000         0.0000          -2946.5310       307.7888         0.0000         0.0000       609.6930          -1658.1484       292.6195     -2267.8414     -1653.8479       294.8592           1536.0838      -490.8750      6605.7358       127.5009       127.0567

WRITING EXTENDED SYSTEM TO RESTART FILE AT STEP 30500
WRITING COORDINATES TO DCD FILE water_simulation.dcd AT STEP 30500
WRITING COORDINATES TO RESTART FILE AT STEP 30500
FINISHED WRITING RESTART COORDINATES
WRITING VELOCITIES TO DCD FILE AT STEP 30500
WRITING VELOCITIES TO RESTART FILE AT STEP 30500
FINISHED WRITING RESTART VELOCITIES
PRESSURE: 30600 2343.64 1151.2 -1515.61 1151.2 817.559 -2659.62 -1515.61 -2659.62 -1335.08
GPRESSURE: 30600 -1349.7 -586.892 -1616.41 983.423 -1764.44 -450.985 -997.772 -603.628 -1265.61
PRESSAVG: 30600 -184.557 252.684 -510.231 252.684 -418.568 349.082 -510.231 349.082 687.027
GPRESSAVG: 30600 -213.856 264.342 -466.049 157.505 -419.571 311.185 -544.415 386.408 716.078
ENERGY:   30600       210.9393       140.7899         0.0000         0.0000          -2894.0763       274.9999         0.0000         0.0000       609.2520          -1658.0953       292.4078     -2267.3473     -1653.1628       294.8106            608.7074     -1459.9145      6596.6268        27.9673        27.5507

PRESSURE: 30700 1931.31 -1568.3 538.37 -1568.3 2972.49 49.9175 538.37 49.9175 3062.84
GPRESSURE: 30700 -638.362 83.3135 281.236 6.29657 -712.078 1369.74 1454 172.493 297.433
PRESSAVG: 30700 -681.954 70.2577 -919.891 70.2577 -307.127 1131.19 -919.891 1131.19 554.509
GPRESSAVG: 30700 -637.765 132.935 -986.384 113.543 -255.574 1204.82 -853.956 1190.28 499.025
ENERGY:   30700       203.1155       115.4353         0.0000         0.0000          -2880.9728       293.2181         0.0000         0.0000       612.0680          -1657.1359       293.7593     -2269.2039     -1650.3427       298.2783           2655.5446      -351.0027      6563.6823      -144.8575      -131.4380

PRESSURE: 30800 3979.81 -566.746 571.976 -566.746 3266.79 494.855 571.976 494.855 1946.94
GPRESSURE: 30800 277.902 -395.108 -1360.73 -307.357 -718.524 110.659 -1806.78 -1223.61 -249.495
PRESSAVG: 30800 141.915 -249.81 -99.6716 -249.81 -607.421 -466.352 -99.6716 -466.352 746.551
GPRESSAVG: 30800 81.8146 -250.484 -1.78476 -285.413 -619.672 -468.333 -209.172 -486.759 787.494
ENERGY:   30800       213.2166       153.3153         0.0000         0.0000          -2897.0954       286.8910         0.0000         0.0000       589.1149          -1654.5576       282.7431     -2243.6725     -1649.4355       291.2013           3064.5136      -230.0388      6433.7655        93.6815        83.2122

PRESSURE: 30900 2515.11 -1173.83 1165.21 -1173.83 3291.23 -81.521 1165.21 -81.521 5748.36
GPRESSURE: 30900 2107.27 -1294.27 766.48 -1511.5 -991.52 -212.418 951.125 305.717 -721.545
PRESSAVG: 30900 -36.7551 -599.098 160.94 -599.098 512.313 348.644 160.94 348.644 -196.226
GPRESSAVG: 30900 32.8828 -640.966 77.4114 -579.004 422.406 324.367 266.426 279.843 -219.504
ENERGY:   30900       198.1530       151.1715         0.0000         0.0000          -2923.0302       305.4109         0.0000         0.0000       614.3272          -1653.9676       294.8436     -2268.2948     -1647.8462       301.9276           3851.5648       131.4010      6516.3265        93.1109        78.5949

PRESSURE: 31000 1664.73 847.992 -767.202 847.992 1590.32 -1644.84 -767.202 -1644.84 1375.25
GPRESSURE: 31000 -207.975 -880.452 793.722 -1006.36 -1486.45 183.962 -564.033 1414.08 -904.405
PRESSAVG: 31000 481.277 -823.729 -222.031 -823.729 -487.916 244.692 -222.031 244.692 -112.397
GPRESSAVG: 31000 528.153 -875.437 -193.152 -871.267 -448.507 286.892 -330.337 291.087 -181.247
TIMING: 31000  CPU: 151.825, 0.004471/step  Wall: 151.825, 0.004471/step, 0.0858184 hours remaining, 6.375000 MB of memory in use.
ETITLE:      TS           BOND          ANGLE          DIHED          IMPRP               ELECT            VDW       BOUNDARY           MISC        KINETIC               TOTAL           TEMP      POTENTIAL         TOTAL3        TEMPAVG            PRESSURE      GPRESSURE         VOLUME       PRESSAVG      GPRESSAVG

ENERGY:   31000       212.0625       131.2910         0.0000         0.0000          -2896.3874       283.5937         0.0000         0.0000       617.8621          -1651.5782       296.5401     -2269.4402     -1646.0009       299.5339           1543.4332      -866.2766      6567.6711       -39.6784       -33.8671

WRITING EXTENDED SYSTEM TO RESTART FILE AT STEP 31000
WRITING COORDINATES TO DCD FILE water_simulation.dcd AT STEP 31000
WRITING COORDINATES TO RESTART FILE AT STEP 31000
FINISHED WRITING RESTART COORDINATES
WRITING VELOCITIES TO DCD FILE AT STEP 31000
WRITING VELOCITIES TO RESTART FILE AT STEP 31000
FINISHED WRITING RESTART VELOCITIES
PRESSURE: 31100 3733.77 1593.74 -1626.94 1593.74 3712.53 2592.35 -1626.94 2592.35 1056.11
GPRESSURE: 31100 -937.87 -2090.8 -802.189 -613.492 1945.82 1584.85 -660.025 1374.91 680.656
PRESSAVG: 31100 -21.0194 -151.813 -309.262 -151.813 -4.55616 31.9878 -309.262 31.9878 -348.711
GPRESSAVG: 31100 -115.369 -85.467 -270.232 -69.7505 -96.0582 -13.4567 -191.043 35.9588 -211.402
ENERGY:   31100       212.5468       132.5583         0.0000         0.0000          -2924.5061       318.0187         0.0000         0.0000       599.5660          -1661.8163       287.7590     -2261.3823     -1656.1052       291.4705           2834.1375       562.8696      6507.6459      -124.7622      -140.9429

PRESSURE: 31200 -406.528 -693.572 362.519 -693.572 2274.95 -825.431 362.519 -825.431 1859.87
GPRESSURE: 31200 -1470.32 -569.245 -247.995 -158.887 -1411.6 944.356 1141.53 507.855 21.4132
PRESSAVG: 31200 173.242 435.075 -48.9214 435.075 -335.855 881.546 -48.9214 881.546 308.779
GPRESSAVG: 31200 154.391 462.797 -113.418 336.121 -222.223 941.292 -63.1341 922.635 224.409
ENERGY:   31200       208.2651       154.1508         0.0000         0.0000          -2933.7466       288.6608         0.0000         0.0000       614.1509          -1668.5189       294.7590     -2282.6698     -1662.7523       293.2199           1242.7611      -953.5032      6572.3824        48.7221        52.1922

PRESSURE: 31300 4577.24 -1496.82 -738.562 -1496.82 4860.97 -913.81 -738.562 -913.81 -477.047
GPRESSURE: 31300 -348.062 -468.295 -1186.85 211.418 634.085 -1794.25 -213.907 -832.829 523.971
PRESSAVG: 31300 91.9744 -185.007 107.675 -185.007 -54.7473 279.191 107.675 279.191 505.571
GPRESSAVG: 31300 149.614 -211.103 132.253 -121.216 -180.845 319.272 58.7426 266.806 562.507
ENERGY:   31300       201.4121       144.5556         0.0000         0.0000          -2927.4540       316.2065         0.0000         0.0000       593.9135          -1671.3664       285.0461     -2265.2799     -1665.5856       292.3669           2987.0568       269.9979      6573.3305       180.9325       177.0923

PRESSURE: 31400 4817.37 -1749.25 1104 -1749.25 2313.07 1552.3 1104 1552.3 4875.98
GPRESSURE: 31400 759.977 -605.365 -920.61 -973.367 1154.4 595.078 -760.426 1094.27 -883.542
PRESSAVG: 31400 -346.578 60.4701 -687.747 60.4701 115.997 -645.006 -687.747 -645.006 -57.2488
GPRESSAVG: 31400 -440.249 165.806 -689.105 82.3907 213.582 -742.501 -772.596 -727.761 -97.9354
ENERGY:   31400       208.9551       124.7395         0.0000         0.0000          -2941.9106       323.0506         0.0000         0.0000       612.0416          -1673.1238       293.7466     -2285.1654     -1667.2941       296.1804           4002.1402       343.6127      6577.5334       -95.9432      -108.2009

PRESSURE: 31500 2710.29 794.434 -196.302 794.434 1954.47 -1233.74 -196.302 -1233.74 6939.18
GPRESSURE: 31500 -441.175 -910.331 625.661 -32.0365 -495.369 201.416 234.64 1091.68 1375.77
PRESSAVG: 31500 650.054 384.736 -57.0356 384.736 -168.949 -383.639 -57.0356 -383.639 -351.278
GPRESSAVG: 31500 681.482 329.504 -159.243 262.082 -102.304 -350.546 75.0729 -337.214 -451.703
ENERGY:   31500       206.8308       136.9215         0.0000         0.0000          -2950.5883       322.0977         0.0000         0.0000       624.2484          -1660.4899       299.6052     -2284.7383     -1654.5660       294.0063           3867.9816       146.4078      6653.1012        43.2758        42.4915

WRITING EXTENDED SYSTEM TO RESTART FILE AT STEP 31500
WRITING COORDINATES TO DCD FILE water_simulation.dcd AT STEP 31500
WRITING COORDINATES TO RESTART FILE AT STEP 31500
FINISHED WRITING RESTART COORDINATES
WRITING VELOCITIES TO DCD FILE AT STEP 31500
WRITING VELOCITIES TO RESTART FILE AT STEP 31500
FINISHED WRITING RESTART VELOCITIES
PRESSURE: 31600 1379.89 1181.39 -1601.1 1181.39 4690.51 -1089.88 -1601.1 -1089.88 1456.83
GPRESSURE: 31600 -1070.5 672.88 306.333 211.016 -1481.25 -988.562 1587.61 -1535.15 -387.828
PRESSAVG: 31600 49.2561 -238.886 -585.04 -238.886 -310.584 -25.4196 -585.04 -25.4196 -356.069
GPRESSAVG: 31600 6.91443 -418.991 -457.385 -181.247 -358.476 57.3366 -651.495 -51.8556 -348.274
ENERGY:   31600       205.2231       139.8684         0.0000         0.0000          -2911.0025       290.0673         0.0000         0.0000       606.3133          -1669.5305       290.9974     -2275.8438     -1663.0128       294.5491           2509.0766      -979.8566      6624.8583      -205.7990      -233.2785

PRESSURE: 31700 7131.19 -362.748 2900.12 -362.748 3256.18 1990.05 2900.12 1990.05 5928.27
GPRESSURE: 31700 1625.35 -108.087 791.227 -807.927 119.065 1078.39 277.699 1278.06 3379.26
PRESSAVG: 31700 276.425 -557.163 -116.067 -557.163 -6.98272 91.5082 -116.067 91.5082 -104.088
GPRESSAVG: 31700 308.15 -383.253 -142.509 -496.939 -39.4145 5.75532 -10.674 71.4645 -121.35
ENERGY:   31700       203.0814       135.9329         0.0000         0.0000          -2960.2294       342.4380         0.0000         0.0000       603.2859          -1675.4914       289.5444     -2278.7772     -1670.0988       290.9340           5438.5446      1707.8900      6470.6394        55.1181        49.1286

PRESSURE: 31800 3439.03 -422.552 3830.02 -422.552 6688.54 -744.875 3830.02 -744.875 2468.42
GPRESSURE: 31800 1171.46 -338.2 745.067 -987.056 1235.42 -1521.06 44.6895 -473.122 108.47
PRESSAVG: 31800 -86.8198 -426.624 196.394 -426.624 -661.123 -269.065 196.394 -269.065 673.238
GPRESSAVG: 31800 -133.575 -437.858 272.983 -466.142 -691.419 -311.112 39.0841 -204.758 835.228
ENERGY:   31800       216.5138       121.5386         0.0000         0.0000          -2996.2768       344.5374         0.0000         0.0000       631.7353          -1681.9517       303.1986     -2313.6871     -1675.9394       292.6001           4198.6641       838.4502      6605.0250       -24.9016         3.4113

PRESSURE: 31900 3869.05 -1390.88 -155.649 -1390.88 6398.33 -1634.84 -155.649 -1634.84 1436.6
GPRESSURE: 31900 1739.16 -30.6087 675.424 547.242 1185.73 -187.899 -148.69 -765.745 -270.46
PRESSAVG: 31900 -442.252 97.7928 715.205 97.7928 199.032 -283.46 715.205 -283.46 -127.616
GPRESSAVG: 31900 -357.023 21.1724 617.054 151.952 213.54 -218.095 852.962 -342.344 -274.019
ENERGY:   31900       209.6714       143.7788         0.0000         0.0000          -2993.1640       347.6382         0.0000         0.0000       613.8610          -1678.2146       294.6199     -2292.0756     -1672.6995       293.8552           3901.3275       884.8107      6649.8206      -123.6119      -139.1672

PRESSURE: 32000 2403.31 -39.0394 -63.6275 -39.0394 1587.2 -30.0679 -63.6275 -30.0679 537.179
GPRESSURE: 32000 -375.872 801.818 290 702.675 -1138.57 -1460.54 412.067 -663.049 -229.541
PRESSAVG: 32000 169.075 828.195 1294.07 828.195 199.567 474.409 1294.07 474.409 -102.109
GPRESSAVG: 32000 68.7003 893.028 1369.82 784.597 207.503 433.505 1164.89 468.806 -50.4104
TIMING: 32000  CPU: 156.711, 0.004886/step  Wall: 156.711, 0.004886/step, 0.0924268 hours remaining, 6.375000 MB of memory in use.
ETITLE:      TS           BOND          ANGLE          DIHED          IMPRP               ELECT            VDW       BOUNDARY           MISC        KINETIC               TOTAL           TEMP      POTENTIAL         TOTAL3        TEMPAVG            PRESSURE      GPRESSURE         VOLUME       PRESSAVG      GPRESSAVG

ENERGY:   32000       212.8069       141.9313         0.0000         0.0000          -2950.3687       320.6625         0.0000         0.0000       592.5187          -1682.4494       284.3767     -2274.9681     -1676.8850       288.7394           1509.2277      -581.3267      6773.8245        88.8444        75.2642

WRITING EXTENDED SYSTEM TO RESTART FILE AT STEP 32000
WRITING COORDINATES TO DCD FILE water_simulation.dcd AT STEP 32000
WRITING COORDINATES TO RESTART FILE AT STEP 32000
FINISHED WRITING RESTART COORDINATES
WRITING VELOCITIES TO DCD FILE AT STEP 32000
WRITING VELOCITIES TO RESTART FILE AT STEP 32000
FINISHED WRITING RESTART VELOCITIES
PRESSURE: 32100 798.211 744.318 670.95 744.318 3220.32 -569.377 670.95 -569.377 -906.499
GPRESSURE: 32100 -143.957 -424.649 416.872 430.044 168.724 420.77 1176.79 -748.773 -708.629
PRESSAVG: 32100 -90.7918 -225.314 326.971 -225.314 105.213 -964.337 326.971 -964.337 106.045
GPRESSAVG: 32100 -38.5384 -224.748 270.078 -225.708 90.7966 -975.969 370.203 -1035.06 94.411
ENERGY:   32100       203.0902       127.6195         0.0000         0.0000          -2966.1465       321.7717         0.0000         0.0000       621.6736          -1691.9915       298.3695     -2313.6651     -1684.8258       294.9688           1037.3441      -227.9539      6674.2631        40.1552        48.8897

LDB: ============= START OF LOAD BALANCING ============== 157.381
LDB: ============== END OF LOAD BALANCING =============== 157.381
LDB: =============== DONE WITH MIGRATION ================ 157.381
LDB: ============= START OF LOAD BALANCING ============== 157.595
LDB: ============== END OF LOAD BALANCING =============== 157.595
LDB: =============== DONE WITH MIGRATION ================ 157.595
PRESSURE: 32200 -910.71 -1294.02 -1862.89 -1294.02 652.428 -1298.65 -1862.89 -1298.65 -3265.4
GPRESSURE: 32200 -1680.56 -430.632 -296.526 -210.861 -605.83 -1045.95 -314.252 203.681 -3179.64
PRESSAVG: 32200 139.767 284.731 369.241 284.731 -219.733 -294.616 369.241 -294.616 -11.2778
GPRESSAVG: 32200 90.5231 245.198 468.875 322.677 -183.089 -249.883 422.034 -266.152 -0.788807
ENERGY:   32200       227.3821       133.9705         0.0000         0.0000          -2953.8159       293.0083         0.0000         0.0000       605.6517          -1693.8033       290.6798     -2299.4550     -1688.8139       288.2697          -1174.5604     -1822.0097      6828.6090       -30.4147       -31.1183

PRESSURE: 32300 2374.98 374.797 2703.25 374.797 2537.84 181.093 2703.25 181.093 -3293.37
GPRESSURE: 32300 56.4371 -75.8853 1167.04 -1527.94 792.804 765.66 387.92 809.893 167.617
PRESSAVG: 32300 -1039.51 -428.519 -405.536 -428.519 289.032 -806.76 -405.536 -806.76 704.09
GPRESSAVG: 32300 -969.509 -301.202 -487.416 -500.741 181.497 -738.329 -439.132 -718.34 749.655
ENERGY:   32300       224.8261       141.4458         0.0000         0.0000          -3053.5137       359.3764         0.0000         0.0000       631.1008          -1696.7646       302.8940     -2327.8654     -1690.8546       292.8870            539.8148       338.9528      6770.2936       -15.4623       -12.7860

PRESSURE: 32400 1893.13 41.9421 2924.14 41.9421 -2708.12 -1684.9 2924.14 -1684.9 4428.98
GPRESSURE: 32400 -547.483 519.885 1333.74 433.021 -276.979 -424.607 2077.85 -585.504 2735.77
PRESSAVG: 32400 -189.756 -173.65 391.075 -173.65 510.547 467.359 391.075 467.359 -417.814
GPRESSAVG: 32400 -188.822 -187.93 320.631 -78.9759 562.943 360.293 428.717 472.998 -455.002
ENERGY:   32400       223.2717       121.4155         0.0000         0.0000          -2996.8691       350.5969         0.0000         0.0000       608.7027          -1692.8823       292.1442     -2301.5850     -1687.1529       291.5789           1204.6618       637.1014      6766.0185       -32.3410       -26.9604

PRESSURE: 32500 -57.1626 -52.9954 -172.904 -52.9954 -3953.8 31.5942 -172.904 31.5942 3105.3
GPRESSURE: 32500 145.338 -429.505 115.84 -341.392 -874.947 701.453 -384.437 665.809 -644.893
PRESSAVG: 32500 289.793 -478.776 -370.625 -478.776 -403.696 -280.293 -370.625 -280.293 137.769
GPRESSAVG: 32500 278.697 -574.039 -265.568 -525.881 -371.382 -194.74 -311.226 -369.195 84.7657
ENERGY:   32500       231.4440       135.0869         0.0000         0.0000          -3009.0576       336.0146         0.0000         0.0000       608.0305          -1698.4815       291.8215     -2306.5120     -1692.9530       287.1819           -301.8865      -458.1670      6799.4082         7.9555        -2.6400

WRITING EXTENDED SYSTEM TO RESTART FILE AT STEP 32500
WRITING COORDINATES TO DCD FILE water_simulation.dcd AT STEP 32500
WRITING COORDINATES TO RESTART FILE AT STEP 32500
FINISHED WRITING RESTART COORDINATES
WRITING VELOCITIES TO DCD FILE AT STEP 32500
WRITING VELOCITIES TO RESTART FILE AT STEP 32500
FINISHED WRITING RESTART VELOCITIES
PRESSURE: 32600 -440.068 -1392.24 1056.6 -1392.24 -645.095 1446.46 1056.6 1446.46 -1365.43
GPRESSURE: 32600 -1717 -777.369 383.488 -1586.11 -867.842 794.854 365.878 596.56 0.565372
PRESSAVG: 32600 -26.3062 -442.454 560.611 -442.454 -58.5934 138.107 560.611 138.107 -314.674
GPRESSAVG: 32600 -70.6544 -379.266 496.551 -380.027 -72.3774 102.973 495.09 244.94 -246.908
ENERGY:   32600       231.0403       131.2349         0.0000         0.0000          -2960.2498       319.7760         0.0000         0.0000       583.9261          -1694.2725       280.2527     -2278.1986     -1689.3628       288.3895           -816.8634      -861.4241      6835.3448      -133.1912      -129.9800

PRESSURE: 32700 -328.007 89.2135 -1321.07 89.2135 1655.01 -539.224 -1321.07 -539.224 -2225.67
GPRESSURE: 32700 -528.247 60.5411 -985.748 1006 176.503 -1712.4 -1674.15 -1514.24 -1225.98
PRESSAVG: 32700 218.06 174.135 -349.685 174.135 303.202 -705.981 -349.685 -705.981 -559.09
GPRESSAVG: 32700 261.06 90.6981 -297.532 143.378 245.256 -697.959 -285.671 -729.5 -542.932
ENERGY:   32700       232.2988       138.8969         0.0000         0.0000          -3004.2819       327.0947         0.0000         0.0000       601.0109          -1704.9805       288.4525     -2305.9914     -1700.0908       289.5973           -299.5543      -525.9077      6670.7939       -12.6092       -12.2053

PRESSURE: 32800 -556.021 -276.335 -1277.92 -276.335 -1009.91 457.08 -1277.92 457.08 3131.81
GPRESSURE: 32800 -1306.56 -348.207 -972.18 193.206 142.394 617.699 -584.97 24.5608 415.629
PRESSAVG: 32800 340.473 -189.724 124.579 -189.724 -233.359 -722.703 124.579 -722.703 -120.382
GPRESSAVG: 32800 320.472 -217.677 75.7124 -253.799 -227.37 -756.802 41.9419 -767.502 -156.722
ENERGY:   32800       220.9624       134.9649         0.0000         0.0000          -3008.4901       335.2060         0.0000         0.0000       618.8699          -1698.4870       297.0238     -2317.3569     -1692.4028       291.2106            521.9597      -249.5114      6687.3895        -4.4226       -21.2067

PRESSURE: 32900 798.844 -576.351 265.272 -576.351 1032.38 -105.996 265.272 -105.996 -269.166
GPRESSURE: 32900 -463.465 -862.469 -1556.27 -1205.75 -1635.92 347.874 -102.369 705.177 81.9333
PRESSAVG: 32900 -363.368 -669.685 -790.467 -669.685 437.781 152.463 -790.467 152.463 -816.432
GPRESSAVG: 32900 -369.654 -675.047 -794.955 -565.178 412.183 195.623 -720.269 183.741 -773.586
ENERGY:   32900       222.5112       125.1354         0.0000         0.0000          -2942.0427       320.3520         0.0000         0.0000       591.8973          -1682.1469       284.0785     -2274.0442     -1677.4139       291.0773            520.6849      -672.4835      6822.4876      -247.3395      -243.6859

PRESSURE: 33000 1514.86 194.972 -147.203 194.972 5241 -614.631 -147.203 -614.631 731.172
GPRESSURE: 33000 580.772 -65.6099 -986.996 111.962 1613.97 1170.56 -269.438 -455.158 586.749
PRESSAVG: 33000 -3.39805 -932.179 -206.635 -932.179 -82.925 271.632 -206.635 271.632 362.109
GPRESSAVG: 33000 22.2825 -829.274 -201.87 -1029.17 -107.152 266.916 -386.139 281.229 318.681
TIMING: 33000  CPU: 161.26, 0.004549/step  Wall: 161.26, 0.004549/step, 0.0847883 hours remaining, 6.375000 MB of memory in use.
ETITLE:      TS           BOND          ANGLE          DIHED          IMPRP               ELECT            VDW       BOUNDARY           MISC        KINETIC               TOTAL           TEMP      POTENTIAL         TOTAL3        TEMPAVG            PRESSURE      GPRESSURE         VOLUME       PRESSAVG      GPRESSAVG

ENERGY:   33000       218.8469       135.3123         0.0000         0.0000          -2976.6253       354.9702         0.0000         0.0000       586.1715          -1681.3245       281.3304     -2267.4960     -1675.9262       286.2766           2495.6770       927.1626      6743.5017        91.9288        77.9371

WRITING EXTENDED SYSTEM TO RESTART FILE AT STEP 33000
WRITING COORDINATES TO DCD FILE water_simulation.dcd AT STEP 33000
WRITING COORDINATES TO RESTART FILE AT STEP 33000
FINISHED WRITING RESTART COORDINATES
WRITING VELOCITIES TO DCD FILE AT STEP 33000
WRITING VELOCITIES TO RESTART FILE AT STEP 33000
FINISHED WRITING RESTART VELOCITIES
PRESSURE: 33100 2538.32 2089.12 -1433.47 2089.12 704.482 3428.37 -1433.47 3428.37 110.183
GPRESSURE: 33100 -580.289 139.798 -281.642 258.524 -1485.5 210.592 -1043.05 531.928 733.777
PRESSAVG: 33100 -719.402 -314.91 -104.928 -314.91 481.996 -276.542 -104.928 -276.542 625.734
GPRESSAVG: 33100 -778.431 -345.501 -130.836 -311.119 507.102 -387.888 47.7649 -283.194 622.598
ENERGY:   33100       223.4328       131.6101         0.0000         0.0000          -2958.5763       324.4558         0.0000         0.0000       588.2183          -1690.8593       282.3128     -2279.0777     -1685.9063       287.1285           1117.6633      -444.0043      6795.1134       129.4427       117.0896

PRESSURE: 33200 862.563 -151.916 -123.449 -151.916 28.7284 -616.34 -123.449 -616.34 1846.73
GPRESSURE: 33200 -1509.79 -887.468 -302.491 -570.755 598.924 613.987 1711.93 40.3341 504.756
PRESSAVG: 33200 -1367.2 -211.74 451.366 -211.74 841.296 -496.5 451.366 -496.5 -203.972
GPRESSAVG: 33200 -1386.67 -304.677 482.389 -194.006 928.889 -384.185 370.972 -545.174 -209.232
ENERGY:   33200       210.6574       129.3917         0.0000         0.0000          -2952.5863       318.8511         0.0000         0.0000       610.3964          -1683.2896       292.9570     -2293.6861     -1677.3064       290.0526            912.6726      -135.3702      6701.6197      -243.2914      -222.3386

PRESSURE: 33300 -1174.63 -3976.19 682.948 -3976.19 1548.97 -502.807 682.948 -502.807 -2247.94
GPRESSURE: 33300 -889.878 -1055.96 1161.2 -1344 -959.951 -560.962 1061.18 93.7577 -2107.32
PRESSAVG: 33300 -340.357 -334.58 -521.742 -334.58 930.453 212.444 -521.742 212.444 -195.322
GPRESSAVG: 33300 -315.157 -226.297 -554.145 -265.053 907.241 216.288 -414.145 245.214 -210.968
ENERGY:   33300       223.6809       124.3192         0.0000         0.0000          -2935.1103       289.5904         0.0000         0.0000       606.7975          -1690.7223       291.2298     -2297.5198     -1685.9048       291.8621           -624.5331     -1319.0508      6653.8127       131.5913       127.0387

PRESSURE: 33400 153.432 -105.561 -465.412 -105.561 3050.07 1163.06 -465.412 1163.06 395.677
GPRESSURE: 33400 -1456.05 209.576 202.275 514.896 591.759 -501.827 748.78 -787.154 -881.441
PRESSAVG: 33400 -1224.66 -425.562 653.682 -425.562 1476.81 -418.15 653.682 -418.15 115.36
GPRESSAVG: 33400 -1244.95 -415.93 691.057 -493.284 1417.47 -409.763 609.421 -332.449 133.325
ENERGY:   33400       203.7362       129.4773         0.0000         0.0000          -2942.3025       308.3698         0.0000         0.0000       612.0186          -1688.7006       293.7356     -2300.7192     -1682.2891       289.4565           1199.7253      -581.9113      6639.6677       122.5053       101.9473

PRESSURE: 33500 933.004 -340.553 1104.96 -340.553 1493.85 -951.974 1104.96 -951.974 -667.789
GPRESSURE: 33500 -1366.02 -598.506 392.395 -247.791 -1162.27 -1679.68 -385.31 -850.998 -1507.09
PRESSAVG: 33500 -809.151 -406.639 163.503 -406.639 231.035 -265.434 163.503 -265.434 516.207
GPRESSAVG: 33500 -754.714 -540.672 133.165 -438.9 199.476 -284.199 127.893 -392.218 493.099
ENERGY:   33500       219.4778       113.1010         0.0000         0.0000          -2923.3165       303.8727         0.0000         0.0000       603.0744          -1683.7907       289.4428     -2286.8650     -1679.1357       287.9290            586.3557     -1345.1260      6814.9691       -20.6363       -20.7131

WRITING EXTENDED SYSTEM TO RESTART FILE AT STEP 33500
WRITING COORDINATES TO DCD FILE water_simulation.dcd AT STEP 33500
WRITING COORDINATES TO RESTART FILE AT STEP 33500
FINISHED WRITING RESTART COORDINATES
WRITING VELOCITIES TO DCD FILE AT STEP 33500
WRITING VELOCITIES TO RESTART FILE AT STEP 33500
FINISHED WRITING RESTART VELOCITIES
PRESSURE: 33600 -590.667 -4409.01 666.8 -4409.01 -475.394 -1726.69 666.8 -1726.69 2955.58
GPRESSURE: 33600 72.3052 -506.356 -80.8959 -473.467 -2936.42 175.688 389.022 -527.054 -179.434
PRESSAVG: 33600 417.93 -323.4 -568.8 -323.4 -316.98 -1223.84 -568.8 -1223.84 -133.661
GPRESSAVG: 33600 402.523 -209.131 -590.04 -248.351 -256.863 -1198.62 -495.558 -1224.63 -145.526
ENERGY:   33600       202.3417       135.5672         0.0000         0.0000          -2970.7059       316.0356         0.0000         0.0000       633.8471          -1682.9142       304.2121     -2316.7613     -1676.6752       288.5367            629.8398     -1014.5163      6768.9343       -10.9037         0.0449

PRESSURE: 33700 -629.845 -51.4628 1571.87 -51.4628 -129.711 -2160.1 1571.87 -2160.1 4224.85
GPRESSURE: 33700 -227.678 30.0234 692.366 1192.24 -305.281 -943.086 199.515 -388.429 -341.721
PRESSAVG: 33700 -318.779 470.852 107.287 470.852 -418.921 -147.13 107.287 -147.13 666.111
GPRESSAVG: 33700 -287.577 456.472 222.019 407.67 -448.662 -143.518 55.7565 -109.111 615.716
ENERGY:   33700       234.4757       128.4188         0.0000         0.0000          -2969.9528       329.6630         0.0000         0.0000       598.8010          -1678.5943       287.3919     -2277.3953     -1674.5410       291.0440           1155.0982      -291.5602      6747.2024       -23.8627       -40.1746

PRESSURE: 33800 3149.96 -2369.67 1692.61 -2369.67 1565.71 -331.092 1692.61 -331.092 1047.87
GPRESSURE: 33800 603.488 -486.978 28.1751 -549.369 1044.78 468.244 190.944 717.447 1045.54
PRESSAVG: 33800 249.707 133.905 -154.737 133.905 343.298 152.948 -154.737 152.948 -728.629
GPRESSAVG: 33800 216.481 123.603 -267.683 150.535 423.42 124.57 -209.428 114.937 -761.299
ENERGY:   33800       219.8955       136.9702         0.0000         0.0000          -3012.5679       357.9577         0.0000         0.0000       624.6466          -1673.0979       299.7964     -2297.7445     -1667.1684       290.4624           1921.1799       897.9342      6699.6331       -45.2079       -40.4660

PRESSURE: 33900 3851.94 -59.6543 -76.8645 -59.6543 -263.787 -407.118 -76.8645 -407.118 457.294
GPRESSURE: 33900 2507.11 -1383.28 773.484 -308.631 1251.71 -475.952 368.553 -1652.5 1110.24
PRESSAVG: 33900 -30.6379 172.484 493.071 172.484 673.327 32.5849 493.071 32.5849 -236.452
GPRESSAVG: 33900 -10.1703 286.245 484.219 139.995 637.983 102.234 551.714 24.7441 -183.605
ENERGY:   33900       231.4851       136.3468         0.0000         0.0000          -3018.0372       364.0294         0.0000         0.0000       610.8475          -1675.3284       293.1735     -2286.1759     -1671.1966       292.3734           1348.4815      1623.0193      6590.9181       135.4123       148.0691

PRESSURE: 34000 2948.94 2921.2 3016.07 2921.2 -110.261 -1350 3016.07 -1350 1725.76
GPRESSURE: 34000 2152.27 1517.87 -858.234 -154.347 -345.201 -2329.67 -1559.64 -2588.1 1230.57
PRESSAVG: 34000 772.108 -484.051 246.047 -484.051 -954.266 -760.535 246.047 -760.535 158.637
GPRESSAVG: 34000 680.984 -648.49 338.309 -517.28 -917.378 -820.15 200.69 -656.752 212.281
TIMING: 34000  CPU: 165.779, 0.004519/step  Wall: 165.779, 0.004519/step, 0.0829739 hours remaining, 6.375000 MB of memory in use.
ETITLE:      TS           BOND          ANGLE          DIHED          IMPRP               ELECT            VDW       BOUNDARY           MISC        KINETIC               TOTAL           TEMP      POTENTIAL         TOTAL3        TEMPAVG            PRESSURE      GPRESSURE         VOLUME       PRESSAVG      GPRESSAVG

ENERGY:   34000       224.1294       136.6240         0.0000         0.0000          -3006.6722       352.0239         0.0000         0.0000       621.1542          -1672.7408       298.1202     -2293.8950     -1667.0863       295.9797           1521.4785      1012.5449      6581.0705        -7.8404        -8.0376

WRITING EXTENDED SYSTEM TO RESTART FILE AT STEP 34000
WRITING COORDINATES TO DCD FILE water_simulation.dcd AT STEP 34000
WRITING COORDINATES TO RESTART FILE AT STEP 34000
FINISHED WRITING RESTART COORDINATES
WRITING VELOCITIES TO DCD FILE AT STEP 34000
WRITING VELOCITIES TO RESTART FILE AT STEP 34000
FINISHED WRITING RESTART VELOCITIES
PRESSURE: 34100 1916.51 -2806.39 1641.35 -2806.39 -2058.96 2521.07 1641.35 2521.07 1718.58
GPRESSURE: 34100 1301.3 -605.281 -117.375 811.219 170.744 -1282.02 456.498 335.706 1149.43
PRESSAVG: 34100 706.41 -344.681 232.816 -344.681 -668.604 -499.268 232.816 -499.268 79.279
GPRESSAVG: 34100 750.454 -267.84 96.7234 -315.102 -657.359 -496.249 225.833 -593.68 72.2851
ENERGY:   34100       218.0882       117.3451         0.0000         0.0000          -2958.3383       341.6650         0.0000         0.0000       594.1222          -1687.1178       285.1463     -2281.2400     -1680.7183       288.4184            525.3726       873.8257      6634.1897        39.0284        55.1265

LDB: ============= START OF LOAD BALANCING ============== 166.525
LDB: ============== END OF LOAD BALANCING =============== 166.525
LDB: =============== DONE WITH MIGRATION ================ 166.525
LDB: ============= START OF LOAD BALANCING ============== 166.743
LDB: ============== END OF LOAD BALANCING =============== 166.743
LDB: =============== DONE WITH MIGRATION ================ 166.743
PRESSURE: 34200 2985.25 449.728 -2696.08 449.728 2332.63 -526.68 -2696.08 -526.68 -591.712
GPRESSURE: 34200 1877.06 -195.752 -426.125 -315.798 1655.08 1326.01 -674.673 -278.405 -734.756
PRESSAVG: 34200 60.2425 536.253 -143.87 536.253 347.581 -85.2118 -143.87 -85.2118 -733.508
GPRESSAVG: 34200 98.1332 536.31 -6.89558 579.373 349.719 -130.554 -240.446 -43.3684 -764.125
ENERGY:   34200       213.4602       144.6698         0.0000         0.0000          -3004.7403       351.3203         0.0000         0.0000       621.5065          -1673.7834       298.2893     -2295.2899     -1667.9489       283.0681           1575.3897       932.4613      6598.4454      -108.5616      -105.4242

PRESSURE: 34300 -3139.46 1412.78 -2315.7 1412.78 924.495 1378.92 -2315.7 1378.92 297.363
GPRESSURE: 34300 -336.029 602.42 -29.8079 59.8252 -753.323 -855.774 284.154 -140.256 -459.597
PRESSAVG: 34300 924.322 396.011 -454.634 396.011 679.201 -700.09 -454.634 -700.09 -686.408
GPRESSAVG: 34300 881.715 403.689 -508.435 355.419 611.99 -668.148 -240.441 -666.809 -595.459
ENERGY:   34300       220.5971       144.3595         0.0000         0.0000          -2897.3969       297.5006         0.0000         0.0000       560.5236          -1674.4160       269.0208     -2234.9396     -1669.6077       288.0948           -639.2001      -516.3161      6642.3975       305.7050       299.4153

PRESSURE: 34400 4650.12 2639.72 203.622 2639.72 234.061 907.935 203.622 907.935 1265.68
GPRESSURE: 34400 3007.54 -25.8053 543.629 296.53 2530.42 961.049 358.199 -150.762 -539.295
PRESSAVG: 34400 -152.091 492.035 -59.8457 492.035 369.722 615.914 -59.8457 615.914 -470.966
GPRESSAVG: 34400 -86.3061 456.965 -24.5248 402.393 288.708 511.126 -114.747 581.941 -480.249
ENERGY:   34400       229.6103       106.7373         0.0000         0.0000          -2970.7400       348.7592         0.0000         0.0000       609.2976          -1676.3355       292.4297     -2285.6331     -1671.1591       290.2818           2049.9528      1666.2201      6524.9055       -84.4446       -92.6159

PRESSURE: 34500 -723.269 2108.04 2852.29 2108.04 -593.494 -1055.36 2852.29 -1055.36 2413
GPRESSURE: 34500 -1875.76 1518.64 731.082 1805.11 -2096.09 257.375 712.289 774.902 326.571
PRESSAVG: 34500 964.795 902.019 -115.759 902.019 -76.1389 251.093 -115.759 251.093 -98.2671
GPRESSAVG: 34500 907.718 941.172 -69.1347 839.786 76.3385 462.81 -159.321 179.518 -214.892
ENERGY:   34500       208.2117       127.9472         0.0000         0.0000          -2928.2726       285.9047         0.0000         0.0000       630.7768          -1675.4322       302.7385     -2306.2090     -1669.0784       298.3000            365.4121     -1215.0926      6548.0258       263.4630       256.3882

WRITING EXTENDED SYSTEM TO RESTART FILE AT STEP 34500
WRITING COORDINATES TO DCD FILE water_simulation.dcd AT STEP 34500
WRITING COORDINATES TO RESTART FILE AT STEP 34500
FINISHED WRITING RESTART COORDINATES
WRITING VELOCITIES TO DCD FILE AT STEP 34500
WRITING VELOCITIES TO RESTART FILE AT STEP 34500
FINISHED WRITING RESTART VELOCITIES
PRESSURE: 34600 -1297.36 309.765 -1719.21 309.765 992.136 -359.421 -1719.21 -359.421 1425.14
GPRESSURE: 34600 -603.366 858.769 -453.183 1460.01 -369.682 -1430.41 -692.291 -477.742 126.579
PRESSAVG: 34600 520.942 687.561 211.858 687.561 -449.256 -136.415 211.858 -136.415 -196.484
GPRESSAVG: 34600 514.225 711.54 118.649 923.56 -506.007 -188.2 247.874 -21.1851 -147.792
ENERGY:   34600       212.0548       127.8730         0.0000         0.0000          -2947.5956       314.4891         0.0000         0.0000       613.8297          -1679.3490       294.6048     -2293.1787     -1673.3599       292.0834            373.3054      -282.1562      6547.0991       -41.5994       -46.5247

PRESSURE: 34700 -811.256 251.412 362.794 251.412 -3083.5 948.872 362.794 948.872 -2681.1
GPRESSURE: 34700 -1176.63 -167.931 -161.571 180.287 -1783.27 -1176.82 13.8663 -638.46 -2294.63
PRESSAVG: 34700 -266.129 834.121 648.003 834.121 -638.16 -328.45 648.003 -328.45 675.288
GPRESSAVG: 34700 -281.038 740.834 711.553 707.057 -626.104 -391.197 653.38 -377.047 705.168
ENERGY:   34700       220.5936       137.6046         0.0000         0.0000          -2886.8316       274.1007         0.0000         0.0000       588.5510          -1665.9817       282.4724     -2254.5327     -1661.3981       287.7086          -2191.9536     -1751.5103      6629.1430       -76.3336       -67.3247

PRESSURE: 34800 -420.167 -2763.34 1544.56 -2763.34 842.959 -440.269 1544.56 -440.269 592.234
GPRESSURE: 34800 710.159 435.158 -154.907 580.271 -141.536 -783.955 -1282.86 -92.721 -1.49406
PRESSAVG: 34800 -8.13671 14.7229 38.1562 14.7229 -620.755 -212.708 38.1562 -212.708 402.775
GPRESSAVG: 34800 25.2742 4.58117 -42.2996 47.4162 -583.609 -249.637 -37.1706 -301.65 315.828
ENERGY:   34800       222.1084       127.8142         0.0000         0.0000          -2926.8893       321.9703         0.0000         0.0000       578.7369          -1676.2595       277.7622     -2254.9964     -1671.1491       287.1782            338.3422       189.0430      6564.0018       -75.3724       -80.8356

PRESSURE: 34900 2398.24 -1518.65 -1680.34 -1518.65 -180.337 -3398.64 -1680.34 -3398.64 -3970.3
GPRESSURE: 34900 120.968 -233.353 -1010.02 -526.905 396.551 -1208.38 -703.85 -912.026 1721.7
PRESSAVG: 34900 -276.431 -91.7549 199.897 -91.7549 -662.412 -413.026 199.897 -413.026 146.004
GPRESSAVG: 34900 -310.568 0.127029 152.032 0.888617 -733.245 -343.68 307.984 -364.659 296.111
ENERGY:   34900       236.9987       116.6684         0.0000         0.0000          -2980.8206       337.4134         0.0000         0.0000       610.8533          -1678.8867       293.1763     -2289.7400     -1674.3359       285.8342           -584.1311       746.4061      6534.4502      -264.2797      -249.2338

PRESSURE: 35000 -5026.99 1898.24 -1740.16 1898.24 -1462.96 2510.29 -1740.16 2510.29 -336.307
GPRESSURE: 35000 -719.34 1999.1 18.6525 267.908 -589.216 213.236 1220.98 -1394.88 -466.265
PRESSAVG: 35000 -890.664 595.584 296.516 595.584 376.989 -969.636 296.516 -969.636 876.816
GPRESSAVG: 35000 -825.027 549.459 359.67 513.919 374.448 -957.878 201.691 -938.193 839.099
TIMING: 35000  CPU: 170.361, 0.004582/step  Wall: 170.361, 0.004582/step, 0.0828578 hours remaining, 6.375000 MB of memory in use.
ETITLE:      TS           BOND          ANGLE          DIHED          IMPRP               ELECT            VDW       BOUNDARY           MISC        KINETIC               TOTAL           TEMP      POTENTIAL         TOTAL3        TEMPAVG            PRESSURE      GPRESSURE         VOLUME       PRESSAVG      GPRESSAVG

ENERGY:   35000       222.6503       142.7789         0.0000         0.0000          -2969.2149       314.0371         0.0000         0.0000       615.6419          -1674.1067       295.4746     -2289.7486     -1668.1688       290.0220          -2275.4195      -591.6073      6657.5442       121.0472       129.5067

WRITING EXTENDED SYSTEM TO RESTART FILE AT STEP 35000
WRITING COORDINATES TO DCD FILE water_simulation.dcd AT STEP 35000
WRITING COORDINATES TO RESTART FILE AT STEP 35000
FINISHED WRITING RESTART COORDINATES
WRITING VELOCITIES TO DCD FILE AT STEP 35000
WRITING VELOCITIES TO RESTART FILE AT STEP 35000
FINISHED WRITING RESTART VELOCITIES
PRESSURE: 35100 -388.232 -2670.63 -115.578 -2670.63 -4308 -778.819 -115.578 -778.819 -418.325
GPRESSURE: 35100 -588.492 275.523 -430.568 44.5866 -693.789 -581.429 -814.537 -61.6119 2836.33
PRESSAVG: 35100 86.9412 64.2554 802.162 64.2554 -1008.38 -297.751 802.162 -297.751 491.478
GPRESSAVG: 35100 111.19 50.3335 840.145 51.1797 -933.772 -358.646 848.203 -334.417 399.809
ENERGY:   35100       234.8708       119.5331         0.0000         0.0000          -2985.4242       335.8275         0.0000         0.0000       630.8340          -1664.3589       302.7659     -2295.1928     -1658.6668       292.2275          -1704.8522       518.0171      6585.6525      -143.3196      -140.9243

PRESSURE: 35200 -3798.37 -1789.1 48.4141 -1789.1 -1231.39 -2628.01 48.4141 -2628.01 -9408.81
GPRESSURE: 35200 -1321.26 -829.71 -1075.36 -72.6269 -418.51 893.091 146.89 -876.884 -3433.75
PRESSAVG: 35200 -733.252 -712.507 -110.375 -712.507 184.619 -263.772 -110.375 -263.772 600.119
GPRESSAVG: 35200 -775.605 -686.654 -178.481 -624.79 99.1399 -327.017 -143.467 -180.942 777.676
ENERGY:   35200       249.2232       125.6152         0.0000         0.0000          -2899.7265       274.9446         0.0000         0.0000       598.3642          -1651.5793       287.1822     -2249.9435     -1648.0372       291.8481          -4812.8565     -1724.5052      6699.3173        17.1620        33.7370

PRESSURE: 35300 -3926.81 898.877 -569.986 898.877 -2198.65 -182.312 -569.986 -182.312 -3015.59
GPRESSURE: 35300 -428.43 -377.392 245.373 -452.863 171.487 696.266 826.519 249.076 -232.716
PRESSAVG: 35300 -179.711 383.827 78.5465 383.827 213.819 -493.402 78.5465 -493.402 431.395
GPRESSAVG: 35300 -160.947 363.535 88.074 382.999 258.852 -348.332 140.176 -538.584 395.233
ENERGY:   35300       239.0100       142.3006         0.0000         0.0000          -2980.6746       319.8942         0.0000         0.0000       617.9283          -1661.5414       296.5719     -2279.4698     -1656.5266       289.8282          -3047.0176      -163.2197      6539.0615       155.1676       164.3794

PRESSURE: 35400 -6665.74 940.649 -921.15 940.649 -2440.83 192.763 -921.15 192.763 -3906.24
GPRESSURE: 35400 -588.782 648.579 -834.552 224.948 1160.49 815.04 -245.501 -493.811 -568.506
PRESSAVG: 35400 -413.033 126.748 48.3207 126.748 152.882 -79.1542 48.3207 -79.1542 381.596
GPRESSAVG: 35400 -347.981 43.2629 161.151 153.112 139.68 -153.749 25.6706 -41.6491 357.174
ENERGY:   35400       238.6086       133.9338         0.0000         0.0000          -2950.7301       314.7561         0.0000         0.0000       603.1142          -1660.3174       289.4620     -2263.4316     -1654.9597       290.6555          -4337.6053         1.0673      6538.9754        40.4814        49.6244

PRESSURE: 35500 755.273 685.044 14.1814 685.044 -3216.19 2445.05 14.1814 2445.05 -5829.53
GPRESSURE: 35500 2172.46 89.455 496.214 796.729 555.688 927.692 915.446 695.812 -1266.68
PRESSAVG: 35500 233.498 524.188 345.848 524.188 166.919 578.563 345.848 578.563 -442.667
GPRESSAVG: 35500 185.675 601.13 332.5 382.941 189.975 559.168 339.951 565.135 -405.098
ENERGY:   35500       247.0685       103.8957         0.0000         0.0000          -2927.7405       317.5476         0.0000         0.0000       606.3648          -1652.8638       291.0221     -2259.2286     -1648.1286       288.3545          -2763.4829       487.1561      6498.3151       -14.0832        -9.8159

WRITING EXTENDED SYSTEM TO RESTART FILE AT STEP 35500
WRITING COORDINATES TO DCD FILE water_simulation.dcd AT STEP 35500
WRITING COORDINATES TO RESTART FILE AT STEP 35500
FINISHED WRITING RESTART COORDINATES
WRITING VELOCITIES TO DCD FILE AT STEP 35500
WRITING VELOCITIES TO RESTART FILE AT STEP 35500
FINISHED WRITING RESTART VELOCITIES
PRESSURE: 35600 -3133.49 1903.02 214.339 1903.02 -749.614 91.5185 214.339 91.5185 -795.875
GPRESSURE: 35600 2766.23 1239.73 -258.279 573.237 1128.11 915.874 -372.452 1552.16 2387.28
PRESSAVG: 35600 1669.64 1097.74 -487.428 1097.74 -1039.18 556.049 -487.428 556.049 -877.179
GPRESSAVG: 35600 1749.56 1117.81 -436.096 1044.22 -1040.63 521.74 -501.34 518.996 -939.02
ENERGY:   35600       242.4413       134.7909         0.0000         0.0000          -3027.6348       365.3295         0.0000         0.0000       628.4982          -1656.5749       301.6449     -2285.0731     -1650.4799       291.8238          -1559.6582      2093.8730      6485.2259       -82.2414       -76.6984

PRESSURE: 35700 -2831.06 -841.303 4268.3 -841.303 -5548.39 384.399 4268.3 384.399 -5647.22
GPRESSURE: 35700 -84.1346 669.063 992.009 1184.07 -2113.44 482.557 803.343 -863.323 90.9692
PRESSAVG: 35700 48.6916 658.134 -249.599 658.134 -417.787 -159.444 -249.599 -159.444 -55.4422
GPRESSAVG: 35700 19.1651 610.942 -352.57 779.611 -449.032 -93.6377 -220.905 -88.063 48.3923
ENERGY:   35700       237.6608       141.2585         0.0000         0.0000          -2971.1414       312.8420         0.0000         0.0000       617.1734          -1662.2067       296.2096     -2279.3801     -1656.5484       291.9626          -4675.5580      -702.2014      6668.3735      -141.5126      -127.1583

PRESSURE: 35800 -3536.76 3791.74 -1146.08 3791.74 -3426.32 -739.474 -1146.08 -739.474 -2996.8
GPRESSURE: 35800 1191.49 565.535 -1021.94 1172.57 -259.555 256.12 -987.782 167.448 -821.432
PRESSAVG: 35800 1021.9 -258.863 310.862 -258.863 -631.181 118.437 310.862 118.437 -919.121
GPRESSAVG: 35800 971.872 -228.068 295.198 -311.883 -583.14 72.7561 186.577 27.9727 -956.232
ENERGY:   35800       239.1158        99.6192         0.0000         0.0000          -2910.0933       314.8693         0.0000         0.0000       600.6040          -1655.8849       288.2572     -2256.4889     -1650.1227       297.6271          -3319.9606        36.8360      6679.0648      -176.1337      -189.1670

PRESSURE: 35900 -2343.02 1281.75 -570.579 1281.75 -5080.7 -499.328 -570.579 -499.328 -4212.62
GPRESSURE: 35900 -1465.36 399.486 713.567 -447.804 -2282.89 555.507 776.711 596.833 634.488
PRESSAVG: 35900 347.584 706.83 62.0511 706.83 -37.0541 250.352 62.0511 250.352 237.012
GPRESSAVG: 35900 449.258 710.412 104.089 758.648 -8.05821 243.787 110.793 313.434 162.168
ENERGY:   35900       227.0211       133.2853         0.0000         0.0000          -2922.7411       296.6587         0.0000         0.0000       603.3291          -1662.4469       289.5651     -2265.7759     -1656.1388       296.6428          -3878.7790     -1037.9218      6676.7256       182.5140       201.1224

PRESSURE: 36000 -875.134 -2651.4 650.178 -2651.4 1055.36 2343.53 650.178 2343.53 -5429.67
GPRESSURE: 36000 1620.09 -1426.14 -398.447 -941.593 2642.45 633.501 -1012.35 1212.64 104.797
PRESSAVG: 36000 -351.613 -93.5251 140.014 -93.5251 638.866 224.56 140.014 224.56 278.693
GPRESSAVG: 36000 -454.784 -42.8727 124.348 -243.662 633.69 259.134 120.575 257.153 355.212
TIMING: 36000  CPU: 175.468, 0.005107/step  Wall: 175.468, 0.005107/step, 0.090933 hours remaining, 6.375000 MB of memory in use.
ETITLE:      TS           BOND          ANGLE          DIHED          IMPRP               ELECT            VDW       BOUNDARY           MISC        KINETIC               TOTAL           TEMP      POTENTIAL         TOTAL3        TEMPAVG            PRESSURE      GPRESSURE         VOLUME       PRESSAVG      GPRESSAVG

ENERGY:   36000       242.7734       161.4864         0.0000         0.0000          -3039.9799       368.0821         0.0000         0.0000       608.4501          -1659.1880       292.0229     -2267.6380     -1653.6268       295.4552          -1749.8147      1455.7783      6627.6732       188.6489       178.0391

WRITING EXTENDED SYSTEM TO RESTART FILE AT STEP 36000
WRITING COORDINATES TO DCD FILE water_simulation.dcd AT STEP 36000
WRITING COORDINATES TO RESTART FILE AT STEP 36000
FINISHED WRITING RESTART COORDINATES
WRITING VELOCITIES TO DCD FILE AT STEP 36000
WRITING VELOCITIES TO RESTART FILE AT STEP 36000
FINISHED WRITING RESTART VELOCITIES
PRESSURE: 36100 -3884.13 -1363.19 -1305.27 -1363.19 -291.065 -1231.21 -1305.27 -1231.21 -591.411
GPRESSURE: 36100 606.894 -1389.59 -656.698 -1774.56 1512.97 -279.851 -1280.04 -948.837 -69.8251
PRESSAVG: 36100 -265.4 -929.179 367.597 -929.179 175.787 -229.948 367.597 -229.948 -641.391
GPRESSAVG: 36100 -225.133 -1040.23 392.172 -725.161 117.927 -286.466 413.126 -266.907 -588.255
ENERGY:   36100       235.6985       121.6323         0.0000         0.0000          -2972.0243       341.5116         0.0000         0.0000       612.5140          -1660.6678       293.9734     -2273.1818     -1655.2631       293.7681          -1588.8691       683.3471      6704.0130      -243.6679      -231.8204

LDB: ============= START OF LOAD BALANCING ============== 176.194
LDB: ============== END OF LOAD BALANCING =============== 176.194
LDB: =============== DONE WITH MIGRATION ================ 176.194
LDB: ============= START OF LOAD BALANCING ============== 176.419
LDB: ============== END OF LOAD BALANCING =============== 176.419
LDB: =============== DONE WITH MIGRATION ================ 176.419
PRESSURE: 36200 -4813.19 -1936.55 -1981.12 -1936.55 -1650.71 -1080.83 -1981.12 -1080.83 2334.35
GPRESSURE: 36200 -235.661 -807.876 -1336.29 -18.8696 -1117.1 -128.467 -89.5953 -311.346 1130.95
PRESSAVG: 36200 636.384 -516.108 402.464 -516.108 380.625 301.922 402.464 301.922 -49.5199
GPRESSAVG: 36200 690.127 -505.896 357.334 -544.875 438.766 381.279 379.776 338.214 -157.094
ENERGY:   36200       239.8991       130.7708         0.0000         0.0000          -2990.8108       333.7205         0.0000         0.0000       620.8630          -1665.5574       297.9804     -2286.4204     -1660.0922       295.9895          -1376.5174       -73.9390      6753.7782       322.4965       323.9329

PRESSURE: 36300 2159.49 -405.575 167.617 -405.575 -3961.09 2145.13 167.617 2145.13 -1711.51
GPRESSURE: 36300 1082.52 -740.196 791.602 -596.583 440.13 -482.233 383.367 1065.82 -1881.51
PRESSAVG: 36300 500.24 -1039.47 -330.979 -1039.47 833.507 -426.645 -330.979 -426.645 -1040.69
GPRESSAVG: 36300 464.37 -989.881 -280.694 -1061.08 857.231 -451.331 -253.893 -444.334 -1061.81
ENERGY:   36300       224.8429       137.8669         0.0000         0.0000          -2985.1223       327.9880         0.0000         0.0000       632.4102          -1662.0143       303.5225     -2294.4246     -1656.4646       291.6363          -1171.0359      -119.6201      6656.7014        97.6867        86.5970

PRESSURE: 36400 -1881.35 1044.79 2622.55 1044.79 427.821 1747.66 2622.55 1747.66 -1971.61
GPRESSURE: 36400 -1226.87 65.9206 1138.15 1440.73 301.408 -542.62 1087.73 -1540.9 -1619.41
PRESSAVG: 36400 -792.938 394.953 499.325 394.953 732.59 -424.261 499.325 -424.261 -5.25676
GPRESSAVG: 36400 -846.993 405.754 505.732 412.487 740.94 -495.058 451.084 -469.619 54.3112
ENERGY:   36400       207.3925       133.3049         0.0000         0.0000          -2904.5010       293.4705         0.0000         0.0000       608.3753          -1661.9578       291.9870     -2270.3331     -1655.4661       291.0009          -1141.7147      -848.2916      6653.0444       -21.8681       -17.2474

PRESSURE: 36500 654.105 1665.02 -976.161 1665.02 -2312.67 -1037.89 -976.161 -1037.89 81.5532
GPRESSURE: 36500 -326.518 55.9108 -463.781 344.058 -2184.6 204.656 88.4088 58.8953 -2376.11
PRESSAVG: 36500 553.752 620.694 197.675 620.694 586.504 -701.957 197.675 -701.957 -1625.62
GPRESSAVG: 36500 597.862 644.618 138.786 542.544 543.25 -537.748 210.136 -673.442 -1621.36
ENERGY:   36500       215.2130       118.7583         0.0000         0.0000          -2879.6644       288.9029         0.0000         0.0000       596.3226          -1660.4676       286.2024     -2256.7902     -1655.6384       288.5516           -525.6694     -1629.0757      6891.1607      -161.7891      -160.0811

WRITING EXTENDED SYSTEM TO RESTART FILE AT STEP 36500
WRITING COORDINATES TO DCD FILE water_simulation.dcd AT STEP 36500
WRITING COORDINATES TO RESTART FILE AT STEP 36500
FINISHED WRITING RESTART COORDINATES
WRITING VELOCITIES TO DCD FILE AT STEP 36500
WRITING VELOCITIES TO RESTART FILE AT STEP 36500
FINISHED WRITING RESTART VELOCITIES
PRESSURE: 36600 -458.83 1309.2 1234.22 1309.2 211.234 -2640.04 1234.22 -2640.04 2485.1
GPRESSURE: 36600 242.803 559.985 -1211.43 552.101 -2869.91 -801.692 -313.1 -207.9 -896.315
PRESSAVG: 36600 -529.052 -50.8063 285.089 -50.8063 -47.0467 598.39 285.089 598.39 709.111
GPRESSAVG: 36600 -567.791 -115.277 288.373 -52.6696 2.32378 452.709 253.154 489.143 636.699
ENERGY:   36600       206.4932       144.8560         0.0000         0.0000          -2932.9026       306.8149         0.0000         0.0000       605.4664          -1669.2721       290.5909     -2274.7385     -1664.1540       288.9936            745.8341     -1174.4747      6857.0095        44.3375        23.7441

PRESSURE: 36700 -93.8669 -2250.77 1165.38 -2250.77 2371.8 12.7303 1165.38 12.7303 3104.8
GPRESSURE: 36700 -475.7 -34.8309 1033.39 88.4696 1112.46 804.866 523.538 33.2862 2084.16
PRESSAVG: 36700 548.597 -408.143 812.385 -408.143 -1002.25 452.742 812.385 452.742 365.84
GPRESSAVG: 36700 518.84 -328.035 810.579 -296.182 -1063.42 539.104 759.954 549.179 445.535
ENERGY:   36700       205.3513       144.3753         0.0000         0.0000          -2973.7407       350.7066         0.0000         0.0000       596.3139          -1676.9935       286.1982     -2273.3075     -1671.5435       291.9318           1794.2437       906.9754      6701.9387       -29.2719       -33.0134

PRESSURE: 36800 1296.85 1915.39 -537.894 1915.39 -1752.48 1703.49 -537.894 1703.49 2300.08
GPRESSURE: 36800 642.219 964.756 -497.211 1963.66 -237.76 111.51 -1477.52 638.287 546.141
PRESSAVG: 36800 458.277 828.763 -756.704 828.763 -946.303 484.658 -756.704 484.658 165.743
GPRESSAVG: 36800 529.074 782.464 -686.306 781.782 -893.12 431.695 -795.688 423.237 65.9038
ENERGY:   36800       224.3983       130.7934         0.0000         0.0000          -3005.7786       346.1059         0.0000         0.0000       619.5500          -1684.9310       297.3502     -2304.4810     -1680.2255       288.4768            614.8158       316.8666      6678.9213      -107.4276       -99.3809

PRESSURE: 36900 116.511 2396.09 -1507.67 2396.09 1884.88 573.744 -1507.67 573.744 -397.624
GPRESSURE: 36900 -620.56 440.274 -1208.2 882.98 304.709 354.736 -1240.34 739.042 549.134
PRESSAVG: 36900 507.979 -85.332 39.6015 -85.332 32.8939 180.725 39.6015 180.725 -978.051
GPRESSAVG: 36900 484 -84.5357 -34.5133 -122.437 39.0489 162.67 132.614 200.707 -913.615
ENERGY:   36900       210.9081       129.3347         0.0000         0.0000          -2952.3195       326.6290         0.0000         0.0000       602.9814          -1682.4663       289.3982     -2285.4477     -1676.9865       286.9339            534.5883        77.7610      6669.8137      -145.7262      -130.1889

PRESSURE: 37000 480.377 -131.34 -942.146 -131.34 2741.86 982.572 -942.146 982.572 -1435.98
GPRESSURE: 37000 686.012 84.6145 -736.461 -4.68831 -1147.59 -487.722 386.855 -294.379 -2273.01
PRESSAVG: 37000 489.777 167.488 -414.102 167.488 45.4642 361.743 -414.102 361.743 -742.638
GPRESSAVG: 37000 552.317 161.927 -348.656 147.453 2.22631 424.521 -470.441 372.418 -737.914
TIMING: 37000  CPU: 180.195, 0.004727/step  Wall: 180.195, 0.004727/step, 0.0828538 hours remaining, 6.375000 MB of memory in use.
ETITLE:      TS           BOND          ANGLE          DIHED          IMPRP               ELECT            VDW       BOUNDARY           MISC        KINETIC               TOTAL           TEMP      POTENTIAL         TOTAL3        TEMPAVG            PRESSURE      GPRESSURE         VOLUME       PRESSAVG      GPRESSAVG

ENERGY:   37000       208.2316       143.0263         0.0000         0.0000          -2939.2826       300.4498         0.0000         0.0000       609.7749          -1677.8001       292.6587     -2287.5750     -1672.2187       288.8773            595.4192      -911.5304      6626.5128       -69.1324       -61.1239

WRITING EXTENDED SYSTEM TO RESTART FILE AT STEP 37000
WRITING COORDINATES TO DCD FILE water_simulation.dcd AT STEP 37000
WRITING COORDINATES TO RESTART FILE AT STEP 37000
FINISHED WRITING RESTART COORDINATES
WRITING VELOCITIES TO DCD FILE AT STEP 37000
WRITING VELOCITIES TO RESTART FILE AT STEP 37000
FINISHED WRITING RESTART VELOCITIES
PRESSURE: 37100 1768.08 394.434 -3577.99 394.434 2127.61 -1875.54 -3577.99 -1875.54 1452.22
GPRESSURE: 37100 626.066 2180.45 -812.226 2024.71 -1568.06 -623.956 -1294.49 159.651 -223.433
PRESSAVG: 37100 442.498 312.417 -836.676 312.417 42.7575 305.277 -836.676 305.277 -169.84
GPRESSAVG: 37100 376.575 326.749 -807.619 330.605 90.0402 175.352 -764.84 329.638 -144.519
ENERGY:   37100       210.2259       129.0817         0.0000         0.0000          -2922.0319       303.9691         0.0000         0.0000       606.9586          -1671.7967       291.3070     -2278.7553     -1666.3145       293.7223           1782.6386      -388.4749      6579.6156       105.1386       107.3655

PRESSURE: 37200 4391.36 1140.78 1163.9 1140.78 4235.97 -192.389 1163.9 -192.389 2840.56
GPRESSURE: 37200 2053.78 358.003 379.05 1389.32 1133.33 493.421 -419.573 586.154 1451.48
PRESSAVG: 37200 712.045 302.57 128.59 302.57 -126.65 -77.1635 128.59 -77.1635 -944.393
GPRESSAVG: 37200 721.537 267.715 58.823 306.182 -132.76 -0.180128 86.886 -142.407 -1021.32
ENERGY:   37200       210.7430       139.7615         0.0000         0.0000          -2946.0501       349.9977         0.0000         0.0000       584.0400          -1661.5080       280.3074     -2245.5480     -1656.4126       285.9476           3822.6288      1546.1991      6626.0563      -119.6660      -144.1811

PRESSURE: 37300 1342.38 -2648.65 -1511.3 -2648.65 4561.23 2454.33 -1511.3 2454.33 963.16
GPRESSURE: 37300 1018.13 -538.588 929.117 -1132.83 -110.244 1178.26 880.943 1305.48 -1230.98
PRESSAVG: 37300 38.1634 -480.357 22.6192 -480.357 582.447 87.1174 22.6192 87.1174 -271.033
GPRESSAVG: 37300 26.3952 -374.583 21.2261 -392.776 476.383 56.3098 105.284 140.327 -216.722
ENERGY:   37300       204.9349       137.1176         0.0000         0.0000          -2952.4702       319.5712         0.0000         0.0000       632.4824          -1658.3641       303.5571     -2290.8465     -1653.2847       296.5555           2288.9206      -107.6956      6655.4130       116.5260        95.3520

PRESSURE: 37400 1311.21 -736.602 1148.33 -736.602 1738.77 -859.453 1148.33 -859.453 2314.15
GPRESSURE: 37400 -399.179 -923.578 658.974 -1185.96 -910.228 -1077.3 852.932 255.918 411.187
PRESSAVG: 37400 -184.828 -821.352 537.045 -821.352 379.273 434.803 537.045 434.803 258.002
GPRESSAVG: 37400 -182.728 -963.609 534.621 -860.413 471.923 436.883 427.914 378.856 169.684
ENERGY:   37400       206.0118       122.6580         0.0000         0.0000          -2922.8614       318.5994         0.0000         0.0000       623.8615          -1651.7306       299.4196     -2275.5922     -1646.9202       303.4655           1788.0415      -299.4067      6759.9167       150.8158       152.9600

PRESSURE: 37500 2584.19 2384.39 1029.24 2384.39 6194.81 -522.89 1029.24 -522.89 -1594.06
GPRESSURE: 37500 1263.01 -293.702 1946.37 266.441 2963.57 2063.33 969.371 782.949 -1714.66
PRESSAVG: 37500 -237.471 294.314 574.749 294.314 530.03 147.89 574.749 147.89 -261.264
GPRESSAVG: 37500 -266.131 299.426 541.21 311.69 442.494 248.844 663.461 237.48 -163.026
ENERGY:   37500       197.4801       142.2233         0.0000         0.0000          -2922.9718       330.5461         0.0000         0.0000       606.2872          -1646.4352       290.9848     -2252.7223     -1640.6827       294.7038           2394.9802       837.3061      6662.4487        10.4317         4.4460

WRITING EXTENDED SYSTEM TO RESTART FILE AT STEP 37500
WRITING COORDINATES TO DCD FILE water_simulation.dcd AT STEP 37500
WRITING COORDINATES TO RESTART FILE AT STEP 37500
FINISHED WRITING RESTART COORDINATES
WRITING VELOCITIES TO DCD FILE AT STEP 37500
WRITING VELOCITIES TO RESTART FILE AT STEP 37500
FINISHED WRITING RESTART VELOCITIES
PRESSURE: 37600 5270.92 1865.57 1318.58 1865.57 -690.964 -1840.35 1318.58 -1840.35 232.761
GPRESSURE: 37600 -80.1463 448.031 -316.226 548.491 -597.315 -869.991 324.415 -617.253 17.3285
PRESSAVG: 37600 585.652 92.1993 120.606 92.1993 -506.277 307.152 120.606 307.152 70.4455
GPRESSAVG: 37600 574.416 53.8152 148.734 59.0358 -383.184 240.685 12.0819 278.107 -23.1692
ENERGY:   37600       215.8697       130.5669         0.0000         0.0000          -2926.2266       307.2518         0.0000         0.0000       616.5259          -1656.0122       295.8989     -2272.5381     -1650.7295       295.1634           1604.2380      -220.0442      6650.0273        49.9404        56.0210

PRESSURE: 37700 1489.48 -2433.3 -2179.04 -2433.3 2608.26 -256.048 -2179.04 -256.048 3034.96
GPRESSURE: 37700 132.786 1373.27 -1024.42 373.745 -738.105 318.881 -963.344 483.585 -47.2822
PRESSAVG: 37700 -407.174 -81.3395 -601.667 -81.3395 558.186 -13.3198 -601.667 -13.3198 195.305
GPRESSAVG: 37700 -449.261 34.3121 -610.599 -133.34 488.915 -2.43373 -550.066 20.0666 308.112
ENERGY:   37700       210.3533       144.8786         0.0000         0.0000          -2927.0516       316.3087         0.0000         0.0000       608.9336          -1646.5774       292.2550     -2255.5110     -1641.5588       297.1085           2377.5659      -217.5339      6692.9453       115.4389       115.9220

PRESSURE: 37800 2372.96 -258.932 -2408.58 -258.932 3090.42 1415.96 -2408.58 1415.96 3926.03
GPRESSURE: 37800 83.0867 -97.4567 -1403.32 -616.387 150.998 -778.853 -287.035 -705.11 1160.65
PRESSAVG: 37800 69.6144 -497.523 -996.774 -497.523 -459.836 -17.7864 -996.774 -17.7864 753.845
GPRESSAVG: 37800 58.931 -542.235 -1039.85 -387.163 -428.523 -38.1767 -932.269 -18.1532 680.367
ENERGY:   37800       194.9911       128.2989         0.0000         0.0000          -2927.7677       327.7686         0.0000         0.0000       624.2175          -1652.4917       299.5904     -2276.7091     -1647.1616       297.0053           3129.8031       464.9116      6644.4860       121.2077       103.5916

PRESSURE: 37900 4309.45 1789.6 951.486 1789.6 3727.21 571.209 951.486 571.209 4411.9
GPRESSURE: 37900 1254.33 312.438 1015.27 253.475 -834.909 121.629 628.65 1009.56 1269.42
PRESSAVG: 37900 529.994 -237.548 572.467 -237.548 -566.695 402.165 572.467 402.165 447.618
GPRESSAVG: 37900 571.802 -263.763 644.446 -405.455 -598.41 443.222 442.487 263.617 434.498
ENERGY:   37900       188.0518       120.9368         0.0000         0.0000          -2881.6023       317.6506         0.0000         0.0000       604.6777          -1650.2854       290.2124     -2254.9631     -1644.0727       295.0847           4149.5212       562.9499      6659.2004       136.9724       135.9636

PRESSURE: 38000 2845.95 -1065.83 1447.21 -1065.83 761.136 -2768.33 1447.21 -2768.33 1092.38
GPRESSURE: 38000 -2288.76 524.264 326.311 53.6523 -1113.68 -1155.49 -762.234 -1084.53 -1388.01
PRESSAVG: 38000 550.727 -386.921 -431.238 -386.921 83.5689 194.957 -431.238 194.957 -268.834
GPRESSAVG: 38000 556.126 -285.27 -450.385 -321.559 109.411 186.12 -349.976 317.582 -275.188
TIMING: 38000  CPU: 184.793, 0.004598/step  Wall: 184.793, 0.004598/step, 0.0793155 hours remaining, 6.375000 MB of memory in use.
ETITLE:      TS           BOND          ANGLE          DIHED          IMPRP               ELECT            VDW       BOUNDARY           MISC        KINETIC               TOTAL           TEMP      POTENTIAL         TOTAL3        TEMPAVG            PRESSURE      GPRESSURE         VOLUME       PRESSAVG      GPRESSAVG

ENERGY:   38000       198.6237       142.9767         0.0000         0.0000          -2876.8038       279.4271         0.0000         0.0000       617.1885          -1638.5878       296.2169     -2255.7763     -1632.8732       293.6257           1566.4900     -1596.8172      6741.7266       121.8204       130.1166

WRITING EXTENDED SYSTEM TO RESTART FILE AT STEP 38000
WRITING COORDINATES TO DCD FILE water_simulation.dcd AT STEP 38000
WRITING COORDINATES TO RESTART FILE AT STEP 38000
FINISHED WRITING RESTART COORDINATES
WRITING VELOCITIES TO DCD FILE AT STEP 38000
WRITING VELOCITIES TO RESTART FILE AT STEP 38000
FINISHED WRITING RESTART VELOCITIES
PRESSURE: 38100 3006.84 745.356 769.611 745.356 2033.78 1476.9 769.611 1476.9 2731.36
GPRESSURE: 38100 -356.483 1250.14 453.468 757.369 -2433.47 1083.63 541.013 1440.68 -1029.47
PRESSAVG: 38100 95.8866 -35.4918 -211.9 -35.4918 -390.885 324.748 -211.9 324.748 135.714
GPRESSAVG: 38100 45.7847 -12.5829 -286.411 -17.2331 -414.791 253.663 -188.142 295.428 164.576
ENERGY:   38100       186.5206       134.8772         0.0000         0.0000          -2857.8570       282.7892         0.0000         0.0000       613.5428          -1640.1271       294.4671     -2253.6699     -1633.8157       293.3783           2590.6627     -1273.1418      6776.9342       -53.0947       -68.1431

LDB: ============= START OF LOAD BALANCING ============== 185.459
LDB: ============== END OF LOAD BALANCING =============== 185.459
LDB: =============== DONE WITH MIGRATION ================ 185.459
LDB: ============= START OF LOAD BALANCING ============== 185.687
LDB: ============== END OF LOAD BALANCING =============== 185.687
LDB: =============== DONE WITH MIGRATION ================ 185.687
PRESSURE: 38200 1948.98 2112.01 1570.79 2112.01 6445.12 761.527 1570.79 761.527 4088.59
GPRESSURE: 38200 1122.92 181.459 783.1 1166.97 -109.941 427.97 1474.72 -672.558 988.393
PRESSAVG: 38200 -294.295 -38.5569 251.338 -38.5569 18.2621 -430.308 251.338 -430.308 242.679
GPRESSAVG: 38200 -233.626 -202.479 382.97 -4.24948 -6.01908 -366.944 172.714 -490.601 231.934
ENERGY:   38200       202.9347       122.4528         0.0000         0.0000          -2937.4179       331.3200         0.0000         0.0000       641.9931          -1638.7173       308.1217     -2280.7104     -1633.1875       296.3466           4160.8974       667.1229      6644.5237       -11.1178        -2.5704

PRESSURE: 38300 2588.49 -1537.99 616.729 -1537.99 434.882 107.267 616.729 107.267 5822.71
GPRESSURE: 38300 474.424 -921.724 128.964 -1360.75 -5.77002 -236.683 351.834 347.262 -452.327
PRESSAVG: 38300 214.513 -191.519 248.55 -191.519 -590.549 497.219 248.55 497.219 -15.9071
GPRESSAVG: 38300 233.878 -135.493 183.727 -236.596 -607.629 491.352 270.093 501.559 -30.1192
ENERGY:   38300       208.9049       141.0221         0.0000         0.0000          -2932.4482       324.6224         0.0000         0.0000       616.6983          -1641.2005       295.9816     -2257.8988     -1636.7764       298.4718           2948.6957         5.4424      6745.8431      -130.6475      -134.6232

PRESSURE: 38400 5538.25 -886.966 556.429 -886.966 -1425.21 -381.607 556.429 -381.607 6648.23
GPRESSURE: 38400 1019.74 -415.751 -336.471 -109.554 -1449.96 -345.485 63.4157 -309.79 93.0245
PRESSAVG: 38400 301.298 823.97 232.556 823.97 -589.897 -180.9 232.556 -180.9 113.454
GPRESSAVG: 38400 268.175 866.18 255.716 889.831 -505.051 -175.054 314.422 -224.356 40.4251
ENERGY:   38400       189.3563       141.7814         0.0000         0.0000          -2901.8200       315.3004         0.0000         0.0000       616.1097          -1639.2722       295.6991     -2255.3819     -1632.8059       295.6927           3587.0885      -112.3967      6753.1692       -58.3818       -65.4836

PRESSURE: 38500 2093.48 -960.392 -632.975 -960.392 3188.99 1636.36 -632.975 1636.36 4309.31
GPRESSURE: 38500 -610.111 935.992 -238.76 -245.742 -77.7023 1958.5 -1787.17 1720.65 65.2977
PRESSAVG: 38500 -167.987 -96.5053 -379.758 -96.5053 353.858 76.7815 -379.758 76.7815 -751.387
GPRESSAVG: 38500 -207.325 9.1205 -456.403 -136.066 314.013 57.9327 -420.532 240.819 -646.333
ENERGY:   38500       206.9174       145.6005         0.0000         0.0000          -2930.3633       314.7008         0.0000         0.0000       633.7995          -1629.3451       304.1892     -2263.1446     -1623.8271       298.7256           3197.2597      -207.5050      6701.3867      -188.5052      -179.8819

WRITING EXTENDED SYSTEM TO RESTART FILE AT STEP 38500
WRITING COORDINATES TO DCD FILE water_simulation.dcd AT STEP 38500
WRITING COORDINATES TO RESTART FILE AT STEP 38500
FINISHED WRITING RESTART COORDINATES
WRITING VELOCITIES TO DCD FILE AT STEP 38500
WRITING VELOCITIES TO RESTART FILE AT STEP 38500
FINISHED WRITING RESTART VELOCITIES
PRESSURE: 38600 954.678 3562.47 -1169.16 3562.47 3430.54 1692.71 -1169.16 1692.71 1952.77
GPRESSURE: 38600 -749.671 188.112 -139.492 -275.107 -241.886 -326.273 -464.649 -143.091 -47.3931
PRESSAVG: 38600 -204.79 619.852 799.185 619.852 -400.678 607.623 799.185 607.623 487.705
GPRESSAVG: 38600 -151.43 413.471 954.648 594.126 -441.619 635.292 812.577 504.554 459.218
ENERGY:   38600       209.1407       143.5869         0.0000         0.0000          -2901.4661       303.5312         0.0000         0.0000       612.3167          -1632.8906       293.8786     -2245.2073     -1626.9762       294.0624           2112.6622      -346.3165      6649.4081       -39.2543       -44.6105

PRESSURE: 38700 5114.19 -1499.79 1297.21 -1499.79 81.374 1441.27 1297.21 1441.27 4850.95
GPRESSURE: 38700 704.017 -1123.47 -54.8756 159.897 1532.73 295.056 -197.823 678.392 -806.065
PRESSAVG: 38700 149.581 773.303 265.681 773.303 484.625 1297.11 265.681 1297.11 -1054.16
GPRESSAVG: 38700 142.431 772.744 158.948 798.029 493.375 1253.01 183.647 1235.45 -1078.41
ENERGY:   38700       202.5194       120.4104         0.0000         0.0000          -2912.0140       311.0503         0.0000         0.0000       647.5178          -1630.5161       310.7733     -2278.0339     -1625.4774       298.5869           3348.8401       476.8954      6505.9613      -139.9843      -147.5343

PRESSURE: 38800 4343.85 -2271.68 1267.95 -2271.68 2252.33 -842.228 1267.95 -842.228 3633.02
GPRESSURE: 38800 263.585 -203.28 -141.043 -101.188 1400.61 422.414 1057.32 -175.259 1229.96
PRESSAVG: 38800 -34.9042 -918.387 -253.51 -918.387 -286.185 553.798 -253.51 553.798 -189.069
GPRESSAVG: 38800 -92.2263 -815.639 -259.908 -856.348 -212.036 586.833 -326.214 548.964 -166.524
ENERGY:   38800       215.8283       140.2646         0.0000         0.0000          -2931.3483       334.3398         0.0000         0.0000       599.1944          -1641.7212       287.5807     -2240.9156     -1636.6234       297.6032           3409.7339       964.7188      6597.5197      -170.0527      -156.9286

PRESSURE: 38900 3198.89 -1710.31 645.616 -1710.31 2524.22 27.5409 645.616 27.5409 327.845
GPRESSURE: 38900 772.794 -1150.64 1091.28 -660.582 -169.191 1373.09 -1329.08 1196.54 168.985
PRESSAVG: 38900 -750.229 -306.982 480.123 -306.982 503.743 352.914 480.123 352.914 571.085
GPRESSAVG: 38900 -680.371 -297.817 497.293 -326.198 450.833 369.803 568.926 416.753 551.236
ENERGY:   38900       215.7895       142.7173         0.0000         0.0000          -2987.8094       332.8746         0.0000         0.0000       642.2030          -1654.2250       308.2225     -2296.4280     -1649.2169       297.0299           2016.9863       257.5295      6639.5457       108.2000       107.2328

PRESSURE: 39000 3858.94 -834.607 -896.595 -834.607 2221.54 -614.932 -896.595 -614.932 -741.544
GPRESSURE: 39000 946.117 -1115.71 -335.543 -596.616 -1583.84 -679.455 363.5 -570.949 -711.641
PRESSAVG: 39000 119.956 215.512 9.43229 215.512 -264.13 491.919 9.43229 491.919 -140.288
GPRESSAVG: 39000 -1.85508 188.58 -33.0619 169.28 -241.762 488.843 47.708 498.507 -42.6864
TIMING: 39000  CPU: 189.203, 0.00441/step  Wall: 189.202, 0.004409/step, 0.0748305 hours remaining, 6.375000 MB of memory in use.
ETITLE:      TS           BOND          ANGLE          DIHED          IMPRP               ELECT            VDW       BOUNDARY           MISC        KINETIC               TOTAL           TEMP      POTENTIAL         TOTAL3        TEMPAVG            PRESSURE      GPRESSURE         VOLUME       PRESSAVG      GPRESSAVG

ENERGY:   39000       203.8213       134.6340         0.0000         0.0000          -2956.0919       315.7677         0.0000         0.0000       648.3192          -1653.5497       311.1579     -2301.8689     -1647.5012       300.6544           1779.6441      -449.7865      6706.7057       -94.8205       -95.4344

WRITING EXTENDED SYSTEM TO RESTART FILE AT STEP 39000
WRITING COORDINATES TO DCD FILE water_simulation.dcd AT STEP 39000
WRITING COORDINATES TO RESTART FILE AT STEP 39000
FINISHED WRITING RESTART COORDINATES
WRITING VELOCITIES TO DCD FILE AT STEP 39000
WRITING VELOCITIES TO RESTART FILE AT STEP 39000
FINISHED WRITING RESTART VELOCITIES
PRESSURE: 39100 -139.642 -1801.2 2052.61 -1801.2 2589.73 691.548 2052.61 691.548 -3293.46
GPRESSURE: 39100 -2055.86 -1384.5 749.432 -1093.31 -93.972 -293.987 1106.98 616.237 -2953.66
PRESSAVG: 39100 -18.6481 296.889 228.666 296.889 -20.7137 -170.212 228.666 -170.212 343.813
GPRESSAVG: 39100 120.214 221.556 235.866 358.6 -75.2092 -197.32 193.942 -136.301 285.17
ENERGY:   39100       208.5549       133.7236         0.0000         0.0000          -2880.8101       277.2690         0.0000         0.0000       600.8220          -1660.4405       288.3618     -2261.2626     -1654.5610       294.5447           -281.1216     -1701.1614      6685.1170       101.4836       110.0582

PRESSURE: 39200 692.332 325.366 -1122.65 325.366 2207.99 134.216 -1122.65 134.216 -738.374
GPRESSURE: 39200 -229.567 -620.982 624.115 -835.785 2137.63 390.63 80.4446 295.651 -1389.75
PRESSAVG: 39200 208.376 -435.565 344.963 -435.565 143.529 72.3002 344.963 72.3002 -1046.45
GPRESSAVG: 39200 174.096 -415.666 347.102 -417.425 234.061 125.715 315.399 107.356 -1104.81
ENERGY:   39200       220.5590       141.4955         0.0000         0.0000          -2973.3044       324.9020         0.0000         0.0000       616.3022          -1670.0457       295.7915     -2286.3479     -1664.4513       290.2907            720.6493       172.7689      6545.3406      -231.5159      -232.2186

PRESSURE: 39300 106.813 -1391.19 266.146 -1391.19 3915.16 -174.708 266.146 -174.708 -777.535
GPRESSURE: 39300 662.186 -1440.15 69.6574 -1116.56 1879.19 -19.574 -90.9784 265.508 -736.355
PRESSAVG: 39300 -401.923 -1240.55 -442.466 -1240.55 296.005 -643.659 -442.466 -643.659 389.731
GPRESSAVG: 39300 -396.74 -1250.92 -440.381 -1249.23 267.671 -648.004 -375.306 -749.339 470.56
ENERGY:   39300       217.1726       154.8482         0.0000         0.0000          -2971.4472       333.1735         0.0000         0.0000       592.3091          -1673.9438       284.2761     -2266.2529     -1667.9651       291.2617           1081.4812       601.6743      6527.8341        94.6043       113.8304

PRESSURE: 39400 1656.9 343.084 814.15 343.084 565.006 2003.2 814.15 2003.2 -2618.58
GPRESSURE: 39400 501.419 774.789 -101.81 632.634 -114.546 276.396 -379.939 -37.4341 -2212.83
PRESSAVG: 39400 -18.1703 328.008 -142.076 328.008 -99.3945 352.149 -142.076 352.149 -447.643
GPRESSAVG: 39400 -53.8432 483.9 -55.4988 368.377 -128.603 305.327 -146.324 323.544 -438.675
ENERGY:   39400       236.1631       121.1859         0.0000         0.0000          -2925.3603       306.7652         0.0000         0.0000       596.6674          -1664.5786       286.3678     -2261.2460     -1660.6125       292.0640           -132.2267      -608.6513      6656.4043      -188.4026      -207.0404

PRESSURE: 39500 3878.44 -156.175 -403.665 -156.175 -2388.93 361.473 -403.665 361.473 3643.39
GPRESSURE: 39500 1170.5 -316.368 -1420.45 -1252.12 445.087 154.979 -591.74 316.928 -234.566
PRESSAVG: 39500 429.648 468.274 -333.781 468.274 28.4202 182.009 -333.781 182.009 -775.282
GPRESSAVG: 39500 425.15 278.248 -444.929 384.403 93.5181 183.916 -331.376 158.288 -792.735
ENERGY:   39500       218.4451       133.9126         0.0000         0.0000          -2950.6097       330.3268         0.0000         0.0000       608.5820          -1659.3432       292.0862     -2267.9252     -1654.0908       294.1822           1710.9654       460.3411      6643.0981      -105.7379       -91.3559

WRITING EXTENDED SYSTEM TO RESTART FILE AT STEP 39500
WRITING COORDINATES TO DCD FILE water_simulation.dcd AT STEP 39500
WRITING COORDINATES TO RESTART FILE AT STEP 39500
FINISHED WRITING RESTART COORDINATES
WRITING VELOCITIES TO DCD FILE AT STEP 39500
WRITING VELOCITIES TO RESTART FILE AT STEP 39500
FINISHED WRITING RESTART VELOCITIES
PRESSURE: 39600 4480 670.015 -860.229 670.015 1816.22 -234.184 -860.229 -234.184 2084.45
GPRESSURE: 39600 1534.69 746.313 209.865 339.247 -374.464 183.51 625.201 558.796 2935.73
PRESSAVG: 39600 396.217 432.672 465.327 432.672 -540.132 -8.83217 465.327 -8.83217 267.959
GPRESSAVG: 39600 378.044 490.873 587.065 408.398 -591.681 -28.4231 439.837 23.5558 313.854
ENERGY:   39600       212.4407       146.4174         0.0000         0.0000          -2996.0376       353.8805         0.0000         0.0000       622.2590          -1661.0400       298.6504     -2283.2990     -1654.8524       297.3550           2793.5576      1365.3213      6563.7104        41.3481        33.4059

PRESSURE: 39700 -14.1334 -675.885 -1041.46 -675.885 -612.011 668.464 -1041.46 668.464 5985.62
GPRESSURE: 39700 -1015.33 -32.272 -1194.91 1038.31 -666.603 -303.001 -1433.3 -471.369 772.775
PRESSAVG: 39700 -80.6638 -15.3321 88.7075 -15.3321 -221.614 78.7137 88.7075 78.7137 26.4335
GPRESSAVG: 39700 -50.8774 -17.2296 96.4023 38.7182 -279.498 86.8385 -5.9241 158.362 45.2396
ENERGY:   39700       222.4305       118.5402         0.0000         0.0000          -2897.0140       304.7893         0.0000         0.0000       592.0500          -1659.2041       284.1517     -2251.2541     -1654.0730       293.6490           1786.4934      -303.0540      6621.0013       -91.9480       -95.0453

PRESSURE: 39800 -1655.1 -765.323 -988.737 -765.323 -1802.07 -745.925 -988.737 -745.925 3235.68
GPRESSURE: 39800 -3073.76 1018.27 195.201 390.567 -2789.94 827.576 870.714 1162.6 -1368.74
PRESSAVG: 39800 -270.587 91.3929 -186.303 91.3929 554.511 60.2389 -186.303 60.2389 -457.174
GPRESSAVG: 39800 -246.116 166.215 -299.862 160.137 589.379 32.1666 -72.2581 84.545 -535.878
ENERGY:   39800       215.3302       156.0573         0.0000         0.0000          -2902.5357       259.0559         0.0000         0.0000       631.0788          -1641.0135       302.8834     -2272.0923     -1636.1841       295.5479            -73.8320     -2410.8152      6608.3924       -57.7498       -64.2051

PRESSURE: 39900 -404.876 -397.693 -1606.97 -397.693 2020.56 1894.79 -1606.97 1894.79 -1612.56
GPRESSURE: 39900 -2787.14 -1625.14 -299.549 -1956.07 -511.563 163.054 -354.73 450.759 -1474.97
PRESSAVG: 39900 -348.406 -708.327 552.078 -708.327 105.83 -122.694 552.078 -122.694 748.961
GPRESSAVG: 39900 -420.495 -736.49 569.956 -737.955 198.099 -138.103 563.506 -295.258 700.2
ENERGY:   39900       225.9958       149.3324         0.0000         0.0000          -2931.6087       281.5331         0.0000         0.0000       624.2203          -1650.5270       299.5918     -2274.7473     -1645.4838       301.2284              1.0416     -1591.2247      6555.7242       168.7953       159.2679

PRESSURE: 40000 -879.484 -1506.43 458.782 -1506.43 7857.87 -805.929 458.782 -805.929 -377.605
GPRESSURE: 40000 911.104 -1175.9 -49.7116 -1041.3 436.755 -1191.94 -351.025 -1193.27 -2154.03
PRESSAVG: 40000 977.346 -373.66 -640.35 -373.66 577.666 364.727 -640.35 364.727 -1936.81
GPRESSAVG: 40000 985.408 -375.714 -643.168 -419.212 418.445 436.981 -699.528 423.053 -1870.83
TIMING: 40000  CPU: 194.925, 0.005722/step  Wall: 194.925, 0.005723/step, 0.0955423 hours remaining, 6.375000 MB of memory in use.
ETITLE:      TS           BOND          ANGLE          DIHED          IMPRP               ELECT            VDW       BOUNDARY           MISC        KINETIC               TOTAL           TEMP      POTENTIAL         TOTAL3        TEMPAVG            PRESSURE      GPRESSURE         VOLUME       PRESSAVG      GPRESSAVG

ENERGY:   40000       225.6257       122.3383         0.0000         0.0000          -2914.0677       297.6301         0.0000         0.0000       632.9572          -1635.5164       303.7850     -2268.4736     -1631.0150       302.9699           2200.2611      -268.7223      6526.7237      -127.2649      -155.6600

WRITING EXTENDED SYSTEM TO RESTART FILE AT STEP 40000
WRITING COORDINATES TO DCD FILE water_simulation.dcd AT STEP 40000
WRITING COORDINATES TO RESTART FILE AT STEP 40000
FINISHED WRITING RESTART COORDINATES
WRITING VELOCITIES TO DCD FILE AT STEP 40000
WRITING VELOCITIES TO RESTART FILE AT STEP 40000
FINISHED WRITING RESTART VELOCITIES
PRESSURE: 40100 1840.84 -344.962 -2353.5 -344.962 -294.402 338.881 -2353.5 338.881 3053.81
GPRESSURE: 40100 77.5307 -44.4165 -882.225 -480.04 1194.5 -926.346 -633.091 511.065 -844.946
PRESSAVG: 40100 1182.49 -498.875 -146.318 -498.875 51.3512 -705.469 -146.318 -705.469 -726.229
GPRESSAVG: 40100 1225.2 -341.208 -83.2927 -495.041 86.3567 -729.37 -130.435 -627.682 -827.897
ENERGY:   40100       219.2264       139.5149         0.0000         0.0000          -2935.8346       309.4389         0.0000         0.0000       635.6009          -1632.0535       305.0538     -2267.6544     -1626.2574       303.0988           1533.4160       142.3598      6531.7256       169.2033       161.2207

LDB: ============= START OF LOAD BALANCING ============== 195.596
LDB: ============== END OF LOAD BALANCING =============== 195.596
LDB: =============== DONE WITH MIGRATION ================ 195.596
LDB: ============= START OF LOAD BALANCING ============== 195.82
LDB: ============== END OF LOAD BALANCING =============== 195.82
LDB: =============== DONE WITH MIGRATION ================ 195.82
PRESSURE: 40200 5097.43 1592.63 1226.53 1592.63 63.5559 -3361.51 1226.53 -3361.51 4029.62
GPRESSURE: 40200 1155.25 -562.936 595.386 907.153 2667.99 36.3217 1318.94 -97.6171 1150.97
PRESSAVG: 40200 781.929 -924.445 -2.79967 -924.445 336.815 -947.59 -2.79967 -947.59 -907.168
GPRESSAVG: 40200 713.308 -1092.1 -104.813 -987.64 348.849 -952.356 70.2136 -1059.51 -897.098
ENERGY:   40200       230.9567       143.1604         0.0000         0.0000          -2956.8523       342.9968         0.0000         0.0000       601.5217          -1638.2167       288.6977     -2239.7385     -1633.4307       298.4602           3063.5358      1658.0688      6487.1098        70.5252        55.0198

PRESSURE: 40300 5934.25 -2376.74 -417.71 -2376.74 2400.81 -811.513 -417.71 -811.513 4323.9
GPRESSURE: 40300 2112.98 530.229 910.069 -317.742 1856.33 -550.066 -538.317 239.345 1891.05
PRESSAVG: 40300 44.9815 -483.033 599.322 -483.033 407.11 -1044.63 599.322 -1044.63 -702.447
GPRESSAVG: 40300 -3.75995 -417.159 634.722 -457.487 456.693 -1050.67 596.873 -919.371 -667.46
ENERGY:   40300       210.8275       134.4542         0.0000         0.0000          -2985.1004       349.4382         0.0000         0.0000       653.8565          -1636.5241       313.8155     -2290.3806     -1630.7660       299.8806           4219.6531      1953.4538      6459.4282       -83.4519       -71.5087

PRESSURE: 40400 40.3134 -2696.14 188.624 -2696.14 4083.19 547.196 188.624 547.196 42.2494
GPRESSURE: 40400 1243.49 -1595.91 116.167 -1242.39 -824.032 62.4372 1289.57 303.026 482.444
PRESSAVG: 40400 918.968 -366.491 316.251 -366.491 -373.071 69.6726 316.251 69.6726 -163.84
GPRESSAVG: 40400 976.058 -352.078 411.606 -369.697 -442.291 82.4686 215.087 -40.755 -139.904
ENERGY:   40400       225.9711       139.8887         0.0000         0.0000          -2949.0725       313.4593         0.0000         0.0000       633.8879          -1635.8654       304.2317     -2269.7534     -1630.5282       300.7956           1388.5841       300.6355      6460.0890       127.3524       131.2875

PRESSURE: 40500 2677.1 -159.917 3204.89 -159.917 1705.42 -3180.55 3204.89 -3180.55 1103.81
GPRESSURE: 40500 -912.45 -1462.32 585.888 -611.075 2771.21 -952.5 -204.074 -510.751 365.012
PRESSAVG: 40500 188.869 -1199.98 -313.422 -1199.98 60.2226 -206.975 -313.422 -206.975 -223.41
GPRESSAVG: 40500 281.3 -1174.4 -405.511 -1083.85 -8.30264 -191.06 -224.955 -165.279 -248.479
ENERGY:   40500       215.5688       150.5302         0.0000         0.0000          -2946.7690       311.3793         0.0000         0.0000       618.0983          -1651.1925       296.6535     -2269.2908     -1645.5482       300.8486           1828.7765       741.2579      6350.4584         8.5605         8.1728

WRITING EXTENDED SYSTEM TO RESTART FILE AT STEP 40500
WRITING COORDINATES TO DCD FILE water_simulation.dcd AT STEP 40500
WRITING COORDINATES TO RESTART FILE AT STEP 40500
FINISHED WRITING RESTART COORDINATES
WRITING VELOCITIES TO DCD FILE AT STEP 40500
WRITING VELOCITIES TO RESTART FILE AT STEP 40500
FINISHED WRITING RESTART VELOCITIES
PRESSURE: 40600 2430.09 861.036 -1460.77 861.036 -2214.48 1069.63 -1460.77 1069.63 3833.15
GPRESSURE: 40600 -111.772 -1359.71 -957.547 583.671 -540.17 761.859 -130.014 632.538 2211.92
PRESSAVG: 40600 -326.36 -746.499 -190.24 -746.499 297.402 364.58 -190.24 364.58 -367.069
GPRESSAVG: 40600 -385.307 -839.925 -135.715 -869.164 397.012 386.922 -338.532 363.494 -303.898
ENERGY:   40600       212.0084       118.7645         0.0000         0.0000          -2918.7277       314.3176         0.0000         0.0000       626.5894          -1647.0479       300.7288     -2273.6373     -1640.9344       296.0642           1349.5858       519.9915      6496.9180      -132.0090       -97.3978

PRESSURE: 40700 1762.38 -3128.68 -2075.7 -3128.68 1865.48 3964.49 -2075.7 3964.49 1081.2
GPRESSURE: 40700 -867.675 -491.268 475.143 -1118.14 1764.28 1399.19 -471.97 748.971 -1135.47
PRESSAVG: 40700 -622.424 5.53887 -674.334 5.53887 906.593 479.569 -674.334 479.569 -232.975
GPRESSAVG: 40700 -705.301 -51.0206 -694.503 137.962 1022.46 471.656 -494.107 433.873 -268.281
ENERGY:   40700       220.0550       139.2893         0.0000         0.0000          -2926.2377       306.0949         0.0000         0.0000       607.6296          -1653.1690       291.6291     -2260.7986     -1647.2622       297.2319           1569.6862       -79.6199      6483.1735        17.0646        16.2910

PRESSURE: 40800 -857.21 1311.14 -1823.48 1311.14 3964.29 1389.61 -1823.48 1389.61 1671.54
GPRESSURE: 40800 -299.831 118.258 51.7141 -323.46 1290.09 676.067 666.323 1672.9 631.138
PRESSAVG: 40800 526.53 610.655 23.4074 610.655 703.047 753.344 23.4074 753.344 -1025.38
GPRESSAVG: 40800 546.437 670.458 129.478 538.115 652.456 725.831 15.3518 754.928 -946.165
ENERGY:   40800       226.4874       148.5735         0.0000         0.0000          -2959.7591       330.6654         0.0000         0.0000       609.1417          -1644.8911       292.3548     -2254.0328     -1639.7302       296.2030           1592.8747       540.4655      6598.6507        68.0673        84.2428

PRESSURE: 40900 -877.645 630.442 828.231 630.442 514.214 -603.434 828.231 -603.434 5167.4
GPRESSURE: 40900 989.907 662.318 -1295 777.039 -160.138 841.87 -1830.56 -833.504 2616.88
PRESSAVG: 40900 -835.612 216.654 93.345 216.654 638.072 1204.5 93.345 1204.5 321.669
GPRESSAVG: 40900 -744.823 138.392 113.15 192.429 606.051 1128 5.89247 1294.62 237.28
ENERGY:   40900       227.4213       147.8911         0.0000         0.0000          -2982.7822       347.8356         0.0000         0.0000       618.7899          -1640.8443       296.9854     -2259.6342     -1635.7562       303.5642           1601.3219      1148.8818      6572.1619        41.3765        32.8359

PRESSURE: 41000 2007.83 -47.7201 1350.17 -47.7201 -316.159 62.4819 1350.17 62.4819 -257.81
GPRESSURE: 41000 111.688 -1046.01 746.977 -484.882 -677.593 664.477 590.259 1436.48 1171.85
PRESSAVG: 41000 -338.337 260.948 104.046 260.948 177.092 -513.904 104.046 -513.904 130.633
GPRESSAVG: 41000 -302.595 415.822 -15.0423 290.185 144.03 -433.023 104.091 -555.143 188.565
TIMING: 41000  CPU: 199.673, 0.004748/step  Wall: 199.673, 0.004748/step, 0.0779463 hours remaining, 6.375000 MB of memory in use.
ETITLE:      TS           BOND          ANGLE          DIHED          IMPRP               ELECT            VDW       BOUNDARY           MISC        KINETIC               TOTAL           TEMP      POTENTIAL         TOTAL3        TEMPAVG            PRESSURE      GPRESSURE         VOLUME       PRESSAVG      GPRESSAVG

ENERGY:   41000       229.2277       149.8022         0.0000         0.0000          -2945.3987       325.5934         0.0000         0.0000       598.9025          -1641.8730       287.4406     -2240.7755     -1636.7803       294.7225            477.9548       201.9826      6629.3265       -10.2043        10.0000

WRITING EXTENDED SYSTEM TO RESTART FILE AT STEP 41000
WRITING COORDINATES TO DCD FILE water_simulation.dcd AT STEP 41000
WRITING COORDINATES TO RESTART FILE AT STEP 41000
FINISHED WRITING RESTART COORDINATES
WRITING VELOCITIES TO DCD FILE AT STEP 41000
WRITING VELOCITIES TO RESTART FILE AT STEP 41000
FINISHED WRITING RESTART VELOCITIES
PRESSURE: 41100 2146.37 1789.26 552.718 1789.26 -1941.36 -732.54 552.718 -732.54 -1054.11
GPRESSURE: 41100 -1344.41 1372.94 452.556 516.82 -828.666 -925.041 -1079.73 -1157.9 -762.076
PRESSAVG: 41100 -1441.76 288.108 703.6 288.108 -118.222 -219.048 703.6 -219.048 1433.59
GPRESSAVG: 41100 -1455.57 145.143 643.209 280.247 -54.7327 -263.888 768.859 -224.94 1378.1
ENERGY:   41100       231.1917       134.5405         0.0000         0.0000          -2935.2357       308.5873         0.0000         0.0000       608.2045          -1652.7118       291.9050     -2260.9162     -1647.1792       293.7655           -283.0322      -978.3824      6720.6162       -42.1329       -44.0666

PRESSURE: 41200 1235.22 1179.84 1794.45 1179.84 1775.05 -3362.85 1794.45 -3362.85 -3181.41
GPRESSURE: 41200 -632.005 -613.682 -88.7556 -262.29 -240.346 -1027.05 116.783 427.733 -1697.2
PRESSAVG: 41200 -302.602 1085.74 -391.818 1085.74 274.175 -740.081 -391.818 -740.081 21.6914
GPRESSAVG: 41200 -329.97 1177.2 -392.443 990.833 316.605 -690.568 -453.261 -736.932 64.149
ENERGY:   41200       218.1333       112.6082         0.0000         0.0000          -2930.9249       308.1295         0.0000         0.0000       627.2629          -1664.7910       301.0520     -2292.0540     -1658.4679       294.9871            -57.0478      -856.5164      6740.6317        -2.2451        16.9281

PRESSURE: 41300 -1151.19 2608.75 480.963 2608.75 4175.24 1054.93 480.963 1054.93 590.714
GPRESSURE: 41300 1910.09 856.8 -297.067 1302.12 522.972 -320.529 -458.86 3.07304 -1157.66
PRESSAVG: 41300 -220.806 132.681 158.753 132.681 864.281 -175.665 158.753 -175.665 -1273.37
GPRESSAVG: 41300 -169.046 116.257 175.444 177.266 715.772 -145.467 111.392 -85.9752 -1197.16
ENERGY:   41300       235.7548       138.7188         0.0000         0.0000          -2987.0096       338.4994         0.0000         0.0000       604.8452          -1669.1913       290.2928     -2274.0366     -1664.1120       292.2471           1204.9202       425.1345      6617.2045      -209.9647      -216.8108

PRESSURE: 41400 1664.21 -1722.41 -821.373 -1722.41 -1050.47 3278.54 -821.373 3278.54 1268.49
GPRESSURE: 41400 -1215.27 -127.871 -759.131 -435.797 1254.94 840.003 -317.025 36.7823 246.241
PRESSAVG: 41400 346.87 264.096 -242.837 264.096 -25.9727 870 -242.837 870 -736.186
GPRESSAVG: 41400 308.882 145.741 -193.731 331.182 57.9758 847.675 -198.476 800.572 -832.366
ENERGY:   41400       232.6062       149.7843         0.0000         0.0000          -3011.1442       339.7677         0.0000         0.0000       618.9359          -1670.0501       297.0555     -2288.9860     -1664.6575       296.2619            627.4114        95.3038      6614.6260      -138.4295      -155.1693

PRESSURE: 41500 -1672.72 643.08 46.7142 643.08 807.849 -1901.66 46.7142 -1901.66 -1481.99
GPRESSURE: 41500 -1201.42 1841.02 -910.91 296.547 1355.01 -691.15 -787.557 -757.261 266.565
PRESSAVG: 41500 -228.846 291.474 208.583 291.474 156.413 390.672 208.583 390.672 319.193
GPRESSAVG: 41500 -265.333 382.14 161.966 242.103 168.936 356.759 142.304 397.719 375.308
ENERGY:   41500       234.5285       138.8676         0.0000         0.0000          -2964.6340       325.9663         0.0000         0.0000       593.5390          -1671.7326       284.8664     -2265.2716     -1666.1468       294.9732           -782.2854       140.0528      6652.7388        82.2531        92.9702

WRITING EXTENDED SYSTEM TO RESTART FILE AT STEP 41500
WRITING COORDINATES TO DCD FILE water_simulation.dcd AT STEP 41500
WRITING COORDINATES TO RESTART FILE AT STEP 41500
FINISHED WRITING RESTART COORDINATES
WRITING VELOCITIES TO DCD FILE AT STEP 41500
WRITING VELOCITIES TO RESTART FILE AT STEP 41500
FINISHED WRITING RESTART VELOCITIES
PRESSURE: 41600 -4050.64 2607.37 841.077 2607.37 -1491.43 -387.281 841.077 -387.281 393.562
GPRESSURE: 41600 260.302 -285.386 -125.615 1528.4 1011.14 545.917 -1275.98 -377.955 -1911.48
PRESSAVG: 41600 -500.317 -522.287 325.824 -522.287 -311.736 -66.0167 325.824 -66.0167 923.985
GPRESSAVG: 41600 -462.908 -545.815 432.876 -480.879 -330.898 -5.73813 384.677 -52.2843 880.828
ENERGY:   41600       234.7456       147.5718         0.0000         0.0000          -2967.0145       318.5992         0.0000         0.0000       590.1430          -1675.9548       283.2365     -2266.0978     -1669.9391       291.3039          -1716.1673      -213.3470      6587.4001        37.3104        29.0073

PRESSURE: 41700 1225.86 1707.47 2858.43 1707.47 -2245.12 1841.63 2858.43 1841.63 -968.299
GPRESSURE: 41700 14.7765 886.811 862.255 869.584 1810.66 568.343 118.604 191.705 -295.646
PRESSAVG: 41700 39.4328 391.919 388.786 391.919 436.448 8.16523 388.786 8.16523 -317.863
GPRESSAVG: 41700 32.2623 429.789 261.779 403.339 488.639 -113.839 337.528 -64.8905 -380.61
ENERGY:   41700       248.6668       125.7965         0.0000         0.0000          -2992.6147       340.9968         0.0000         0.0000       610.7501          -1666.4046       293.1268     -2277.1547     -1660.6943       292.2359           -662.5198       509.9290      6630.9068        52.6728        46.7638

PRESSURE: 41800 -1962.95 -750.338 -1380.42 -750.338 -5209.1 -1733.5 -1380.42 -1733.5 -5431.57
GPRESSURE: 41800 -2752.22 -1245.97 -421.965 -142.359 -2564.72 -490.829 -29.0609 -815.139 -2158.95
PRESSAVG: 41800 -346.683 594.743 138.761 594.743 667.937 451.102 138.761 451.102 -833.416
GPRESSAVG: 41800 -383.665 629.252 116.922 545.301 704.9 539.431 173.703 497.095 -819.423
ENERGY:   41800       235.1515       142.6343         0.0000         0.0000          -2921.5447       277.5010         0.0000         0.0000       611.1298          -1655.1282       293.3090     -2266.2579     -1649.2405       293.4155          -4201.2083     -2491.9661      6862.7485      -170.7207      -166.0626

PRESSURE: 41900 -5424.08 611.579 -1122.1 611.579 -858.454 -1453.34 -1122.1 -1453.34 -2055.71
GPRESSURE: 41900 -1575.62 377.397 209.187 -810.391 -1226.47 181.314 -552.183 -35.9616 -1279.86
PRESSAVG: 41900 127.128 48.399 -320.829 48.399 -287.249 -302.776 -320.829 -302.776 222.797
GPRESSAVG: 41900 164.092 30.7225 -210.934 64.0531 -355.113 -335.881 -354.341 -314.668 249.67
ENERGY:   41900       245.6576       127.7593         0.0000         0.0000          -2929.8724       308.1107         0.0000         0.0000       596.3972          -1651.9477       286.2382     -2248.3449     -1646.8171       294.2037          -2779.4146     -1360.6526      6885.1309        20.8920        19.5500

PRESSURE: 42000 -1905.21 -453.345 -931.501 -453.345 -62.4692 -2206.64 -931.501 -2206.64 1276.3
GPRESSURE: 42000 210.337 134.876 -1005.74 26.3726 262.099 -450.095 -880.428 -1074.88 1353.05
PRESSAVG: 42000 -643.861 305.622 -386.771 305.622 -384.93 -109.511 -386.771 -109.511 1107.76
GPRESSAVG: 42000 -580.317 273.007 -456.992 261.193 -444.805 -24.4628 -359.534 -101.593 1096.72
TIMING: 42000  CPU: 204.466, 0.004793/step  Wall: 204.466, 0.004793/step, 0.0773537 hours remaining, 6.375000 MB of memory in use.
ETITLE:      TS           BOND          ANGLE          DIHED          IMPRP               ELECT            VDW       BOUNDARY           MISC        KINETIC               TOTAL           TEMP      POTENTIAL         TOTAL3        TEMPAVG            PRESSURE      GPRESSURE         VOLUME       PRESSAVG      GPRESSAVG

ENERGY:   42000       241.3268       130.0469         0.0000         0.0000          -2971.3916       347.9488         0.0000         0.0000       605.4378          -1646.6313       290.5771     -2252.0690     -1641.3695       293.9779           -230.4614       608.4949      6824.6701        26.3224        23.8660

WRITING EXTENDED SYSTEM TO RESTART FILE AT STEP 42000
WRITING COORDINATES TO DCD FILE water_simulation.dcd AT STEP 42000
WRITING COORDINATES TO RESTART FILE AT STEP 42000
FINISHED WRITING RESTART COORDINATES
WRITING VELOCITIES TO DCD FILE AT STEP 42000
WRITING VELOCITIES TO RESTART FILE AT STEP 42000
FINISHED WRITING RESTART VELOCITIES
PRESSURE: 42100 -101.845 -3315.84 -1389.28 -3315.84 1857.81 2836.32 -1389.28 2836.32 -3538.29
GPRESSURE: 42100 76.0408 -146.94 -1406.55 44.2736 1576.03 318.003 -1270.93 350.299 763.045
PRESSAVG: 42100 -993.645 -172.566 -546.501 -172.566 798.298 -67.2499 -546.501 -67.2499 144.599
GPRESSAVG: 42100 -1035.67 -174.018 -486.332 -170.397 800.829 -146.171 -567.742 -86.357 172.155
ENERGY:   42100       238.1177       133.5162         0.0000         0.0000          -3018.0082       374.1335         0.0000         0.0000       626.2826          -1645.9582       300.5816     -2272.2408     -1639.9284       300.4145           -594.1069       805.0396      6952.5517       -16.9159       -20.8959

LDB: ============= START OF LOAD BALANCING ============== 205.203
LDB: ============== END OF LOAD BALANCING =============== 205.203
LDB: =============== DONE WITH MIGRATION ================ 205.203
LDB: ============= START OF LOAD BALANCING ============== 205.5
LDB: ============== END OF LOAD BALANCING =============== 205.5
LDB: =============== DONE WITH MIGRATION ================ 205.5
PRESSURE: 42200 1416.84 -3230.54 -1102.17 -3230.54 -177.099 335.338 -1102.17 335.338 -3255.21
GPRESSURE: 42200 831.285 -2536.84 308.438 -1607.05 1799.45 -433.912 -401.268 -912.412 -1783.87
PRESSAVG: 42200 259.737 -370.72 435.99 -370.72 408.002 707.972 435.99 707.972 -1036.69
GPRESSAVG: 42200 232.161 -332.457 414.515 -238.663 432.231 694.11 404.936 742.711 -1020.96
ENERGY:   42200       242.4936       140.1085         0.0000         0.0000          -2967.2312       338.5138         0.0000         0.0000       599.0116          -1647.1038       287.4929     -2246.1153     -1641.7650       295.0243           -671.8239       282.2906      6767.9692      -122.9846      -118.8558

PRESSURE: 42300 -1738.38 1841.25 -4171.54 1841.25 -1791.89 -604.236 -4171.54 -604.236 3978.01
GPRESSURE: 42300 -1522.39 773.608 -972.942 -18.3265 149.363 336.747 -1269.07 493.996 1561.23
PRESSAVG: 42300 -67.0025 444.829 -369.108 444.829 -237.272 95.6829 -369.108 95.6829 -330.148
GPRESSAVG: 42300 -98.1963 438.541 -390.787 386.541 -263.998 117.691 -289.212 119.494 -303.802
ENERGY:   42300       215.1813       137.9421         0.0000         0.0000          -2966.7371       324.6097         0.0000         0.0000       640.7911          -1648.2128       307.5448     -2289.0040     -1641.2283       295.8482            149.2462        62.7369      6687.0862      -211.4743      -221.9987

PRESSURE: 42400 2320.27 716.434 -2419.47 716.434 -1208 1090.65 -2419.47 1090.65 2726.84
GPRESSURE: 42400 1590.61 1020.8 -132.491 667.013 583.64 244.886 13.8023 36.2891 1943.08
PRESSAVG: 42400 -760.648 -481.728 -580.42 -481.728 -308.874 735.181 -580.42 735.181 720.769
GPRESSAVG: 42400 -791.516 -470.645 -587.3 -456.844 -217.867 699.944 -582.013 705.715 698.079
ENERGY:   42400       244.4316       123.1244         0.0000         0.0000          -2985.8659       355.6583         0.0000         0.0000       612.9530          -1649.6987       294.1841     -2262.6517     -1644.2121       294.6440           1279.7016      1372.4445      6598.9753      -116.2514      -103.7681

PRESSURE: 42500 448.293 -1063.24 311.712 -1063.24 -144.123 -1487.3 311.712 -1487.3 -1380.32
GPRESSURE: 42500 -335.406 -932.056 628.525 -720.845 45.3362 150.579 -504.093 818.53 -1235.31
PRESSAVG: 42500 -1119.07 -744.53 -221.407 -744.53 327.154 -259.162 -221.407 -259.162 788.538
GPRESSAVG: 42500 -1043.16 -720.555 -118.982 -820.328 230.086 -186.489 -188.603 -280.394 787.266
ENERGY:   42500       229.6610       144.9122         0.0000         0.0000          -2928.1628       304.9619         0.0000         0.0000       594.3516          -1654.2761       285.2564     -2248.6277     -1648.9241       299.3560           -358.7157      -508.4610      6687.9608        -1.1267        -8.6019

WRITING EXTENDED SYSTEM TO RESTART FILE AT STEP 42500
WRITING COORDINATES TO DCD FILE water_simulation.dcd AT STEP 42500
WRITING COORDINATES TO RESTART FILE AT STEP 42500
FINISHED WRITING RESTART COORDINATES
WRITING VELOCITIES TO DCD FILE AT STEP 42500
WRITING VELOCITIES TO RESTART FILE AT STEP 42500
FINISHED WRITING RESTART VELOCITIES
PRESSURE: 42600 -154.881 2946.22 1366.2 2946.22 -1116.3 1655.97 1366.2 1655.97 -377.56
GPRESSURE: 42600 38.4034 -391.868 -476.443 -411.495 -722.094 911.06 -997.059 -118.911 1014.22
PRESSAVG: 42600 -1078.22 -259.533 -229.054 -259.533 471.198 -432.041 -229.054 -432.041 244.259
GPRESSAVG: 42600 -1113.56 -259.84 -300.886 -253.383 458.052 -455.13 -345.505 -475.047 296.343
ENERGY:   42600       229.1037       134.1928         0.0000         0.0000          -2940.8218       322.6515         0.0000         0.0000       601.2504          -1653.6234       288.5674     -2254.8737     -1648.2080       295.3593           -549.5791       110.1757      6691.5068      -120.9215      -119.7219

PRESSURE: 42700 -809.17 2137.76 -1242.4 2137.76 -99.4466 2747.64 -1242.4 2747.64 1364.8
GPRESSURE: 42700 657.58 -293.489 1805.77 134.836 1517.32 573.7 1707.58 190.953 433.922
PRESSAVG: 42700 -283.153 -691.373 -374.065 -691.373 -621.634 242.135 -374.065 242.135 544.369
GPRESSAVG: 42700 -238.617 -829.211 -370.709 -716.938 -614.987 223.717 -323.012 310.248 483.967
ENERGY:   42700       227.4520       126.2422         0.0000         0.0000          -2965.6288       345.2923         0.0000         0.0000       609.4567          -1657.1856       292.5060     -2266.6423     -1651.7989       298.6591            152.0623       869.6063      6646.4243      -120.1394      -123.2124

PRESSURE: 42800 885.332 -581.706 -891.345 -581.706 2342.8 436.628 -891.345 436.628 -1015.28
GPRESSURE: 42800 1104.92 154.419 193.607 439.018 1413.62 -1625.6 824.286 -715.03 1576.8
PRESSAVG: 42800 739.88 -5.20881 241.393 -5.20881 131.972 368.924 241.393 368.924 -383.179
GPRESSAVG: 42800 692.537 179.584 245.548 13.007 192.53 396.276 268.711 262.993 -333.506
ENERGY:   42800       232.2282       133.8244         0.0000         0.0000          -2950.2582       342.6504         0.0000         0.0000       587.3820          -1654.1732       281.9114     -2241.5552     -1649.4698       294.3758            737.6195      1365.1107      6552.1737       162.8908       183.8536

PRESSURE: 42900 16.2238 -3155.9 2625.83 -3155.9 -785.848 586.576 2625.83 586.576 1270.47
GPRESSURE: 42900 -406.889 -828.101 782.794 -1955.52 74.5299 1688.41 852.041 1883.95 2136.53
PRESSAVG: 42900 531.889 -304.283 440.685 -304.283 -940.346 368.844 440.685 368.844 771.946
GPRESSAVG: 42900 441.782 -410.502 357.691 -234.863 -904.237 391.74 384.559 484.811 786.056
ENERGY:   42900       223.8803       143.6345         0.0000         0.0000          -2959.1755       333.1183         0.0000         0.0000       599.3168          -1659.2256       287.6394     -2258.5424     -1653.1292       290.4158            166.9495       601.3909      6609.2700       121.1627       107.8670

PRESSURE: 43000 -2727.78 -988.819 1844.8 -988.819 33.7496 1311.35 1844.8 1311.35 704.719
GPRESSURE: 43000 -66.3003 597.351 351.873 -1269.85 560.843 -271.189 1392.06 -136.731 -1147.61
PRESSAVG: 43000 -528.834 -534.338 -831.5 -534.338 672.31 517.973 -831.5 517.973 198.907
GPRESSAVG: 43000 -482.619 -502.128 -790.201 -575.925 629.731 474.219 -858.181 458.991 137.04
TIMING: 43000  CPU: 210.281, 0.005815/step  Wall: 210.281, 0.005815/step, 0.0922324 hours remaining, 6.375000 MB of memory in use.
ETITLE:      TS           BOND          ANGLE          DIHED          IMPRP               ELECT            VDW       BOUNDARY           MISC        KINETIC               TOTAL           TEMP      POTENTIAL         TOTAL3        TEMPAVG            PRESSURE      GPRESSURE         VOLUME       PRESSAVG      GPRESSAVG

ENERGY:   43000       227.2236       145.1964         0.0000         0.0000          -2998.8960       329.9189         0.0000         0.0000       644.2836          -1652.2735       309.2211     -2296.5572     -1646.9956       297.6068           -663.1053      -217.6895      6679.1651       114.1279        94.7172

WRITING EXTENDED SYSTEM TO RESTART FILE AT STEP 43000
WRITING COORDINATES TO DCD FILE water_simulation.dcd AT STEP 43000
WRITING COORDINATES TO RESTART FILE AT STEP 43000
FINISHED WRITING RESTART COORDINATES
WRITING VELOCITIES TO DCD FILE AT STEP 43000
WRITING VELOCITIES TO RESTART FILE AT STEP 43000
FINISHED WRITING RESTART VELOCITIES
PRESSURE: 43100 -263.342 -2796.85 -1629.08 -2796.85 -200.556 -1359.3 -1629.08 -1359.3 -1433.38
GPRESSURE: 43100 -435.738 -984.26 -219.543 -2214.58 23.7322 -61.6879 46.0668 280.895 783.051
PRESSAVG: 43100 294.375 -765.986 155.905 -765.986 -542.636 -59.6657 155.905 -59.6657 227.979
GPRESSAVG: 43100 345.706 -792.329 115.687 -752.69 -501.357 16.0038 172.172 42.4814 226.188
ENERGY:   43100       220.1649       122.3141         0.0000         0.0000          -2929.1004       326.9080         0.0000         0.0000       598.4198          -1661.2937       287.2089     -2259.7135     -1655.3030       290.9305           -632.4262       123.6818      6724.5010        -6.7609        23.5121

PRESSURE: 43200 1104.8 -2205.94 -1521.85 -2205.94 -1072.62 -107.149 -1521.85 -107.149 -294.879
GPRESSURE: 43200 1682.39 -999.492 678.485 -402.408 -559.803 592.078 1169.92 803.978 780.926
PRESSAVG: 43200 218.678 -787.831 332.032 -787.831 -291.865 297.062 332.032 297.062 -131.603
GPRESSAVG: 43200 154.462 -776.047 397.578 -864.656 -295.289 244.823 414.819 234.145 -75.0417
ENERGY:   43200       223.9285       120.7343         0.0000         0.0000          -2942.2237       333.5448         0.0000         0.0000       605.4663          -1658.5497       290.5909     -2264.0160     -1652.6862       291.9949            -87.5672       634.5037      6695.4857       -68.2634       -71.9561

PRESSURE: 43300 -2252.23 -1716.64 678.153 -1716.64 679.725 2266.17 678.153 2266.17 865.74
GPRESSURE: 43300 802.244 -425.442 1240.03 -1045.53 -1148.2 1534.34 1217.34 2177.27 590.726
PRESSAVG: 43300 293.645 -608.218 17.3225 -608.218 -746.853 687.795 17.3225 687.795 881.696
GPRESSAVG: 43300 339.684 -635.666 -5.24608 -427.814 -735.534 679.278 14.8662 724.072 812.706
ENERGY:   43300       217.1729       150.6451         0.0000         0.0000          -2941.1187       323.6572         0.0000         0.0000       589.7099          -1659.9337       283.0286     -2249.6436     -1654.4525       289.2693           -235.5876        81.5892      6772.3295       142.8294       138.9518

PRESSURE: 43400 -2422.18 2850.7 2180.73 2850.7 2022.08 -0.672621 2180.73 -0.672621 -270.715
GPRESSURE: 43400 16.9524 -389.016 1500.97 -245.791 169.947 136.609 1954.79 765.424 1394.68
PRESSAVG: 43400 -255.564 -8.03254 589.633 -8.03254 -24.4737 800.787 589.633 800.787 -45.2989
GPRESSAVG: 43400 -222.97 110.292 574.067 -169.259 -144.561 773.41 558.816 747.919 40.7946
ENERGY:   43400       228.4667       123.0681         0.0000         0.0000          -2931.6793       325.1538         0.0000         0.0000       598.2776          -1656.7131       287.1407     -2254.9908     -1652.1366       284.0370           -223.6050       527.1917      6671.6929      -108.4455      -108.9120

PRESSURE: 43500 751.059 -1638.2 -1527.59 -1638.2 -6740.89 887.505 -1527.59 887.505 -2497.59
GPRESSURE: 43500 -677.139 -1186.55 -735.397 -250.435 -2609 525.67 -873.954 1174.26 -422.158
PRESSAVG: 43500 1068.13 -751.721 244.176 -751.721 -866.656 79.8062 244.176 79.8062 -270.549
GPRESSAVG: 43500 984.398 -833.187 245.962 -735.395 -695.134 80.9489 294.243 160.354 -313.454
ENERGY:   43500       231.6821       149.5397         0.0000         0.0000          -2916.6786       288.2138         0.0000         0.0000       595.5544          -1651.6886       285.8337     -2247.2430     -1647.3922       290.7160          -2829.1405     -1236.0994      6740.4591       -23.0254        -8.0633

WRITING EXTENDED SYSTEM TO RESTART FILE AT STEP 43500
WRITING COORDINATES TO DCD FILE water_simulation.dcd AT STEP 43500
WRITING COORDINATES TO RESTART FILE AT STEP 43500
FINISHED WRITING RESTART COORDINATES
WRITING VELOCITIES TO DCD FILE AT STEP 43500
WRITING VELOCITIES TO RESTART FILE AT STEP 43500
FINISHED WRITING RESTART VELOCITIES
PRESSURE: 43600 363.064 898.236 -718.391 898.236 -3474.95 1531.08 -718.391 1531.08 168.993
GPRESSURE: 43600 686.922 -141.568 276.879 -617.558 -452.415 -243.516 275.976 -430.889 1966.51
PRESSAVG: 43600 265.012 -1133.22 549.636 -1133.22 -477.694 91.0923 549.636 91.0923 -92.2481
GPRESSAVG: 43600 341.679 -961.69 684.478 -1144.19 -647.255 121.506 525.046 42.2608 3.54355
ENERGY:   43600       223.5396       139.2338         0.0000         0.0000          -2961.0012       339.7038         0.0000         0.0000       609.8184          -1648.7056       292.6796     -2258.5240     -1643.0379       294.8325           -980.9656       733.6729      6713.1763      -101.6435      -100.6774

PRESSURE: 43700 -2184.44 -222.018 3221.11 -222.018 4640.4 916.174 3221.11 916.174 1727.23
GPRESSURE: 43700 1742.27 -338.198 520.868 -1493.05 2422.17 -313.727 -787.242 608.147 2464.34
PRESSAVG: 43700 -846.895 -277.77 720.244 -277.77 52.0711 -112.897 720.244 -112.897 452.808
GPRESSAVG: 43700 -886.991 -412.165 548.211 -318.308 209.748 -226.686 674.302 -141.755 341.907
ENERGY:   43700       237.1428       137.7542         0.0000         0.0000          -2988.0517       369.3894         0.0000         0.0000       600.4509          -1643.3144       288.1837     -2243.7653     -1638.5973       292.0399           1394.3988      2209.5934      6658.5388      -114.0053      -111.7789

PRESSURE: 43800 -604.74 -1104.48 1218.2 -1104.48 4593.86 -524.345 1218.2 -524.345 782.192
GPRESSURE: 43800 -489.068 -2721.29 -260.892 -1311.94 2980.69 502.869 1182.33 -533.397 1905.12
PRESSAVG: 43800 -601.018 -1415.72 -12.8869 -1415.72 862.917 192.135 -12.8869 192.135 -210.584
GPRESSAVG: 43800 -504.478 -1455.76 61.6191 -1330.89 806.493 306.143 -129.412 205.927 -280.725
ENERGY:   43800       221.2809       147.1912         0.0000         0.0000          -2992.1191       357.6893         0.0000         0.0000       615.8492          -1650.1086       295.5741     -2265.9577     -1644.3747       295.4011           1590.4377      1465.5787      6603.0345        17.1046         7.0965

PRESSURE: 43900 -2346.38 1560.06 -3495.79 1560.06 1216.69 -164.324 -3495.79 -164.324 -1774.94
GPRESSURE: 43900 -454.585 1125.21 -175.36 397.427 281.625 717.118 54.1504 687.319 -2387.76
PRESSAVG: 43900 -444.979 -392.865 -430.9 -392.865 -85.2063 735.335 -430.9 735.335 182.843
GPRESSAVG: 43900 -564.638 -451.042 -430.06 -426.473 -116.214 737.706 -304.702 769.121 302.278
ENERGY:   43900       222.0640       136.7321         0.0000         0.0000          -2930.5390       299.0011         0.0000         0.0000       619.5051          -1653.2366       297.3287     -2272.7417     -1647.7476       294.0393           -968.2093      -853.5730      6698.2145      -115.7810      -126.1913

PRESSURE: 44000 428.096 -925.946 -1302.02 -925.946 -1973.93 508.856 -1302.02 508.856 166.631
GPRESSURE: 44000 -2052.11 -983.07 -106.392 -1121.42 -826.581 156.054 -626.655 873.014 -1152.62
PRESSAVG: 44000 -380.026 -64.7592 453.18 -64.7592 245.287 245.211 453.18 245.211 -122.203
GPRESSAVG: 44000 -385.176 36.1799 427.626 -85.0566 293.486 202.902 405.626 292.209 -177.536
TIMING: 44000  CPU: 215.35, 0.005069/step  Wall: 215.35, 0.005069/step, 0.0789919 hours remaining, 6.375000 MB of memory in use.
ETITLE:      TS           BOND          ANGLE          DIHED          IMPRP               ELECT            VDW       BOUNDARY           MISC        KINETIC               TOTAL           TEMP      POTENTIAL         TOTAL3        TEMPAVG            PRESSURE      GPRESSURE         VOLUME       PRESSAVG      GPRESSAVG

ENERGY:   44000       209.5626       138.7398         0.0000         0.0000          -2924.8707       285.5819         0.0000         0.0000       620.9495          -1670.0369       298.0220     -2290.9864     -1664.2122       296.8347           -459.7333     -1343.7677      6686.0676       -85.6477       -89.7421

WRITING EXTENDED SYSTEM TO RESTART FILE AT STEP 44000
WRITING COORDINATES TO DCD FILE water_simulation.dcd AT STEP 44000
WRITING COORDINATES TO RESTART FILE AT STEP 44000
FINISHED WRITING RESTART COORDINATES
WRITING VELOCITIES TO DCD FILE AT STEP 44000
WRITING VELOCITIES TO RESTART FILE AT STEP 44000
FINISHED WRITING RESTART VELOCITIES
PRESSURE: 44100 -104.25 761.691 -545.794 761.691 -29.4122 -262.184 -545.794 -262.184 1389.97
GPRESSURE: 44100 -1306.18 1342.66 -181.867 654.484 -318.431 -505.221 -221.7 -471.37 699.961
PRESSAVG: 44100 -19.8494 223.997 323.898 223.997 387.759 -170.356 323.898 -170.356 -168.191
GPRESSAVG: 44100 6.82461 163.875 265.934 261.508 386.762 -201.043 377.708 -234.493 -154.435
ENERGY:   44100       221.2780       124.3131         0.0000         0.0000          -2924.6024       313.3935         0.0000         0.0000       605.7545          -1659.8634       290.7292     -2265.6179     -1655.6216       294.1856            418.7677      -308.2177      6721.4462        66.5729        79.7174

LDB: ============= START OF LOAD BALANCING ============== 216.27
LDB: ============== END OF LOAD BALANCING =============== 216.27
LDB: =============== DONE WITH MIGRATION ================ 216.27
LDB: ============= START OF LOAD BALANCING ============== 216.671
LDB: ============== END OF LOAD BALANCING =============== 216.671
LDB: =============== DONE WITH MIGRATION ================ 216.671
PRESSURE: 44200 -2423.09 -7.44307 1886.55 -7.44307 -2728.25 361.39 1886.55 361.39 2601.76
GPRESSURE: 44200 -1250.49 -282.905 344.192 -513.485 -2397.08 -1197.16 -321.888 183.905 -1092.72
PRESSAVG: 44200 -128.677 -630.31 -106.339 -630.31 -442.703 -551.51 -106.339 -551.51 199.265
GPRESSAVG: 44200 -61.2925 -642.318 -79.3076 -644.601 -482.034 -535.727 -110.01 -645.557 157.464
ENERGY:   44200       213.4209       121.1023         0.0000         0.0000          -2899.7864       288.8051         0.0000         0.0000       611.0877          -1665.3704       293.2888     -2276.4581     -1659.8908       292.2931           -849.8569     -1580.0973      6812.2913      -124.0386      -128.6210

PRESSURE: 44300 -1610.42 -3929.99 1651.98 -3929.99 1747.63 694.481 1651.98 694.481 194.235
GPRESSURE: 44300 -686.062 -1841.72 889.224 -716.722 -938.214 -264.925 -1170.61 -279.765 -473.127
PRESSAVG: 44300 -155.929 -359.454 -314.678 -359.454 -579.063 144.592 -314.678 144.592 610.346
GPRESSAVG: 44300 -199.709 -288.232 -203.385 -271.92 -571.788 167.465 -358.684 208.223 660.743
ENERGY:   44300       220.6509       142.3157         0.0000         0.0000          -2933.8902       304.5659         0.0000         0.0000       598.5174          -1667.8403       287.2558     -2266.3577     -1663.3547       292.0798            110.4803      -699.1342      6702.8585       -41.5490       -36.9180

PRESSURE: 44400 5133.01 31.159 -1143.95 31.159 2022.42 271.877 -1143.95 271.877 2922.68
GPRESSURE: 44400 3071.04 -778.21 -2120.17 -1835.26 3626.09 1762.87 -744.756 1092.42 2542.59
PRESSAVG: 44400 -1475.47 -1424.67 -129.017 -1424.67 935.671 -410.419 -129.017 -410.419 952.739
GPRESSAVG: 44400 -1411.74 -1481.85 -216.043 -1478.09 873.439 -436.817 -182.729 -397.509 926.999
ENERGY:   44400       219.9888       137.0546         0.0000         0.0000          -2993.7054       388.1714         0.0000         0.0000       594.9182          -1653.5724       285.5283     -2248.4905     -1648.3004       292.7068           3359.3720      3079.9063      6596.1451       137.6474       129.5667

PRESSURE: 44500 1866.91 527.812 -2538.97 527.812 1425.85 -990.095 -2538.97 -990.095 1320.3
GPRESSURE: 44500 -164.527 -983.172 -722.042 -954.471 2346.35 -1219.08 -2173.41 -1781.61 -626.467
PRESSAVG: 44500 474.055 -758.951 -350.975 -758.951 -322.404 -107.2 -350.975 -107.2 -141.698
GPRESSAVG: 44500 425.135 -672.289 -383.491 -808.008 -280.247 -192.696 -301.149 20.3824 -127.255
ENERGY:   44500       214.8788       128.6645         0.0000         0.0000          -2957.6492       338.7069         0.0000         0.0000       610.8812          -1664.5179       293.1897     -2275.3990     -1658.3986       288.7800           1537.6853       518.4521      6766.1205         3.3176         5.8777

WRITING EXTENDED SYSTEM TO RESTART FILE AT STEP 44500
WRITING COORDINATES TO DCD FILE water_simulation.dcd AT STEP 44500
WRITING COORDINATES TO RESTART FILE AT STEP 44500
FINISHED WRITING RESTART COORDINATES
WRITING VELOCITIES TO DCD FILE AT STEP 44500
WRITING VELOCITIES TO RESTART FILE AT STEP 44500
FINISHED WRITING RESTART VELOCITIES
PRESSURE: 44600 -552.032 -1371.2 -273.006 -1371.2 -3622.73 1962.64 -273.006 1962.64 -297.781
GPRESSURE: 44600 -1149.53 -168.405 1089.19 -216.479 -3304.9 930.547 -1195.26 940.279 -960.865
PRESSAVG: 44600 -59.2508 -216.176 -262.255 -216.176 -2.0914 -112.13 -262.255 -112.13 331.072
GPRESSAVG: 44600 -46.9854 -347.925 -223.998 -114.055 18.8841 -27.6886 -244.279 -234.266 296.857
ENERGY:   44600       224.6056       151.2475         0.0000         0.0000          -2937.7352       286.3899         0.0000         0.0000       601.5186          -1673.9737       288.6961     -2275.4923     -1669.4291       289.8952          -1490.8481     -1805.0980      6770.3697        89.9100        89.5853

PRESSURE: 44700 368.375 608.078 -1759.19 608.078 3107.67 -663.509 -1759.19 -663.509 -5210.77
GPRESSURE: 44700 1781.47 973.179 -1707.09 300.16 1313.88 -839.91 -480.292 599.131 -892.191
PRESSAVG: 44700 396.002 205.132 56.5894 205.132 158.519 31.7141 56.5894 31.7141 -291.171
GPRESSAVG: 44700 377.678 324.63 26.4163 174.365 161.305 23.3081 39.8921 43.5295 -286.527
ENERGY:   44700       226.1621       117.4649         0.0000         0.0000          -2947.5876       345.6601         0.0000         0.0000       586.5690          -1671.7315       281.5212     -2258.3005     -1666.6258       289.1009           -578.2415       734.3850      6719.2421        87.7836        84.1521

PRESSURE: 44800 -912.195 -44.6002 -1153.29 -44.6002 1696.84 -3415.51 -1153.29 -3415.51 -2153.08
GPRESSURE: 44800 -491.023 -395.857 -1190.42 -894.988 701.859 -1236.77 -1014.42 -1085.52 1571.21
PRESSAVG: 44800 -320.293 -295.177 -465.853 -295.177 -30.0894 23.8183 -465.853 23.8183 434.653
GPRESSAVG: 44800 -305.208 -410.614 -397.952 -359.994 -72.0965 58.8797 -461.503 62.0826 524.487
ENERGY:   44800       237.5753       141.3807         0.0000         0.0000          -2959.4767       334.3574         0.0000         0.0000       574.1856          -1671.9778       275.5778     -2246.1634     -1667.7951       288.9891           -456.1447       594.0167      6600.8627        28.0902        49.0606

PRESSURE: 44900 868.68 -695.988 1805.39 -695.988 -1544.02 -1014.62 1805.39 -1014.62 -31.491
GPRESSURE: 44900 1562.9 10.3646 34.9751 -235.236 1323.29 85.8485 955.317 177.444 -1038.73
PRESSAVG: 44900 595.178 -90.3955 159.449 -90.3955 102.427 -389.075 159.449 -389.075 -47.7883
GPRESSAVG: 44900 590.665 14.842 139.808 -119.62 120.339 -358.997 139.009 -342.423 -89.9437
ENERGY:   44900       230.2099       153.1442         0.0000         0.0000          -2972.2496       335.5635         0.0000         0.0000       581.8599          -1671.4721       279.2611     -2253.3320     -1666.7402       285.0604           -235.6113       615.8208      6619.9451       216.6054       207.0201

PRESSURE: 45000 -1157.4 679.12 1225.57 679.12 -1320.65 1109.14 1225.57 1109.14 1547.8
GPRESSURE: 45000 1616.49 534.882 1532.58 -363.437 -1233.31 1212.61 301.193 1138.55 697.897
PRESSAVG: 45000 159.661 -558.827 -325.615 -558.827 17.043 134.873 -325.615 134.873 -471.552
GPRESSAVG: 45000 147.839 -518.656 -343.623 -524.375 57.8645 116.455 -262.151 153.462 -521.464
TIMING: 45000  CPU: 220.462, 0.005112/step  Wall: 220.462, 0.005112/step, 0.078242 hours remaining, 6.375000 MB of memory in use.
ETITLE:      TS           BOND          ANGLE          DIHED          IMPRP               ELECT            VDW       BOUNDARY           MISC        KINETIC               TOTAL           TEMP      POTENTIAL         TOTAL3        TEMPAVG            PRESSURE      GPRESSURE         VOLUME       PRESSAVG      GPRESSAVG

ENERGY:   45000       224.3206       117.3814         0.0000         0.0000          -2922.4996       329.5937         0.0000         0.0000       576.0382          -1675.1656       276.4669     -2251.2038     -1670.3209       281.7098           -310.0835       360.3597      6776.1024       -98.2824      -105.2535

WRITING EXTENDED SYSTEM TO RESTART FILE AT STEP 45000
WRITING COORDINATES TO DCD FILE water_simulation.dcd AT STEP 45000
WRITING COORDINATES TO RESTART FILE AT STEP 45000
FINISHED WRITING RESTART COORDINATES
WRITING VELOCITIES TO DCD FILE AT STEP 45000
WRITING VELOCITIES TO RESTART FILE AT STEP 45000
FINISHED WRITING RESTART VELOCITIES
PRESSURE: 45100 -748.205 -383.317 389.804 -383.317 2401.72 94.4191 389.804 94.4191 -908.78
GPRESSURE: 45100 1522.42 81.248 -153.028 -807.183 -715.16 -1287.52 -68.8045 -1706.19 17.2976
PRESSAVG: 45100 655.068 -158.833 -258.667 -158.833 -174.213 -182.309 -258.667 -182.309 -306.002
GPRESSAVG: 45100 683.172 -314.881 -207.363 -251.612 -263.776 -229.182 -269.496 -292.709 -221.687
ENERGY:   45100       222.2305       124.6187         0.0000         0.0000          -2974.4454       337.3705         0.0000         0.0000       613.1520          -1677.0738       294.2796     -2290.2258     -1671.2582       284.1903            248.2459       274.8539      6735.2607        58.2843        65.9032

PRESSURE: 45200 2721.9 -1663.1 3321.25 -1663.1 17.3654 298.513 3321.25 298.513 -845.24
GPRESSURE: 45200 -1220.1 -241.444 1622.82 869.567 1456.1 200.235 2166.38 44.0865 -889.965
PRESSAVG: 45200 -17.9441 184.468 31.7341 184.468 115.466 -383.851 31.7341 -383.851 -265.892
GPRESSAVG: 45200 -23.0382 274.021 8.72415 246.893 122.605 -367.894 -27.844 -328.697 -327.357
ENERGY:   45200       218.6534       138.1935         0.0000         0.0000          -2936.5835       318.3325         0.0000         0.0000       589.4483          -1671.9556       282.9031     -2261.4039     -1666.8596       285.3067            631.3431      -217.9882      6753.3241       -56.1233       -75.9300

PRESSURE: 45300 662.459 1150.84 504.796 1150.84 971.447 1529.69 504.796 1529.69 -1472.56
GPRESSURE: 45300 -58.7175 358.553 -296.45 -101.302 13.014 374.575 -478.064 557.951 -847.968
PRESSAVG: 45300 959.042 -36.6343 70.499 -36.6343 575.922 210.216 70.499 210.216 -275.191
GPRESSAVG: 45300 927.167 -30.0599 -24.8711 61.2398 649.253 184.792 68.1288 184.198 -301.041
ENERGY:   45300       210.4428       125.0968         0.0000         0.0000          -2953.1120       321.6487         0.0000         0.0000       620.2490          -1675.6746       297.6857     -2295.9236     -1669.6408       286.6485             53.7820      -297.8904      6751.3691       419.9242       425.1267

PRESSURE: 45400 1030.76 230.262 -1741.96 230.262 397.341 526.158 -1741.96 526.158 961.276
GPRESSURE: 45400 -436.354 441.748 -706.132 -792.211 2926.89 -1153.33 66.5961 747.31 2030.85
PRESSAVG: 45400 -801.983 123.5 -307.088 123.5 134.68 -751.937 -307.088 -751.937 434.98
GPRESSAVG: 45400 -799.478 114.377 -215.123 139.804 162.202 -716.197 -212.045 -744.493 450.244
ENERGY:   45400       237.9162       126.2176         0.0000         0.0000          -2984.8991       366.6950         0.0000         0.0000       587.0964          -1666.9739       281.7743     -2254.0703     -1663.3589       290.1533            796.4601      1507.1294      6809.8785       -77.4411       -62.3440

PRESSURE: 45500 141.611 30.1074 1009.07 30.1074 -632.822 1082.55 1009.07 1082.55 3619.59
GPRESSURE: 45500 -826.851 382.61 838.991 -527.303 55.7587 94.8283 661.988 828.719 2210.27
PRESSAVG: 45500 -1202.89 -579.698 -231.585 -579.698 623.321 442.145 -231.585 442.145 16.0252
GPRESSAVG: 45500 -1181.39 -613.952 -218.229 -635.052 579.919 515.595 -282.06 488.514 28.2095
ENERGY:   45500       216.0447       143.6407         0.0000         0.0000          -2959.0436       334.5588         0.0000         0.0000       612.1097          -1652.6896       293.7793     -2264.7993     -1646.9428       293.8255           1042.7930       479.7264      6743.9675      -187.8471      -191.0864

WRITING EXTENDED SYSTEM TO RESTART FILE AT STEP 45500
WRITING COORDINATES TO DCD FILE water_simulation.dcd AT STEP 45500
WRITING COORDINATES TO RESTART FILE AT STEP 45500
FINISHED WRITING RESTART COORDINATES
WRITING VELOCITIES TO DCD FILE AT STEP 45500
WRITING VELOCITIES TO RESTART FILE AT STEP 45500
FINISHED WRITING RESTART VELOCITIES
PRESSURE: 45600 540.258 2057.12 -426.157 2057.12 -101.155 1688.13 -426.157 1688.13 3582.93
GPRESSURE: 45600 3227.03 838.875 -226.36 -455.781 -859.606 -134.985 -701.958 -429.561 2732.36
PRESSAVG: 45600 -212.679 107.771 -58.1837 107.771 -628.682 485.377 -58.1837 485.377 675.228
GPRESSAVG: 45600 -255.366 182.223 -85.1355 125.375 -587.25 441.53 -13.349 446.194 688.846
ENERGY:   45600       226.0282       126.2381         0.0000         0.0000          -2960.8288       354.6701         0.0000         0.0000       606.6750          -1647.2174       291.1710     -2253.8924     -1642.3799       292.4381           1340.6769      1699.9259      6716.6265       -55.3779       -51.2568

PRESSURE: 45700 -407.049 313.553 -2078.86 313.553 1091.41 3478.56 -2078.86 3478.56 -13.3584
GPRESSURE: 45700 -363.9 -1026.55 -337.477 -1498.62 713.72 1375.83 -226.142 1260.27 -1543.63
PRESSAVG: 45700 171.876 -417.705 -85.0889 -417.705 17.5249 -77.264 -85.0889 -77.264 -104.448
GPRESSAVG: 45700 272.055 -519.156 -30.6676 -459.266 -87.5785 -132.832 -111.736 -117.319 -147.23
ENERGY:   45700       222.3711       148.2464         0.0000         0.0000          -2951.8554       318.6312         0.0000         0.0000       603.2428          -1659.3639       289.5237     -2262.6067     -1653.7127       291.1626            223.6673      -397.9369      6759.1364        28.3177        12.4155

PRESSURE: 45800 356.662 -2371.8 -2272.08 -2371.8 -681.644 -565.805 -2272.08 -565.805 -513.4
GPRESSURE: 45800 -560.156 204.921 -713.171 -658.978 -687.73 613.737 -1473.88 344.209 -1513.22
PRESSAVG: 45800 199.251 283.017 107.86 283.017 -419.88 -206.152 107.86 -206.152 101.808
GPRESSAVG: 45800 104.87 407.551 94.0204 277.383 -369.066 -127.042 107.225 -198.347 129.342
ENERGY:   45800       224.3887       133.9766         0.0000         0.0000          -2941.0291       316.9398         0.0000         0.0000       600.3878          -1665.3362       288.1535     -2265.7240     -1659.3353       289.0960           -279.4603      -920.3693      6911.3934       -39.6070       -44.9511

PRESSURE: 45900 950.101 3059.45 2235.91 3059.45 1585.5 -696.622 2235.91 -696.622 -639.198
GPRESSURE: 45900 1354.88 1883.26 -194.111 1632.76 971.227 5.04823 423.365 791.323 -1172.59
PRESSAVG: 45900 204.669 194.915 265.403 194.915 871.42 470.271 265.403 470.271 -1230.38
GPRESSAVG: 45900 247.397 53.2134 301.161 88.1102 812.789 328.238 232.574 541.751 -1213.01
ENERGY:   45900       210.1451       123.0287         0.0000         0.0000          -2926.8799       336.7741         0.0000         0.0000       591.3536          -1665.5784       283.8175     -2256.9320     -1659.7156       288.5940            632.1338       384.5068      6831.6360       -51.4303       -50.9405

PRESSURE: 46000 1218.75 -4287 -1327.86 -4287 -26.7033 -2151.84 -1327.86 -2151.84 5524.34
GPRESSURE: 46000 2903.47 -682.311 -1518 -918.109 679.066 503.795 -418.708 101.571 1664.3
PRESSAVG: 46000 968.654 272.197 232.751 272.197 -149.148 184.152 232.751 184.152 -849.508
GPRESSAVG: 46000 923.705 260.573 104.89 370.542 -41.0026 243.594 223.409 244.723 -912.981
TIMING: 46000  CPU: 225.828, 0.005366/step  Wall: 225.828, 0.005366/step, 0.0806391 hours remaining, 6.375000 MB of memory in use.
ETITLE:      TS           BOND          ANGLE          DIHED          IMPRP               ELECT            VDW       BOUNDARY           MISC        KINETIC               TOTAL           TEMP      POTENTIAL         TOTAL3        TEMPAVG            PRESSURE      GPRESSURE         VOLUME       PRESSAVG      GPRESSAVG

ENERGY:   46000       220.0778       112.9818         0.0000         0.0000          -2981.9225       368.4968         0.0000         0.0000       620.7987          -1659.5674       297.9496     -2280.3661     -1654.4393       285.9028           2238.7963      1748.9446      6746.9287       -10.0007       -10.0929

WRITING EXTENDED SYSTEM TO RESTART FILE AT STEP 46000
WRITING COORDINATES TO DCD FILE water_simulation.dcd AT STEP 46000
WRITING COORDINATES TO RESTART FILE AT STEP 46000
FINISHED WRITING RESTART COORDINATES
WRITING VELOCITIES TO DCD FILE AT STEP 46000
WRITING VELOCITIES TO RESTART FILE AT STEP 46000
FINISHED WRITING RESTART VELOCITIES
PRESSURE: 46100 215.802 423.474 -1621.45 423.474 -3082.34 -2467.49 -1621.45 -2467.49 906.939
GPRESSURE: 46100 -639.83 -226.737 -137.667 874.701 331.666 -183.499 -248.665 -834.376 -997.101
PRESSAVG: 46100 303.498 54.059 -620.919 54.059 746.898 -303.915 -620.919 -303.915 -1155.33
GPRESSAVG: 46100 324.945 141.809 -519.448 58.0438 745.617 -254.022 -512.68 -361.475 -1085.02
ENERGY:   46100       225.9151       122.6705         0.0000         0.0000          -2916.6504       320.6325         0.0000         0.0000       597.2103          -1650.2221       286.6284     -2247.4324     -1645.4811       290.5730           -653.2008      -435.0883      6876.5968       -34.9777        -4.8201

LDB: ============= START OF LOAD BALANCING ============== 226.628
LDB: ============== END OF LOAD BALANCING =============== 226.628
LDB: =============== DONE WITH MIGRATION ================ 226.629
LDB: ============= START OF LOAD BALANCING ============== 226.946
LDB: ============== END OF LOAD BALANCING =============== 226.946
LDB: =============== DONE WITH MIGRATION ================ 226.946
PRESSURE: 46200 343.658 -217.707 -688.923 -217.707 533.873 2106.24 -688.923 2106.24 -45.9331
GPRESSURE: 46200 -249.355 -411.926 -1216.72 -1097.47 -860.148 374.304 -388.372 177.254 1870.02
PRESSAVG: 46200 -261.476 -192.528 524.273 -192.528 -45.0771 507.222 524.273 507.222 511.312
GPRESSAVG: 46200 -305.695 -138.759 538.167 -143.629 -26.3516 463.575 491.66 453.172 547.401
ENERGY:   46200       232.6214       156.8563         0.0000         0.0000          -3007.2983       345.9882         0.0000         0.0000       619.0891          -1652.7433       297.1290     -2271.8324     -1647.3746       295.1698            277.1993       253.5045      6777.2607        68.2530        71.7850

PRESSURE: 46300 -0.385162 1144.63 3073.58 1144.63 4123.03 -41.6119 3073.58 -41.6119 -1428.19
GPRESSURE: 46300 2800.58 -220.039 426.55 -1174.4 255.015 -255.342 563.648 192.405 -1090.18
PRESSAVG: 46300 -46.7479 -175.075 94.2573 -175.075 -725.079 533.061 94.2573 533.061 252.95
GPRESSAVG: 46300 16.9414 -176.206 94.1586 -209.167 -859.738 511.18 26.8159 526.81 273.709
ENERGY:   46300       222.7391       116.0602         0.0000         0.0000          -2947.4783       344.1633         0.0000         0.0000       613.9678          -1650.5479       294.6711     -2264.5157     -1644.3968       293.6512            898.1485       655.1393      6869.7813      -172.9590      -189.6960

PRESSURE: 46400 -2514.31 -1116.1 446.178 -1116.1 675.121 -1446.54 446.178 -1446.54 1915.21
GPRESSURE: 46400 -630.96 -1112.96 6.98153 -266.482 -30.9575 -54.23 357.953 221.774 -166.134
PRESSAVG: 46400 -34.7994 -338.111 490.161 -338.111 -67.5084 -126.182 490.161 -126.182 188.632
GPRESSAVG: 46400 -36.9702 -424.481 412.64 -420.935 40.0387 -110.299 537.913 -93.8361 132.96
ENERGY:   46400       216.5970       132.7874         0.0000         0.0000          -2966.9787       327.2491         0.0000         0.0000       623.9298          -1666.4154       299.4523     -2290.3452     -1661.1258       296.2990             25.3420      -276.0172      6866.6117        28.7747        45.3430

PRESSURE: 46500 1519.41 166.942 1133.23 166.942 1928.47 71.8445 1133.23 71.8445 -2216.65
GPRESSURE: 46500 -965.363 1392.01 631.055 1651.72 -834.204 -1025.74 78.6827 -191.811 -1669.31
PRESSAVG: 46500 -1001.13 -225.953 -275.896 -225.953 145.62 619.182 -275.896 619.182 330.077
GPRESSAVG: 46500 -984.95 -112.438 -238.282 -168.389 131.625 586.733 -263.224 642.264 331.956
ENERGY:   46500       205.3839       148.1406         0.0000         0.0000          -2935.7533       304.4396         0.0000         0.0000       603.3039          -1674.4853       289.5530     -2277.7892     -1668.0996       291.5223            410.4108     -1156.2919      6855.1205      -175.1459      -173.7898

WRITING EXTENDED SYSTEM TO RESTART FILE AT STEP 46500
WRITING COORDINATES TO DCD FILE water_simulation.dcd AT STEP 46500
WRITING COORDINATES TO RESTART FILE AT STEP 46500
FINISHED WRITING RESTART COORDINATES
WRITING VELOCITIES TO DCD FILE AT STEP 46500
WRITING VELOCITIES TO RESTART FILE AT STEP 46500
FINISHED WRITING RESTART VELOCITIES
PRESSURE: 46600 1149.35 -650.891 -940.301 -650.891 1845.66 639.829 -940.301 639.829 1211.06
GPRESSURE: 46600 -428.003 -952.446 288.395 -1523.3 -1027.58 -404.395 309.186 -843.229 -148.021
PRESSAVG: 46600 -707.575 221.013 -15.6262 221.013 -274.817 261.777 -15.6262 261.777 714.687
GPRESSAVG: 46600 -718.619 142.509 -37.1817 245.928 -339.537 380.554 -52.0075 285.707 745.213
ENERGY:   46600       224.5086       118.5014         0.0000         0.0000          -2948.1780       315.1223         0.0000         0.0000       624.4074          -1665.6383       299.6816     -2290.0457     -1660.2574       294.0709           1402.0218      -534.5342      6759.8546       -89.2352      -104.3147

PRESSURE: 46700 1676.07 -678.054 -1976.29 -678.054 -1927.82 3203.81 -1976.29 3203.81 1218.12
GPRESSURE: 46700 -127.106 1371.86 -684.099 1051.49 -1133.14 852.9 -660.254 1213.46 -1489.65
PRESSAVG: 46700 685.37 -380.322 382.181 -380.322 373.486 -84.8883 382.181 -84.8883 -714.231
GPRESSAVG: 46700 726.897 -408.313 409.383 -375.622 386.681 -126.073 388.963 -170.476 -739.055
ENERGY:   46700       221.9361       139.8913         0.0000         0.0000          -2940.4194       308.0931         0.0000         0.0000       613.3925          -1657.1064       294.3950     -2270.4989     -1652.2522       299.6623            322.1234      -916.6328      6867.2762       114.8748       124.8411

PRESSURE: 46800 2992.27 739.766 999.784 739.766 -201.694 1564.32 999.784 1564.32 2249.18
GPRESSURE: 46800 1108.56 1704.69 28.4083 842.971 900.583 -61.8075 1103.32 434.248 -751.9
PRESSAVG: 46800 26.6011 783.321 -117.117 783.321 -70.2098 401.673 -117.117 401.673 -28.1237
GPRESSAVG: 46800 -25.4075 928.905 -166.108 885.847 12.7773 283.228 -57.2966 452.779 -72.0633
ENERGY:   46800       216.5845       126.2524         0.0000         0.0000          -2970.3169       337.3548         0.0000         0.0000       626.5317          -1663.5935       300.7011     -2290.1252     -1658.0774       291.1351           1679.9187       419.0819      6748.6181       -23.9108       -28.2312

PRESSURE: 46900 3712.71 4232.98 -1695.87 4232.98 1529.05 -485.093 -1695.87 -485.093 847.704
GPRESSURE: 46900 967.956 563.742 -1344.21 834.962 -561.447 -646.91 -1263.93 301.766 1781.63
PRESSAVG: 46900 182.201 221.279 749.547 221.279 -407.744 174.346 749.547 174.346 207.453
GPRESSAVG: 46900 206.907 108.347 752.641 75.6351 -440.584 226.187 704.484 191.847 244.107
ENERGY:   46900       231.2166       119.6922         0.0000         0.0000          -2982.1930       353.3721         0.0000         0.0000       620.0230          -1657.8891       297.5772     -2277.9121     -1653.2624       289.7536           2029.8197       729.3804      6823.2311        -6.0299         3.4768

PRESSURE: 47000 913.972 -443.69 -2427.94 -443.69 1439.71 1465.59 -2427.94 1465.59 3807.8
GPRESSURE: 47000 -68.397 192.453 -980.248 -68.6871 866.51 338.017 -1473.97 143.818 1922.4
PRESSAVG: 47000 -525.779 665.759 -921.122 665.759 -56.4587 156.538 -921.122 156.538 1076.67
GPRESSAVG: 47000 -504.043 704.704 -805.721 682.228 -27.8918 123.497 -902.936 66.8815 1037.22
TIMING: 47000  CPU: 230.572, 0.004744/step  Wall: 230.572, 0.004744/step, 0.069974 hours remaining, 6.375000 MB of memory in use.
ETITLE:      TS           BOND          ANGLE          DIHED          IMPRP               ELECT            VDW       BOUNDARY           MISC        KINETIC               TOTAL           TEMP      POTENTIAL         TOTAL3        TEMPAVG            PRESSURE      GPRESSURE         VOLUME       PRESSAVG      GPRESSAVG

ENERGY:   47000       217.3189       123.5451         0.0000         0.0000          -2939.4005       347.6374         0.0000         0.0000       605.9164          -1644.9827       290.8069     -2250.8990     -1639.8069       294.8333           2053.8277       906.8373      6812.9199       164.8098       168.4281

WRITING EXTENDED SYSTEM TO RESTART FILE AT STEP 47000
WRITING COORDINATES TO DCD FILE water_simulation.dcd AT STEP 47000
WRITING COORDINATES TO RESTART FILE AT STEP 47000
FINISHED WRITING RESTART COORDINATES
WRITING VELOCITIES TO DCD FILE AT STEP 47000
WRITING VELOCITIES TO RESTART FILE AT STEP 47000
FINISHED WRITING RESTART VELOCITIES
PRESSURE: 47100 2503.24 -1879.22 2441.28 -1879.22 1523.12 -366.565 2441.28 -366.565 3403.69
GPRESSURE: 47100 1749.77 64.4571 379.973 1006 -277.583 -187.961 1087.7 -190.569 1659.6
PRESSAVG: 47100 567.818 735.885 20.7865 735.885 -1224.53 139.594 20.7865 139.594 898.525
GPRESSAVG: 47100 553.213 732.089 -52.8771 805.608 -1223.6 206.457 -50.7554 239.358 924.755
ENERGY:   47100       222.3558       137.4011         0.0000         0.0000          -2960.4244       345.2756         0.0000         0.0000       612.8240          -1642.5680       294.1221     -2255.3920     -1637.3865       296.2149           2476.6874      1043.9281      6713.5235        80.6034        84.7892

PRESSURE: 47200 321.276 2949.29 763.712 2949.29 1906.89 664.122 763.712 664.122 4130.87
GPRESSURE: 47200 230.615 2303.6 283.918 2823.88 -379.138 394.43 685.77 1010.71 -416.755
PRESSAVG: 47200 -518.583 676.247 -34.1038 676.247 565.33 -207.049 -34.1038 -207.049 -269.051
GPRESSAVG: 47200 -523.696 740.129 -60.3837 605.542 575.888 -160.636 2.97411 -334.679 -277.405
ENERGY:   47200       214.5335       139.7001         0.0000         0.0000          -2913.1322       308.5327         0.0000         0.0000       614.4799          -1635.8860       294.9169     -2250.3659     -1630.8127       299.8201           2119.6771      -188.4262      6691.6588       -74.1014       -75.0707

PRESSURE: 47300 2646.26 546.878 2334.82 546.878 3106.93 -635.851 2334.82 -635.851 2210.64
GPRESSURE: 47300 53.8695 -61.2004 468.616 -849.143 -666.476 1030.73 495.898 474.073 611.043
PRESSAVG: 47300 -282.972 349.806 -570.75 349.806 349.374 203.885 -570.75 203.885 235.136
GPRESSAVG: 47300 -245.519 302.143 -493.492 298.988 233.318 216.51 -557.968 354.435 239.085
ENERGY:   47300       212.5438       130.6245         0.0000         0.0000          -2949.7086       323.7628         0.0000         0.0000       645.7530          -1637.0245       309.9263     -2282.7775     -1631.2011       302.6405           2654.6110        -0.5212      6737.8371       100.5125        75.6277

PRESSURE: 47400 3859.22 -1759.18 171.2 -1759.18 -2207.9 2692.81 171.2 2692.81 2943.04
GPRESSURE: 47400 -2365.65 -836.058 641.315 -998.268 -1172.86 327.794 682.595 556.082 -496.917
PRESSAVG: 47400 208.446 -329.095 415.542 -329.095 -145.657 334.247 415.542 334.247 263.516
GPRESSAVG: 47400 135.516 -288.98 366.929 -249.559 -116.297 324.272 414.563 250.527 332.742
ENERGY:   47400       216.8997       132.9793         0.0000         0.0000          -2887.2244       288.8021         0.0000         0.0000       599.5783          -1648.9651       287.7649     -2248.5434     -1644.7434       300.8091           1531.4531     -1345.1423      6842.7110       108.7683       117.3201

PRESSURE: 47500 -890.338 -576.699 291.172 -576.699 2078.1 2332.66 291.172 2332.66 6664.85
GPRESSURE: 47500 -1294.06 -535.906 23.3794 -1223.52 -478.068 568.631 284.409 285.229 1612.99
PRESSAVG: 47500 348.213 -450.88 1016.7 -450.88 -1285.54 405.657 1016.7 405.657 729.199
GPRESSAVG: 47500 376.348 -435.573 944.31 -456.887 -1241.05 331.577 1035.05 401.666 677.178
ENERGY:   47500       209.8615       147.1815         0.0000         0.0000          -2957.8219       328.2303         0.0000         0.0000       623.5836          -1648.9651       299.2861     -2272.5486     -1643.8605       297.6297           2617.5382       -53.0457      6782.5805       -69.3771       -62.5092

WRITING EXTENDED SYSTEM TO RESTART FILE AT STEP 47500
WRITING COORDINATES TO DCD FILE water_simulation.dcd AT STEP 47500
WRITING COORDINATES TO RESTART FILE AT STEP 47500
FINISHED WRITING RESTART COORDINATES
WRITING VELOCITIES TO DCD FILE AT STEP 47500
WRITING VELOCITIES TO RESTART FILE AT STEP 47500
FINISHED WRITING RESTART VELOCITIES
PRESSURE: 47600 3585.24 -1994.42 4100.9 -1994.42 -685.842 -443.341 4100.9 -443.341 4121.55
GPRESSURE: 47600 -706.228 -910.577 1022.1 -747.46 -1839.75 -205.941 1148.35 24.73 -466.193
PRESSAVG: 47600 -282.45 -272.287 -5.44273 -272.287 173.09 -432.674 -5.44273 -432.674 434.347
GPRESSAVG: 47600 -177.984 -365.903 49.1973 -245.502 120.3 -444.484 -65.3252 -372.884 361.597
ENERGY:   47600       210.1093       135.9981         0.0000         0.0000          -2917.9414       302.9926         0.0000         0.0000       626.9499          -1641.8915       300.9018     -2268.8414     -1636.2081       299.3324           2340.3148     -1004.0553      6800.5272       108.3290       101.3045

PRESSURE: 47700 5998.45 -1660.84 -898.984 -1660.84 5185.73 -28.3135 -898.984 -28.3135 528.136
GPRESSURE: 47700 -446.666 -719.266 -585.585 -1304.17 -591.968 -1071.97 -625.063 -889.112 -532.993
PRESSAVG: 47700 412.949 -956.373 -75.9537 -956.373 -353.061 -576.766 -75.9537 -576.766 -159.139
GPRESSAVG: 47700 286.007 -958.416 -69.1223 -955.816 -296.022 -584.343 -97.375 -608.794 -131.256
ENERGY:   47700       200.8793       141.3700         0.0000         0.0000          -2907.5672       308.7577         0.0000         0.0000       622.5222          -1634.0380       298.7768     -2256.5603     -1628.1082       296.9141           3904.1053      -523.8758      6833.5690       -33.0837       -47.0905

PRESSURE: 47800 6373.67 -1032.76 -2352.09 -1032.76 3698.03 -325.179 -2352.09 -325.179 2455.84
GPRESSURE: 47800 1831.33 -1435.6 42.248 -470.703 403.891 -382.359 -280.46 -437.659 234.588
PRESSAVG: 47800 636.088 -677.409 -3.62138 -677.409 256.637 -23.169 -3.62138 -23.169 -1415.99
GPRESSAVG: 47800 629.976 -669.875 18.9636 -600.068 176.349 46.4975 55.3117 -114.113 -1319.97
ENERGY:   47800       206.7592       139.7094         0.0000         0.0000          -2941.0099       342.2086         0.0000         0.0000       608.8517          -1643.4810       292.2156     -2252.3327     -1637.2786       295.4443           4175.8504       823.2697      6770.1816      -174.4212      -171.2133

PRESSURE: 47900 8138.39 -928.254 -730.456 -928.254 3586.39 -2582.54 -730.456 -2582.54 11050.9
GPRESSURE: 47900 4006.97 -2757.41 -405.358 -1342.49 4248.96 -963.701 302.396 -849.093 5034.49
PRESSAVG: 47900 558.535 206.788 -54.4501 206.788 -642.512 -991.079 -54.4501 -991.079 191.481
GPRESSAVG: 47900 511.167 262.415 -87.8147 97.77 -543.741 -987.767 5.38216 -907.502 85.893
ENERGY:   47900       208.8211       131.9553         0.0000         0.0000          -3009.3350       420.5367         0.0000         0.0000       610.0951          -1637.9268       292.8124     -2248.0219     -1631.8534       297.4597           7591.9048      4430.1405      6590.8115        35.8344        17.7730

PRESSURE: 48000 3097.57 768.528 656.047 768.528 4545.98 2339.29 656.047 2339.29 1580.19
GPRESSURE: 48000 1627.62 437.868 1061 -133.974 -376.456 787.386 2084.53 664.692 307.064
PRESSAVG: 48000 217.546 -1067.97 579.663 -1067.97 -104.216 61.6614 579.663 61.6614 -505.295
GPRESSAVG: 48000 269.839 -1209.34 607.538 -1070.21 -145.41 25.622 463.381 20.3148 -492.787
TIMING: 48000  CPU: 235.771, 0.005199/step  Wall: 235.77, 0.005198/step, 0.0752266 hours remaining, 6.375000 MB of memory in use.
ETITLE:      TS           BOND          ANGLE          DIHED          IMPRP               ELECT            VDW       BOUNDARY           MISC        KINETIC               TOTAL           TEMP      POTENTIAL         TOTAL3        TEMPAVG            PRESSURE      GPRESSURE         VOLUME       PRESSAVG      GPRESSAVG

ENERGY:   48000       223.8309       132.0236         0.0000         0.0000          -2954.1746       340.2443         0.0000         0.0000       626.7607          -1631.3150       300.8110     -2258.0757     -1626.1240       302.8031           3074.5779       519.4086      6741.7045      -130.6549      -122.7862

WRITING EXTENDED SYSTEM TO RESTART FILE AT STEP 48000
WRITING COORDINATES TO DCD FILE water_simulation.dcd AT STEP 48000
WRITING COORDINATES TO RESTART FILE AT STEP 48000
FINISHED WRITING RESTART COORDINATES
WRITING VELOCITIES TO DCD FILE AT STEP 48000
WRITING VELOCITIES TO RESTART FILE AT STEP 48000
FINISHED WRITING RESTART VELOCITIES
PRESSURE: 48100 1121.76 517.738 -1432.49 517.738 6934.02 -2369.57 -1432.49 -2369.57 4260.44
GPRESSURE: 48100 509.692 -568.707 -666.468 671 3322.26 -715.658 -995.637 -1276.37 345.217
PRESSAVG: 48100 -1050.21 -582.931 -429.471 -582.931 -207.95 43.101 -429.471 43.101 349.183
GPRESSAVG: 48100 -1010.96 -466.041 -429.62 -480.898 -339.33 27.3308 -350.761 33.6861 391.117
ENERGY:   48100       222.2146       158.6787         0.0000         0.0000          -2991.3758       357.5355         0.0000         0.0000       609.4917          -1643.4553       292.5228     -2252.9470     -1638.1649       298.0887           4105.4085      1392.3903      6658.2216      -302.9939      -319.7240

LDB: ============= START OF LOAD BALANCING ============== 236.673
LDB: ============== END OF LOAD BALANCING =============== 236.673
LDB: =============== DONE WITH MIGRATION ================ 236.673
LDB: ============= START OF LOAD BALANCING ============== 236.993
LDB: ============== END OF LOAD BALANCING =============== 236.993
LDB: =============== DONE WITH MIGRATION ================ 236.993
PRESSURE: 48200 4943.88 429.123 -1669.92 429.123 2302.07 -687.713 -1669.92 -687.713 4539.97
GPRESSURE: 48200 2392.66 179.331 -1038.86 914.014 1147.06 723.14 -1815.09 -91.9204 1839.49
PRESSAVG: 48200 610.453 -112.071 -479.888 -112.071 -648.484 55.2061 -479.888 55.2061 -7.43865
GPRESSAVG: 48200 591.252 -105.508 -432.459 -184.534 -554.767 91.2076 -559.478 79.4115 -64.9137
ENERGY:   48200       206.4128       138.4246         0.0000         0.0000          -2991.5821       355.8818         0.0000         0.0000       642.8249          -1648.0379       308.5209     -2290.8628     -1640.8044       298.4334           3928.6390      1793.0702      6541.8393       -15.1567        -9.4762

PRESSURE: 48300 5393.17 -127.255 964.365 -127.255 3303.75 1856.59 964.365 1856.59 -2869.69
GPRESSURE: 48300 -305.614 -325.002 -99.5539 -900.622 3231.13 -581.751 13.9627 -100.76 -1916.92
PRESSAVG: 48300 181.345 -898.509 -1203.29 -898.509 907.335 -50.3324 -1203.29 -50.3324 -223.687
GPRESSAVG: 48300 98.3323 -917.271 -1210.93 -906.218 948.454 -8.70727 -1092.23 -34.707 -162.295
ENERGY:   48300       237.5452       132.9767         0.0000         0.0000          -2971.2090       330.5626         0.0000         0.0000       628.7792          -1641.3452       301.7798     -2270.1244     -1636.8899       302.9379           1942.4098       336.1961      6681.3925       288.3310       294.8305

PRESSURE: 48400 1936.49 -1090.41 2087.22 -1090.41 4402.35 1444.53 2087.22 1444.53 1532.27
GPRESSURE: 48400 218.511 -1889.08 -33.665 -1778.13 677.604 -131.566 -759.25 -373.097 751.649
PRESSAVG: 48400 59.9693 342.309 29.6328 342.309 868.537 276.747 29.6328 276.747 -883.808
GPRESSAVG: 48400 120.452 290.112 32.2695 422.475 788.833 160.234 -12.0077 216.736 -856.303
ENERGY:   48400       204.8577       146.7182         0.0000         0.0000          -3003.4740       343.1053         0.0000         0.0000       668.1645          -1640.6283       320.6826     -2308.7928     -1633.1080       306.5510           2623.7024       549.2544      6665.2650        14.8995        17.6604

PRESSURE: 48500 2892.14 1854.67 -2189.84 1854.67 -973.261 1291.22 -2189.84 1291.22 1681.09
GPRESSURE: 48500 -314.656 1174.69 -99.9262 388.859 292.084 321.141 -2009.53 396.817 -53.0611
PRESSAVG: 48500 548.823 -324.006 -527.606 -324.006 -189.417 -115.918 -527.606 -115.918 242.029
GPRESSAVG: 48500 582.919 -306.778 -633.093 -458.761 -146.111 -41.2324 -589.964 -125.066 143.067
ENERGY:   48500       234.5599       137.9539         0.0000         0.0000          -2930.0939       325.5698         0.0000         0.0000       595.8954          -1636.1148       285.9973     -2232.0102     -1631.4448       302.1532           1199.9912       -25.2111      6759.7858       200.4782       193.2916

WRITING EXTENDED SYSTEM TO RESTART FILE AT STEP 48500
WRITING COORDINATES TO DCD FILE water_simulation.dcd AT STEP 48500
WRITING COORDINATES TO RESTART FILE AT STEP 48500
FINISHED WRITING RESTART COORDINATES
WRITING VELOCITIES TO DCD FILE AT STEP 48500
WRITING VELOCITIES TO RESTART FILE AT STEP 48500
FINISHED WRITING RESTART VELOCITIES
PRESSURE: 48600 4083.08 -1352.57 -2404.64 -1352.57 2954.41 -456.657 -2404.64 -456.657 652.347
GPRESSURE: 48600 1238.04 -874.12 -1201.53 -1931.17 63.9508 650.87 -700.721 -846.376 361.433
PRESSAVG: 48600 -892.085 835.535 -336.405 835.535 980.417 428.955 -336.405 428.955 -126.896
GPRESSAVG: 48600 -943.768 785.99 -271.733 942.184 995.803 428.782 -239.888 531.866 -73.5951
ENERGY:   48600       219.1717       127.1298         0.0000         0.0000          -2976.7687       337.1301         0.0000         0.0000       663.6891          -1629.6480       318.5346     -2293.3371     -1622.9238       302.3659           2563.2776       554.4762      6617.7684       -12.8547        -7.1868

PRESSURE: 48700 1810.51 811.891 1876.25 811.891 4292.81 1817.81 1876.25 1817.81 2379.77
GPRESSURE: 48700 -397.291 367.465 -454.063 -20.2841 597.669 1193.85 23.146 482.93 239.569
PRESSAVG: 48700 809.272 -101.231 483.898 -101.231 42.6737 -415.569 483.898 -415.569 -638.836
GPRESSAVG: 48700 833.949 -48.1709 439.086 -205.541 89.1322 -450.084 402.353 -561.049 -686.719
ENERGY:   48700       207.7711       129.8377         0.0000         0.0000          -2931.6472       317.9829         0.0000         0.0000       648.5284          -1627.5271       311.2583     -2276.0554     -1620.8814       305.1069           2827.6955       146.6487      6641.6232        71.0367        78.7874

PRESSURE: 48800 183.04 2502.87 1091.35 2502.87 4768.89 2340.39 1091.35 2340.39 -209.929
GPRESSURE: 48800 -2049.41 1739.28 -693.711 1708.16 22.5446 985.826 -1416.58 1524.32 -2035.94
PRESSAVG: 48800 201.735 -563.708 -678.512 -563.708 371.919 607.259 -678.512 607.259 -421.225
GPRESSAVG: 48800 206.482 -612.647 -695.115 -538.526 348.313 604.164 -618.714 699.77 -376.556
ENERGY:   48800       213.3565       130.8432         0.0000         0.0000          -2827.6585       266.7873         0.0000         0.0000       600.7007          -1615.9708       288.3036     -2216.6715     -1610.7572       305.2339           1580.6657     -1354.2682      6719.5488        50.8094        59.4130

PRESSURE: 48900 3831.45 957.365 -1374.7 957.365 5705.5 1634.32 -1374.7 1634.32 6766.28
GPRESSURE: 48900 3003.17 1062.96 -2206.98 2286.55 736.285 674.774 -122.519 1883.46 2469.27
PRESSAVG: 48900 408.672 206.62 432.555 206.62 -383.343 -49.5838 432.555 -49.5838 528.546
GPRESSAVG: 48900 391.688 308.747 488.128 251.244 -365.34 -43.5741 397.774 -98.4703 522.176
ENERGY:   48900       205.3242       121.6429         0.0000         0.0000          -2984.3350       363.9503         0.0000         0.0000       666.7038          -1626.7138       319.9815     -2293.4176     -1619.6773       304.6720           5434.4070      2069.5742      6570.3553       184.6249       182.8414

PRESSURE: 49000 4962.37 -500.332 1908.63 -500.332 5464.18 1598.92 1908.63 1598.92 918.97
GPRESSURE: 49000 913.63 -203.377 458.714 -136.215 2357.04 -655.116 -350.565 -1406.13 -1096.22
PRESSAVG: 49000 1079.75 417.398 -382.485 417.398 190.057 975.689 -382.485 975.689 -1655.33
GPRESSAVG: 49000 1079.96 391.354 -298.053 345.823 186.275 900.876 -440.799 1010.26 -1678.86
TIMING: 49000  CPU: 241.207, 0.005436/step  Wall: 241.207, 0.005437/step, 0.0771752 hours remaining, 6.375000 MB of memory in use.
ETITLE:      TS           BOND          ANGLE          DIHED          IMPRP               ELECT            VDW       BOUNDARY           MISC        KINETIC               TOTAL           TEMP      POTENTIAL         TOTAL3        TEMPAVG            PRESSURE      GPRESSURE         VOLUME       PRESSAVG      GPRESSAVG

ENERGY:   49000       215.5913       149.3014         0.0000         0.0000          -2954.4563       340.8275         0.0000         0.0000       624.5256          -1624.2104       299.7383     -2248.7360     -1618.4688       305.4457           3781.8382       724.8153      6694.3982      -128.5090      -137.5416

WRITING EXTENDED SYSTEM TO RESTART FILE AT STEP 49000
WRITING COORDINATES TO DCD FILE water_simulation.dcd AT STEP 49000
WRITING COORDINATES TO RESTART FILE AT STEP 49000
FINISHED WRITING RESTART COORDINATES
WRITING VELOCITIES TO DCD FILE AT STEP 49000
WRITING VELOCITIES TO RESTART FILE AT STEP 49000
FINISHED WRITING RESTART VELOCITIES
PRESSURE: 49100 5700.72 59.3278 -2542.79 59.3278 2620.52 -1830.3 -2542.79 -1830.3 -1064.12
GPRESSURE: 49100 -322.366 308.403 -1974.73 -615.916 529.092 -13.5616 -1980.12 382.104 -2492.67
PRESSAVG: 49100 334.348 443.587 -523.526 443.587 1213.69 -121.04 -523.526 -121.04 -1173.49
GPRESSAVG: 49100 370.219 381.154 -595.936 537.919 1144.73 -86.7775 -456.312 -106.325 -1118.42
ENERGY:   49100       221.5090       146.9659         0.0000         0.0000          -2952.9267       320.8949         0.0000         0.0000       638.9884          -1624.5685       306.6796     -2263.5569     -1619.6143       306.4407           2419.0379      -761.9830      6782.5086       124.8466       132.1757

PRESSURE: 49200 1623.34 264.028 -1577.76 264.028 3773.55 -2934.08 -1577.76 -2934.08 3420.31
GPRESSURE: 49200 -732.279 -556.559 -1245.38 -690.777 519.253 -1052.9 -1663.45 -1062.98 -233.622
PRESSAVG: 49200 -437.329 -475.689 -1340.18 -475.689 248.446 219.005 -1340.18 219.005 153.797
GPRESSAVG: 49200 -458.462 -401.227 -1414.83 -656.924 261.79 294.106 -1326.93 233.6 104.821
ENERGY:   49200       212.9610       123.8582         0.0000         0.0000          -2891.3619       308.5310         0.0000         0.0000       613.6341          -1632.3776       294.5109     -2246.0117     -1626.0076       299.9968           2939.0663      -148.8827      6700.4529       -11.6953       -30.6167

PRESSURE: 49300 -2312.51 -1382.12 -307.974 -1382.12 3764.29 -2041.34 -307.974 -2041.34 4046.59
GPRESSURE: 49300 -776.726 -154.251 -30.6173 518.96 625.344 -369.55 610.205 -531.764 -480.667
PRESSAVG: 49300 -567.413 823.117 -287.817 823.117 308.944 -631.683 -287.817 -631.683 161.615
GPRESSAVG: 49300 -492.508 798.413 -258.002 1032.88 308.432 -560.843 -324.609 -627.393 142.096
ENERGY:   49300       216.0220       144.4117         0.0000         0.0000          -2961.3127       327.0377         0.0000         0.0000       641.6028          -1632.2384       307.9344     -2273.8412     -1625.4072       298.3532           1832.7915      -210.6831      6733.3701       -32.2847       -13.9932

PRESSURE: 49400 2333.18 3350.78 -2346.88 3350.78 1271.15 782.789 -2346.88 782.789 -1363.68
GPRESSURE: 49400 -1907.33 -209.898 7.6395 530.504 -70.3825 206.952 -736.867 5.55411 40.1439
PRESSAVG: 49400 -1130.88 98.8795 -216.443 98.8795 1359.53 -1109.96 -216.443 -1109.96 -499.573
GPRESSAVG: 49400 -1097.91 146.036 -195.414 -52.1964 1270.51 -1203.96 -169.658 -1171.85 -466.3
ENERGY:   49400       228.8998       149.5115         0.0000         0.0000          -2946.2066       319.0412         0.0000         0.0000       611.9732          -1636.7809       293.7138     -2248.7541     -1632.2710       303.0082            746.8861      -645.8553      6777.0144       -90.3060       -97.9004

PRESSURE: 49500 7081.42 316.16 -1738.54 316.16 -4550.7 -991.082 -1738.54 -991.082 1220.39
GPRESSURE: 49500 -218.745 1283.08 -674.355 166.037 940.281 583.041 -954.447 -129.479 243.092
PRESSAVG: 49500 258.6 224.013 145.717 224.013 79.9391 -93.1317 145.717 -93.1317 -710.253
GPRESSAVG: 49500 88.8766 158.146 243.087 268.984 187.007 -66.4621 103.776 -91.0695 -576.919
ENERGY:   49500       219.8553       137.0703         0.0000         0.0000          -2953.2434       332.1178         0.0000         0.0000       623.7886          -1640.4113       299.3845     -2264.1999     -1634.6316       299.1697           1250.3696       321.5424      6679.9913      -123.9045      -100.3452

WRITING EXTENDED SYSTEM TO RESTART FILE AT STEP 49500
WRITING COORDINATES TO DCD FILE water_simulation.dcd AT STEP 49500
WRITING COORDINATES TO RESTART FILE AT STEP 49500
FINISHED WRITING RESTART COORDINATES
WRITING VELOCITIES TO DCD FILE AT STEP 49500
WRITING VELOCITIES TO RESTART FILE AT STEP 49500
FINISHED WRITING RESTART VELOCITIES
PRESSURE: 49600 993.036 -430.559 1196.38 -430.559 934.498 1504.97 1196.38 1504.97 4474.36
GPRESSURE: 49600 874.614 -310.675 -212.9 123.135 387.849 -364.046 196.615 752.721 427.684
PRESSAVG: 49600 -661.173 388.584 180.86 388.584 1136.12 -319.26 180.86 -319.26 -493.401
GPRESSAVG: 49600 -651.74 424.478 102.281 454.199 1202.8 -295.295 254.3 -246.705 -559.241
ENERGY:   49600       222.3524       138.6145         0.0000         0.0000          -2962.8595       335.4239         0.0000         0.0000       625.8131          -1640.6555       300.3562     -2266.4686     -1634.5570       302.2225           2133.9641       563.3820      6672.7194        -6.1508        -2.7281

PRESSURE: 49700 1501.7 -646.328 3174.45 -646.328 4176.37 1057.91 3174.45 1057.91 1356.09
GPRESSURE: 49700 889.91 -1020.39 49.2713 -28.7971 988.501 332.986 -108.857 767.179 358.67
PRESSAVG: 49700 460.171 -377.502 -797.478 -377.502 -322.719 609.105 -797.478 609.105 -86.2068
GPRESSAVG: 49700 631.061 -390.112 -835.039 -411.645 -362.885 477.779 -855.517 546.004 -206.218
ENERGY:   49700       233.0209       151.2999         0.0000         0.0000          -3004.1878       345.8914         0.0000         0.0000       635.3937          -1638.5818       304.9544     -2273.9756     -1633.6528       297.5556           2344.7226       745.6937      6622.6320        17.0819        20.6529

PRESSURE: 49800 4202.9 -2184.07 -666.537 -2184.07 2132.28 -340.951 -666.537 -340.951 521.103
GPRESSURE: 49800 2099.85 -1840.26 -979.498 -1866.75 1973.43 -469.985 -282.162 -308.698 -951.957
PRESSAVG: 49800 59.3067 -623.664 -471.991 -623.664 303.081 -419.438 -471.991 -419.438 61.8574
GPRESSAVG: 49800 -10.8107 -581.637 -519.037 -617.019 320.87 -404.359 -586.027 -387.521 120.271
ENERGY:   49800       220.3785       142.4884         0.0000         0.0000          -2979.9259       348.0932         0.0000         0.0000       639.8083          -1629.1574       307.0732     -2268.9658     -1623.5610       306.0128           2285.4294      1040.4418      6649.2520       141.4152       143.4432

PRESSURE: 49900 3358.62 -1397.05 -1995.99 -1397.05 675.456 -1866.44 -1995.99 -1866.44 2393.05
GPRESSURE: 49900 742.78 910.295 423.014 957.983 -602.01 -2174.18 774.111 -1733.87 81.8321
PRESSAVG: 49900 363.399 -66.7764 -416.8 -66.7764 582.074 -468.631 -416.8 -468.631 -956.722
GPRESSAVG: 49900 275.429 -82.2399 -304.533 -59.3666 606.465 -313.995 -282.136 -491.679 -889.427
ENERGY:   49900       226.8662       156.3207         0.0000         0.0000          -2943.7532       325.2174         0.0000         0.0000       616.6160          -1618.7330       295.9421     -2235.3490     -1612.9786       304.8968           2142.3770        74.2008      6689.9725        -3.7499        -2.5110

PRESSURE: 50000 3844.77 2201.21 3129.28 2201.21 1885.83 -183.706 3129.28 -183.706 6684.7
GPRESSURE: 50000 2082.37 2438.69 840.62 1399.51 593.87 1671.75 1489.03 -176.107 1503.44
PRESSAVG: 50000 825.619 909.706 -253.546 909.706 -580.38 -483.387 -253.546 -483.387 5.47703
GPRESSAVG: 50000 924.041 953.723 -278.307 912.742 -633.042 -473.014 -222.209 -488.564 -115.833
TIMING: 50000  CPU: 245.776, 0.004569/step  Wall: 245.776, 0.004569/step, 0.0635853 hours remaining, 6.375000 MB of memory in use.
ETITLE:      TS           BOND          ANGLE          DIHED          IMPRP               ELECT            VDW       BOUNDARY           MISC        KINETIC               TOTAL           TEMP      POTENTIAL         TOTAL3        TEMPAVG            PRESSURE      GPRESSURE         VOLUME       PRESSAVG      GPRESSAVG

ENERGY:   50000       219.2596       123.5244         0.0000         0.0000          -2899.6798       333.6863         0.0000         0.0000       627.1741          -1596.0353       301.0094     -2223.2095     -1590.1667       304.2110           4138.4369      1393.2265      6587.0314        83.5721        58.3885

WRITING EXTENDED SYSTEM TO RESTART FILE AT STEP 50000
WRITING COORDINATES TO DCD FILE water_simulation.dcd AT STEP 50000
WRITING COORDINATES TO RESTART FILE AT STEP 50000
FINISHED WRITING RESTART COORDINATES
WRITING VELOCITIES TO DCD FILE AT STEP 50000
WRITING VELOCITIES TO RESTART FILE AT STEP 50000
FINISHED WRITING RESTART VELOCITIES
PRESSURE: 50100 4225.25 640.243 2188.87 640.243 493.67 859.043 2188.87 859.043 793.968
GPRESSURE: 50100 254.693 -850.705 1341.01 -183.951 -778.014 -876.02 848.169 -855.698 -568.6
PRESSAVG: 50100 300.414 556.683 842.034 556.683 -609.045 -571.387 842.034 -571.387 120.034
GPRESSAVG: 50100 282.242 408.221 797.56 504.883 -615.176 -575.818 833.676 -559.029 152.869
ENERGY:   50100       232.5038       142.2615         0.0000         0.0000          -2908.2184       307.6162         0.0000         0.0000       628.4847          -1597.3523       301.6384     -2225.8370     -1592.7149       307.7682           1837.6281      -363.9737      6711.4455       -62.8654       -60.0217

LDB: ============= START OF LOAD BALANCING ============== 246.645
LDB: ============== END OF LOAD BALANCING =============== 246.645
LDB: =============== DONE WITH MIGRATION ================ 246.645
LDB: ============= START OF LOAD BALANCING ============== 246.887
LDB: ============== END OF LOAD BALANCING =============== 246.887
LDB: =============== DONE WITH MIGRATION ================ 246.887
PRESSURE: 50200 1141.28 -3035.42 -2010.71 -3035.42 298.851 1764.9 -2010.71 1764.9 1974.05
GPRESSURE: 50200 -1460.26 37.5289 -1196.67 123.895 -1153.86 -235.533 -464.35 -426.953 663.138
PRESSAVG: 50200 -68.1409 720.584 65.1268 720.584 -550.741 -439.427 65.1268 -439.427 322.325
GPRESSAVG: 50200 -48.221 750.031 104.292 719.864 -518.265 -577.291 145.281 -427.403 298.909
ENERGY:   50200       220.2656       151.5957         0.0000         0.0000          -2923.1226       300.9836         0.0000         0.0000       637.6658          -1612.6119       306.0449     -2250.2777     -1606.1062       305.6367           1138.0608      -650.3286      6683.8799       -98.8525       -89.1925

PRESSURE: 50300 -866.141 -2021.81 -1453.05 -2021.81 1129.54 -264.805 -1453.05 -264.805 667.767
GPRESSURE: 50300 -1190.78 -958.309 -1082.44 -172.326 -700.539 93.0514 -434.826 -697.758 -1832.86
PRESSAVG: 50300 -62.8193 -389.313 -228.919 -389.313 595.644 -1046.08 -228.919 -1046.08 -423.244
GPRESSAVG: 50300 -98.9907 -306.391 -157.196 -312.737 579.722 -1076.66 -310.437 -960.29 -304.214
ENERGY:   50300       222.2436       123.8602         0.0000         0.0000          -2875.4278       286.8117         0.0000         0.0000       636.1804          -1606.3318       305.3319     -2242.5122     -1600.6438       302.1188            310.3880     -1241.3930      6801.0014        36.5269        58.8390

PRESSURE: 50400 -3975 1603.77 -312.41 1603.77 3114.69 -1778.87 -312.41 -1778.87 824.964
GPRESSURE: 50400 -2243.66 -1254.55 -135.414 -731.473 112.526 -1358.72 420.541 -1385.39 -311.49
PRESSAVG: 50400 -776.964 -558.213 408.79 -558.213 -165.711 -365.595 408.79 -365.595 731.151
GPRESSAVG: 50400 -687.671 -647.662 333.836 -594.186 -200.631 -215.368 459.567 -410.331 688.032
ENERGY:   50400       227.8937       149.4962         0.0000         0.0000          -2899.8328       301.3593         0.0000         0.0000       618.7680          -1602.3155       296.9749     -2221.0835     -1596.4358       300.3672            -11.7841      -814.2069      6729.4906       -70.5082       -66.7569

PRESSURE: 50500 755.294 2644.1 373.442 2644.1 -4087.56 -926.256 373.442 -926.256 4473.52
GPRESSURE: 50500 -406.185 621.542 -1006.74 1107.57 -1041.46 -1155.84 -1359.72 -284.939 -64.0796
PRESSAVG: 50500 -972.719 141.174 -639.997 141.174 342.662 -741.008 -639.997 -741.008 587.286
GPRESSAVG: 50500 -1019.92 102.825 -626.59 109.474 386.887 -769.769 -752.421 -714.962 557.101
ENERGY:   50500       227.7838       150.8846         0.0000         0.0000          -2883.2970       297.1684         0.0000         0.0000       601.8601          -1605.6002       288.8600     -2207.4602     -1599.7987       297.0229            380.4183      -503.9095      6652.1785       -14.2571       -25.3118

WRITING EXTENDED SYSTEM TO RESTART FILE AT STEP 50500
WRITING COORDINATES TO DCD FILE water_simulation.dcd AT STEP 50500
WRITING COORDINATES TO RESTART FILE AT STEP 50500
FINISHED WRITING RESTART COORDINATES
WRITING VELOCITIES TO DCD FILE AT STEP 50500
WRITING VELOCITIES TO RESTART FILE AT STEP 50500
FINISHED WRITING RESTART VELOCITIES
PRESSURE: 50600 -713.767 -788.269 -1824.29 -788.269 3827.14 4630.81 -1824.29 4630.81 236.081
GPRESSURE: 50600 -1406.17 -3.85547 -803.187 -804.699 1888.16 1149.04 -1410.36 192.076 279.37
PRESSAVG: 50600 -491.673 -591.594 -433.906 -591.594 -350.081 -261.808 -433.906 -261.808 684.515
GPRESSAVG: 50600 -545.053 -496.767 -487.348 -571.955 -307.237 -287.566 -419.483 -383.807 712.293
ENERGY:   50600       230.3604       128.8621         0.0000         0.0000          -2887.3817       308.3115         0.0000         0.0000       619.5216          -1600.3261       297.3366     -2219.8477     -1595.0575       300.9398           1116.4853       253.7870      6592.9107       -52.4128       -46.6658

PRESSURE: 50700 1588.94 -3016.64 -3912.43 -3016.64 4669.66 2714.1 -3912.43 2714.1 4293.77
GPRESSURE: 50700 1145.44 -402.072 -708.313 720.412 2373.61 581.05 -643.166 1656.76 1321.71
PRESSAVG: 50700 -478.299 905.139 102.042 905.139 1246.49 363.437 102.042 363.437 -12.6104
GPRESSAVG: 50700 -383.846 860.849 136.481 893.706 1185.95 373.953 206.81 358.567 -65.8956
ENERGY:   50700       216.0378       114.3469         0.0000         0.0000          -2920.9463       340.9592         0.0000         0.0000       645.9388          -1603.6636       310.0154     -2249.6024     -1597.5331       302.8333           3517.4592      1613.5851      6585.4803       251.8604       245.4039

PRESSURE: 50800 -1506.64 -1079.6 2281.89 -1079.6 4423.5 1520.3 2281.89 1520.3 -2105.31
GPRESSURE: 50800 -3089.94 683.075 456.804 -1111.02 358.896 273.667 662.852 851.071 267.926
PRESSAVG: 50800 -543.041 284.26 103.721 284.26 322.404 752.098 103.721 752.098 -297.578
GPRESSAVG: 50800 -626.639 341.052 183.865 365.465 378.624 749.609 41.2517 885.108 -212.476
ENERGY:   50800       235.7995       140.8082         0.0000         0.0000          -2917.1532       306.0614         0.0000         0.0000       627.4670          -1607.0171       301.1500     -2234.4841     -1601.7319       301.0046            270.5159      -821.0384      6766.0233      -172.7381      -153.4972

PRESSURE: 50900 -1154 1377.6 -19.1226 1377.6 6901.93 2376.53 -19.1226 2376.53 5753.93
GPRESSURE: 50900 2350.9 805.054 -1473.17 720.41 1725.93 230.907 -949.114 915.33 3449.78
PRESSAVG: 50900 -1114.03 -124.058 -336.953 -124.058 1.17971 -20.9318 -336.953 -20.9318 586.432
GPRESSAVG: 50900 -1090.46 -138.229 -472.093 -215.133 -80.2612 -60.4152 -399.432 -144.83 562.13
ENERGY:   50900       221.2150       136.3399         0.0000         0.0000          -2998.3819       374.8780         0.0000         0.0000       651.6635          -1614.2854       312.7630     -2265.9489     -1607.2373       297.1321           3833.9541      2508.8688      6591.8505      -175.4718      -202.8651

PRESSURE: 51000 -238.007 2321.02 -781.826 2321.02 712.556 -1153.56 -781.826 -1153.56 4163.83
GPRESSURE: 51000 -835.036 -896.463 545.857 -534.854 509.336 -691.531 1205.93 -1232.94 1702.12
PRESSAVG: 51000 -46.1998 112.751 54.7865 112.751 -809.932 472.922 54.7865 472.922 1239.82
GPRESSAVG: 51000 -59.2977 47.7412 175.661 32.0515 -757.899 523.522 98.2206 517.845 1217.26
TIMING: 51000  CPU: 250.532, 0.004756/step  Wall: 250.532, 0.004756/step, 0.0648666 hours remaining, 6.375000 MB of memory in use.
ETITLE:      TS           BOND          ANGLE          DIHED          IMPRP               ELECT            VDW       BOUNDARY           MISC        KINETIC               TOTAL           TEMP      POTENTIAL         TOTAL3        TEMPAVG            PRESSURE      GPRESSURE         VOLUME       PRESSAVG      GPRESSAVG

ENERGY:   51000       237.2963       129.0044         0.0000         0.0000          -2916.7696       323.6845         0.0000         0.0000       608.5710          -1618.2134       292.0809     -2226.7844     -1613.3554       302.5652           1546.1255       458.8076      6697.7992       127.8949       133.3539

WRITING EXTENDED SYSTEM TO RESTART FILE AT STEP 51000
WRITING COORDINATES TO DCD FILE water_simulation.dcd AT STEP 51000
WRITING COORDINATES TO RESTART FILE AT STEP 51000
FINISHED WRITING RESTART COORDINATES
WRITING VELOCITIES TO DCD FILE AT STEP 51000
WRITING VELOCITIES TO RESTART FILE AT STEP 51000
FINISHED WRITING RESTART VELOCITIES
PRESSURE: 51100 1344.55 -986.624 1339.65 -986.624 -1182.25 -121.133 1339.65 -121.133 -1541.69
GPRESSURE: 51100 -521.526 -320.427 -904.629 -539.343 -307.976 -333.219 -1746.78 -660.944 50.6627
PRESSAVG: 51100 -592.646 34.585 -255.205 34.585 612.557 108.289 -255.205 108.289 -452.401
GPRESSAVG: 51100 -555.629 108.484 -307.487 108.923 596.493 126.831 -239.475 174.049 -461.26
ENERGY:   51100       221.8172       161.3254         0.0000         0.0000          -2964.7845       321.3158         0.0000         0.0000       640.0513          -1620.2747       307.1898     -2260.3260     -1613.5674       298.0056           -459.7933      -259.6132      6659.3258      -144.1636      -140.1320

PRESSURE: 51200 241.176 1888.02 241.96 1888.02 -77.7313 2982.18 241.96 2982.18 -1754.19
GPRESSURE: 51200 329.239 1988.03 895.514 504.469 -870.749 179.795 113.771 -225.258 -1416.78
PRESSAVG: 51200 1027.95 -355.962 -393.466 -355.962 -738.344 -384.863 -393.466 -384.863 207.518
GPRESSAVG: 51200 951.671 -313.835 -389.099 -400.236 -690.718 -412.037 -443.445 -436.485 246.173
ENERGY:   51200       236.1450       145.5324         0.0000         0.0000          -2926.0694       308.8351         0.0000         0.0000       610.0800          -1625.4769       292.8052     -2235.5569     -1620.6523       299.8232           -530.2479      -652.7641      6713.3256       165.7086       169.0419

PRESSURE: 51300 422.706 1756.13 -1777.43 1756.13 4341.45 2816.73 -1777.43 2816.73 3288.57
GPRESSURE: 51300 2072.27 -486.727 -25.9506 -1171.95 1092.2 1679.2 -87.7445 1776.48 2488.66
PRESSAVG: 51300 -655.564 -571.059 -268.475 -571.059 85.0821 -347.743 -268.475 -347.743 486.447
GPRESSAVG: 51300 -615.717 -562.805 -328.573 -520.497 79.8436 -414.824 -190.311 -455.043 449.877
ENERGY:   51300       234.4587       120.9638         0.0000         0.0000          -2990.8110       376.7966         0.0000         0.0000       623.3701          -1635.2218       299.1837     -2258.5919     -1629.5879       294.2385           2684.2398      1884.3761      6703.2166       -28.0114       -28.6654

PRESSURE: 51400 1832.66 1271.53 847.269 1271.53 -1047.33 -492.188 847.269 -492.188 2690.51
GPRESSURE: 51400 226.068 1046.27 -57.1184 1714.4 1625.58 -368.194 -614.547 -0.0798848 490.375
PRESSAVG: 51400 323.887 398.131 -35.3978 398.131 -150.005 1221 -35.3978 1221 -483.135
GPRESSAVG: 51400 338.033 295.572 91.0236 350.461 -213.789 1274.18 23.5037 1271.53 -426.011
ENERGY:   51400       221.6942       150.3332         0.0000         0.0000          -2981.0013       344.4462         0.0000         0.0000       631.6675          -1632.8602       303.1660     -2264.5276     -1625.2723       298.9336           1158.6125       780.6740      6700.2064      -103.0843      -100.5888

PRESSURE: 51500 820.774 462.068 3913.84 462.068 2809.77 202.82 3913.84 202.82 1277.14
GPRESSURE: 51500 2096.42 122.115 1538.54 -493.639 1112.49 -917.071 1998.28 223.151 913.791
PRESSAVG: 51500 -1281.1 -264.897 -409.389 -264.897 147.546 441.532 -409.389 441.532 854.159
GPRESSAVG: 51500 -1313.05 -222.725 -584.578 -298.235 238.808 515.697 -518.964 437.052 790.365
ENERGY:   51500       236.6918       138.0689         0.0000         0.0000          -2957.5388       345.8462         0.0000         0.0000       610.8236          -1626.1083       293.1620     -2236.9319     -1620.4288       298.1654           1635.8940      1374.2331      6620.3901       -93.1318       -94.6249

WRITING EXTENDED SYSTEM TO RESTART FILE AT STEP 51500
WRITING COORDINATES TO DCD FILE water_simulation.dcd AT STEP 51500
WRITING COORDINATES TO RESTART FILE AT STEP 51500
FINISHED WRITING RESTART COORDINATES
WRITING VELOCITIES TO DCD FILE AT STEP 51500
WRITING VELOCITIES TO RESTART FILE AT STEP 51500
FINISHED WRITING RESTART VELOCITIES
PRESSURE: 51600 -1576.89 -1172.84 -2499.36 -1172.84 2422.48 -3408.79 -2499.36 -3408.79 2038.51
GPRESSURE: 51600 858.066 -1421.71 1346.44 -1562.21 1391.55 -230.677 757.603 -801.546 -752.566
PRESSAVG: 51600 -576.557 57.9396 614.153 57.9396 83.283 -759.153 614.153 -759.153 541.638
GPRESSAVG: 51600 -530.335 47.8577 713.104 203.68 -13.1686 -836.168 662.981 -738.743 526.277
ENERGY:   51600       217.9899       143.5449         0.0000         0.0000          -2946.5903       332.3344         0.0000         0.0000       615.5938          -1637.1273       295.4515     -2252.7210     -1629.8432       300.5160            961.3673       499.0159      6656.2808        16.1212        -5.7421

PRESSURE: 51700 -146.04 -1464.17 1068.91 -1464.17 -3137.84 1061.76 1068.91 1061.76 1126.97
GPRESSURE: 51700 -668.173 -431.914 1057.1 96.7523 -166.532 228.842 172.118 -795.011 425.622
PRESSAVG: 51700 6.94369 503.637 714.829 503.637 413.949 -378.287 714.829 -378.287 62.6607
GPRESSAVG: 51700 -38.2807 483.043 834.653 433.306 423.032 -299.409 692.121 -316.79 84.8009
ENERGY:   51700       253.8589       156.4100         0.0000         0.0000          -3008.1902       332.4416         0.0000         0.0000       629.8721          -1635.6076       302.3043     -2265.4797     -1630.1046       299.9358           -718.9698      -136.3609      6671.6445       161.1844       156.5172

PRESSURE: 51800 -1802.55 -331.822 1156.4 -331.822 1455.87 -2993.12 1156.4 -2993.12 -836.033
GPRESSURE: 51800 -582.664 213.35 -1541.89 -165.548 984.183 -1359.49 -1008.81 -368.361 444.567
PRESSAVG: 51800 -16.3952 -1290.6 29.9421 -1290.6 -287.693 34.6017 29.9421 34.6017 -481.277
GPRESSAVG: 51800 -12.8254 -1314.07 -97.3992 -1311.44 -277.776 -16.5057 -19.5782 -115.235 -499.249
ENERGY:   51800       241.4800       130.0757         0.0000         0.0000          -2977.9141       338.3662         0.0000         0.0000       633.3895          -1634.6027       303.9925     -2267.9923     -1628.7751       296.8612           -394.2375       282.0288      6722.3417      -261.7881      -263.2834

PRESSURE: 51900 -147.998 -1693.28 2226.65 -1693.28 -3132.51 -328.889 2226.65 -328.889 -2740.74
GPRESSURE: 51900 -366.139 334.052 1566.44 48.103 -371.005 1532.48 577.919 -534.467 -2674.15
PRESSAVG: 51900 791.944 -273.082 -1150.18 -273.082 186.007 -87.8201 -1150.18 -87.8201 -676.108
GPRESSAVG: 51900 752.362 -171.046 -1168.96 -265.495 133.21 -67.4528 -1138.02 54.9575 -615.57
ENERGY:   51900       242.9875       162.0318         0.0000         0.0000          -2940.0829       309.6396         0.0000         0.0000       588.4479          -1636.9761       282.4229     -2225.4240     -1631.0192       292.7468          -2007.0810     -1137.0981      6844.4724       100.6143        90.0009

PRESSURE: 52000 390.718 114.844 -306.081 114.844 -88.9861 -1929.57 -306.081 -1929.57 -613.387
GPRESSURE: 52000 1293.77 -649.257 528.243 219.975 244.903 -2388.34 567.569 -1587.01 374.338
PRESSAVG: 52000 -193.513 -10.7696 -784.687 -10.7696 81.8041 -100.273 -784.687 -100.273 273.68
GPRESSAVG: 52000 -163.199 -27.7383 -810.445 72.0384 134.658 -190.569 -774.043 -31.5685 174.364
TIMING: 52000  CPU: 255.116, 0.004584/step  Wall: 255.116, 0.004584/step, 0.0612473 hours remaining, 6.375000 MB of memory in use.
ETITLE:      TS           BOND          ANGLE          DIHED          IMPRP               ELECT            VDW       BOUNDARY           MISC        KINETIC               TOTAL           TEMP      POTENTIAL         TOTAL3        TEMPAVG            PRESSURE      GPRESSURE         VOLUME       PRESSAVG      GPRESSAVG

ENERGY:   52000       247.4299       133.0550         0.0000         0.0000          -2994.6780       360.7123         0.0000         0.0000       614.4261          -1639.0547       294.8911     -2253.4808     -1632.8567       293.9728           -103.8850       637.6704      6866.3624        53.9906        48.6075

WRITING EXTENDED SYSTEM TO RESTART FILE AT STEP 52000
WRITING COORDINATES TO DCD FILE water_simulation.dcd AT STEP 52000
WRITING COORDINATES TO RESTART FILE AT STEP 52000
FINISHED WRITING RESTART COORDINATES
WRITING VELOCITIES TO DCD FILE AT STEP 52000
WRITING VELOCITIES TO RESTART FILE AT STEP 52000
FINISHED WRITING RESTART VELOCITIES
PRESSURE: 52100 -125.171 510.641 1321.79 510.641 -755.508 350.518 1321.79 350.518 -2659.49
GPRESSURE: 52100 1729.75 297.688 -605.164 -1162.76 772.929 -62.9723 -1274.04 269.637 -1385.66
PRESSAVG: 52100 610.154 -54.5485 -216.433 -54.5485 536.461 75.9526 -216.433 75.9526 -894.29
GPRESSAVG: 52100 561.786 -147.1 -145.292 -67.6949 566.208 168.36 -136.741 -34.5965 -833.294
ENERGY:   52100       249.8182       145.8884         0.0000         0.0000          -2992.5472       345.1084         0.0000         0.0000       610.6646          -1641.0676       293.0857     -2251.7322     -1635.8024       295.1778          -1180.0569       372.3395      6814.3339        84.1084        98.2333

LDB: ============= START OF LOAD BALANCING ============== 255.82
LDB: ============== END OF LOAD BALANCING =============== 255.82
LDB: =============== DONE WITH MIGRATION ================ 255.82
LDB: ============= START OF LOAD BALANCING ============== 256.048
LDB: ============== END OF LOAD BALANCING =============== 256.048
LDB: =============== DONE WITH MIGRATION ================ 256.048
PRESSURE: 52200 -3402.92 -1923.83 233.757 -1923.83 1476.66 -1946.37 233.757 -1946.37 61.3869
GPRESSURE: 52200 -499.11 -704.131 -568.313 -348.716 2551.51 -1268.17 -537.041 -735.482 2183.56
PRESSAVG: 52200 -1094.66 -583.483 -180.474 -583.483 583.053 -465.335 -180.474 -465.335 646.8
GPRESSAVG: 52200 -975.166 -516.392 -159.345 -655.236 510.561 -481.359 -310.708 -548.153 571.479
ENERGY:   52200       248.7218       146.2953         0.0000         0.0000          -3003.1275       357.7950         0.0000         0.0000       615.0263          -1635.2892       295.1791     -2250.3154     -1629.6652       298.2377           -621.6244      1411.9883      6604.7891        45.0627        35.6247

PRESSURE: 52300 1473.25 -1097.04 188.113 -1097.04 518.219 -507.096 188.113 -507.096 -3112.38
GPRESSURE: 52300 303.057 20.5244 1370.15 296.973 1827.99 -60.413 -654.337 195.985 -416.815
PRESSAVG: 52300 283.913 -71.6228 -667.9 -71.6228 440.883 -532.427 -667.9 -532.427 -311.798
GPRESSAVG: 52300 202.262 -105.886 -769.489 -34.7957 499.267 -540.715 -581.301 -341.494 -275.039
ENERGY:   52300       248.3233       133.5998         0.0000         0.0000          -2988.1415       344.6262         0.0000         0.0000       632.2471          -1629.3451       303.4441     -2261.5922     -1623.8808       296.4511           -373.6370       571.4123      6691.0829       137.6660       142.1637

PRESSURE: 52400 -480.873 1029.02 12.7659 1029.02 -869.036 229.181 12.7659 229.181 -2640.71
GPRESSURE: 52400 363.061 -47.1839 -649.465 311.989 -685.65 156.2 -276.923 1152.59 60.9761
PRESSAVG: 52400 1182.12 -59.4668 -366.9 -59.4668 -912.736 456.904 -366.9 456.904 -600.303
GPRESSAVG: 52400 1241.88 -112.167 -311.041 -19.9221 -1002.57 392.282 -410.583 362.22 -532.274
ENERGY:   52400       240.6787       141.2320         0.0000         0.0000          -2940.7971       322.5045         0.0000         0.0000       611.8902          -1624.4917       293.6740     -2236.3819     -1618.3630       299.3673          -1330.2069       -87.2045      6791.0577      -110.3052       -97.6518

PRESSURE: 52500 -46.9481 534.437 193.005 534.437 -2950.02 866.911 193.005 866.911 -4083.84
GPRESSURE: 52500 -1211.39 44.3334 136.842 268.619 -1777.88 334.837 -1242.6 -280.243 -1357.51
PRESSAVG: 52500 52.4577 -248.259 187.31 -248.259 108.611 388.663 187.31 388.663 -564.274
GPRESSAVG: 52500 49.4408 -255.627 166.279 -301.662 185.88 480.165 195.822 289.342 -628.371
ENERGY:   52500       234.8833       129.5777         0.0000         0.0000          -2893.3428       292.0404         0.0000         0.0000       607.3578          -1629.4836       291.4987     -2236.8415     -1623.3588       297.1530          -2360.2679     -1448.9266      6853.2027      -134.4020      -131.0166

WRITING EXTENDED SYSTEM TO RESTART FILE AT STEP 52500
WRITING COORDINATES TO DCD FILE water_simulation.dcd AT STEP 52500
WRITING COORDINATES TO RESTART FILE AT STEP 52500
FINISHED WRITING RESTART COORDINATES
WRITING VELOCITIES TO DCD FILE AT STEP 52500
WRITING VELOCITIES TO RESTART FILE AT STEP 52500
FINISHED WRITING RESTART VELOCITIES
PRESSURE: 52600 -6311.97 -1836.05 650.949 -1836.05 -1677.32 -2036.99 650.949 -2036.99 -1215.69
GPRESSURE: 52600 -3217.99 -201.036 -838.787 -1373.78 -1963.2 -450.488 -791.052 493.664 -1251.96
PRESSAVG: 52600 -101.338 -393.588 -14.528 -393.588 654.682 310.03 -14.528 310.03 -233.36
GPRESSAVG: 52600 -166.906 -326.768 51.2402 -368.723 705.523 315.297 -53.3208 426.321 -191.698
ENERGY:   52600       238.8151       136.3118         0.0000         0.0000          -2909.4152       278.8347         0.0000         0.0000       620.9746          -1634.4791       298.0340     -2255.4537     -1628.5802       296.1426          -3068.3244     -2144.3823      6770.5574       106.6613       115.6394

PRESSURE: 52700 -2315.9 -3086.45 3306.11 -3086.45 -4443.05 -2726.58 3306.11 -2726.58 -895.566
GPRESSURE: 52700 -111.679 -2345.25 1542.44 -1440.31 -409.484 -1465.23 58.2388 -1267.65 -2743.43
PRESSAVG: 52700 196.791 -1122.91 -801.326 -1122.91 -307.214 -274.617 -801.326 -274.617 31.0947
GPRESSAVG: 52700 355.884 -1120.79 -847.524 -1177.13 -409.327 -296.584 -859.329 -248.584 -15.9256
ENERGY:   52700       232.6740       144.8937         0.0000         0.0000          -2909.1968       299.2017         0.0000         0.0000       600.7992          -1631.6282       288.3509     -2232.4274     -1625.5833       295.3866          -2551.5050     -1088.1973      6795.1395       -26.4429       -23.1227

PRESSURE: 52800 -2142.1 -672.959 -58.3804 -672.959 -1077.28 4543.95 -58.3804 4543.95 -1768.67
GPRESSURE: 52800 3.24286 -526.08 888.807 -443.847 -477.151 924.937 164.85 293.195 -989.607
PRESSAVG: 52800 1695.24 -1570.61 230.546 -1570.61 -280.205 172.276 230.546 172.276 -1666.09
GPRESSAVG: 52800 1606.71 -1494.44 176.834 -1488.95 -113.316 116.842 279.7 51.164 -1743.59
ENERGY:   52800       248.6091       137.1153         0.0000         0.0000          -2917.6155       305.5702         0.0000         0.0000       602.4112          -1623.9096       289.1246     -2226.3208     -1619.9035       294.7273          -1662.6847      -487.8385      6721.1058       -83.6835       -83.3959

PRESSURE: 52900 1371.8 1263.93 -1797.85 1263.93 1717.25 2142.89 -1797.85 2142.89 -5176.6
GPRESSURE: 52900 -167.542 -337.887 -570.636 -1165.13 585.563 694.279 227.755 764.61 -1960.2
PRESSAVG: 52900 271.918 -21.2271 -13.1323 -21.2271 -99.3043 -154.503 -13.1323 -154.503 -115.612
GPRESSAVG: 52900 196.221 -128.311 104.076 -129.308 -229.549 -162.257 46.6595 -102.863 22.6849
ENERGY:   52900       231.8657       142.3696         0.0000         0.0000          -2934.3561       312.1999         0.0000         0.0000       621.4003          -1626.5206       298.2383     -2247.9209     -1620.7593       301.5834           -695.8480      -514.0607      6765.4788        19.0007        -3.5477

PRESSURE: 53000 970.172 -768.174 -1996.01 -768.174 -470.995 1690.83 -1996.01 1690.83 -951.473
GPRESSURE: 53000 425.026 41.7255 -1486.97 -331.68 217.22 1474.88 -879.737 918.941 -291.303
PRESSAVG: 53000 461.153 197.38 -459.423 197.38 -744.459 249.619 -459.423 249.619 -536.927
GPRESSAVG: 53000 471.946 214.063 -496.239 216.223 -709.841 298.839 -388.124 210.958 -566.835
TIMING: 53000  CPU: 259.687, 0.004571/step  Wall: 259.687, 0.004571/step, 0.0598039 hours remaining, 6.375000 MB of memory in use.
ETITLE:      TS           BOND          ANGLE          DIHED          IMPRP               ELECT            VDW       BOUNDARY           MISC        KINETIC               TOTAL           TEMP      POTENTIAL         TOTAL3        TEMPAVG            PRESSURE      GPRESSURE         VOLUME       PRESSAVG      GPRESSAVG

ENERGY:   53000       228.6461       124.4972         0.0000         0.0000          -2969.5297       331.0295         0.0000         0.0000       646.6409          -1638.7159       310.3524     -2285.3568     -1632.5794       303.1975           -150.7653       116.9808      6645.1901      -273.4109      -268.2431

WRITING EXTENDED SYSTEM TO RESTART FILE AT STEP 53000
WRITING COORDINATES TO DCD FILE water_simulation.dcd AT STEP 53000
WRITING COORDINATES TO RESTART FILE AT STEP 53000
FINISHED WRITING RESTART COORDINATES
WRITING VELOCITIES TO DCD FILE AT STEP 53000
WRITING VELOCITIES TO RESTART FILE AT STEP 53000
FINISHED WRITING RESTART VELOCITIES
PRESSURE: 53100 -2358.94 -1769.96 2485.3 -1769.96 267.952 -818.159 2485.3 -818.159 -1260.62
GPRESSURE: 53100 -2391.58 -1802.26 1203.83 -1526.73 -456.595 -644.254 587.664 -30.6296 32.1632
PRESSAVG: 53100 -477.089 191.657 -24.4228 191.657 593.821 -639.857 -24.4228 -639.857 -281.724
GPRESSAVG: 53100 -426.075 229.962 -110.917 242.513 613.867 -688.874 -183.546 -557.658 -325.615
ENERGY:   53100       232.0847       134.6213         0.0000         0.0000          -2931.9545       296.8153         0.0000         0.0000       643.5779          -1624.8553       308.8823     -2268.4332     -1618.8166       307.3344          -1117.2032      -938.6722      6629.5122       -54.9975       -45.9407

PRESSURE: 53200 1160.18 2864.74 -4581.07 2864.74 -3894.52 1023.66 -4581.07 1023.66 -1767.64
GPRESSURE: 53200 -2271.15 -161.646 -477.478 1399.88 -1387.11 -225.684 -1110.27 -149.829 -1996.6
PRESSAVG: 53200 -8.82236 -699.978 179.844 -699.978 302.73 -296.12 179.844 -296.12 112.07
GPRESSAVG: 53200 -78.0914 -803.41 254.99 -661.498 311.416 -236.589 226.67 -299.298 163.289
ENERGY:   53200       233.6368       162.3017         0.0000         0.0000          -2922.2800       282.3762         0.0000         0.0000       622.0598          -1621.9055       298.5548     -2243.9653     -1616.0954       307.8620          -1500.6614     -1884.9537      6763.9100       135.3257       132.2044

PRESSURE: 53300 620.272 -2412.35 -222.771 -2412.35 -2271.41 -280.971 -222.771 -280.971 -69.7677
GPRESSURE: 53300 -79.1772 -152.462 251.034 -730.233 -1744.98 -417.071 -252.919 -424.64 -572.713
PRESSAVG: 53300 -825.48 29.3517 437.667 29.3517 776.675 -224.033 437.667 -224.033 224.784
GPRESSAVG: 53300 -854.656 141.673 475.671 -24.3025 851.178 -257.091 527.186 -313.847 195.309
ENERGY:   53300       231.0483       136.6330         0.0000         0.0000          -2946.8686       314.0296         0.0000         0.0000       647.0371          -1618.1205       310.5426     -2265.1577     -1612.2488       309.6586           -573.6356      -798.9560      6818.1983        58.6599        63.9434

PRESSURE: 53400 -2934.55 -371.628 1548.85 -371.628 598.032 -1347.48 1548.85 -1347.48 304.379
GPRESSURE: 53400 -724.224 40.8045 473.31 797.29 1138.86 -844.059 277.734 180.099 -281.399
PRESSAVG: 53400 -87.0668 291.879 -45.4234 291.879 -89.9965 -573.47 -45.4234 -573.47 -140.114
GPRESSAVG: 53400 114.604 265.723 -105.093 306.514 -252.835 -616.017 -99.7955 -505.097 -119.371
ENERGY:   53400       235.4668       143.8004         0.0000         0.0000          -2944.6248       324.6963         0.0000         0.0000       616.5683          -1624.0930       295.9192     -2240.6613     -1619.1297       304.7093           -677.3805        44.4124      6700.5869      -105.7259       -85.8677

PRESSURE: 53500 862.833 -2112.66 -2100.74 -2112.66 1175.3 -106.824 -2100.74 -106.824 -1123.72
GPRESSURE: 53500 167.152 -1045.01 -714.666 -2064.76 485.525 2157.49 -2383 413.692 -329.227
PRESSAVG: 53500 -482.634 -713.774 -380.626 -713.774 297.538 247.389 -380.626 247.389 718.787
GPRESSAVG: 53500 -519.968 -666.583 -399.023 -683.978 339.192 356.411 -432.263 202.881 645.886
ENERGY:   53500       224.9781       137.2199         0.0000         0.0000          -2924.3277       323.6057         0.0000         0.0000       603.3934          -1635.1306       289.5960     -2238.5240     -1629.9287       301.0182            304.8020       107.8166      6699.4672       177.8968       155.0366

WRITING EXTENDED SYSTEM TO RESTART FILE AT STEP 53500
WRITING COORDINATES TO DCD FILE water_simulation.dcd AT STEP 53500
WRITING COORDINATES TO RESTART FILE AT STEP 53500
FINISHED WRITING RESTART COORDINATES
WRITING VELOCITIES TO DCD FILE AT STEP 53500
WRITING VELOCITIES TO RESTART FILE AT STEP 53500
FINISHED WRITING RESTART VELOCITIES
PRESSURE: 53600 3036.68 837.335 -1831.76 837.335 1106.75 1094.67 -1831.76 1094.67 2856.92
GPRESSURE: 53600 1889.36 1353.81 115.617 1926.49 1159.03 -158.584 -292.585 960.758 2657.26
PRESSAVG: 53600 66.5438 -190.347 -963.87 -190.347 1002.07 423.27 -963.87 423.27 -703.913
GPRESSAVG: 53600 -39.1866 -159.103 -846.036 -193.637 1027.32 257.162 -881.166 490.238 -675.698
ENERGY:   53600       240.9638       139.9739         0.0000         0.0000          -2993.7019       368.6211         0.0000         0.0000       605.7085          -1638.4347       290.7071     -2244.1431     -1633.5467       303.8994           2333.4526      1901.8838      6621.7650       121.5663       104.1455

PRESSURE: 53700 -856.619 508.335 664.003 508.335 388.162 -2585.49 664.003 -2585.49 3118.87
GPRESSURE: 53700 -1990.65 -288.267 -988.12 407.058 -1085.23 690.774 96.7678 470.998 1774.54
PRESSAVG: 53700 -968.368 685.024 49.6816 685.024 402.056 -811.138 49.6816 -811.138 -264.518
GPRESSAVG: 53700 -958.819 629.517 -17.9101 672.529 358.392 -674.592 -33.1217 -796.453 -222.403
ENERGY:   53700       207.9587       119.8186         0.0000         0.0000          -2961.6005       319.2292         0.0000         0.0000       660.6763          -1653.9177       317.0886     -2314.5940     -1646.1881       302.1645            883.4721      -433.7818      6680.1064      -276.9432      -274.2764

PRESSURE: 53800 2400.78 116.805 570.347 116.805 211.207 -140.306 570.347 -140.306 -2786.4
GPRESSURE: 53800 670.507 823.758 -600.177 -73.8278 -1391.33 -220.192 -619.496 -768.07 -1418.91
PRESSAVG: 53800 319.978 589.683 -740.365 589.683 -337.97 -512.9 -740.365 -512.9 408.889
GPRESSAVG: 53800 354.386 608.137 -755.392 585.258 -305.468 -554.774 -714.362 -567.011 317.519
ENERGY:   53800       228.2616       123.6997         0.0000         0.0000          -2938.1348       306.4013         0.0000         0.0000       625.8592          -1653.9132       300.3783     -2279.7723     -1649.2618       302.9120            -58.1391      -713.2470      6635.5453       130.2994       122.1456

PRESSURE: 53900 -847.523 2408.47 3840.95 2408.47 2935.19 -2432.51 3840.95 -2432.51 691.386
GPRESSURE: 53900 -355.986 -267.015 1439.13 -272.446 -998.844 -1428.94 1740.7 -1127.91 436.544
PRESSAVG: 53900 -550.128 218.706 -86.26 218.706 1204.12 -704.378 -86.26 -704.378 -383.741
GPRESSAVG: 53900 -580.392 206.141 -45.987 240.724 1149.9 -744.308 -112.452 -722.486 -311.686
ENERGY:   53900       221.1393       130.7020         0.0000         0.0000          -2923.9881       302.2064         0.0000         0.0000       628.2410          -1641.6995       301.5214     -2269.9405     -1635.2981       295.8057            926.3507      -306.0957      6547.4861        90.0851        85.9411

PRESSURE: 54000 540.635 783.756 -1555.84 783.756 3725.63 178.233 -1555.84 178.233 1704.51
GPRESSURE: 54000 -212.983 1283.09 -1553.91 526.597 2581.79 418.705 -783.227 1347.02 371.866
PRESSAVG: 54000 388.766 1098.29 -151.153 1098.29 265.14 17.8581 -151.153 17.8581 64.565
GPRESSAVG: 54000 364.182 1003.65 -237.014 1084.19 302.713 79.107 -106.703 12.2787 78.3476
TIMING: 54000  CPU: 264.359, 0.004672/step  Wall: 264.359, 0.004672/step, 0.0598276 hours remaining, 6.375000 MB of memory in use.
ETITLE:      TS           BOND          ANGLE          DIHED          IMPRP               ELECT            VDW       BOUNDARY           MISC        KINETIC               TOTAL           TEMP      POTENTIAL         TOTAL3        TEMPAVG            PRESSURE      GPRESSURE         VOLUME       PRESSAVG      GPRESSAVG

ENERGY:   54000       230.9887       116.0917         0.0000         0.0000          -2947.7187       338.0197         0.0000         0.0000       634.2861          -1628.3325       304.4228     -2262.6186     -1622.6938       299.4774           1990.2582       913.5569      6586.7352       239.4902       248.4142

WRITING EXTENDED SYSTEM TO RESTART FILE AT STEP 54000
WRITING COORDINATES TO DCD FILE water_simulation.dcd AT STEP 54000
WRITING COORDINATES TO RESTART FILE AT STEP 54000
FINISHED WRITING RESTART COORDINATES
WRITING VELOCITIES TO DCD FILE AT STEP 54000
WRITING VELOCITIES TO RESTART FILE AT STEP 54000
FINISHED WRITING RESTART VELOCITIES
PRESSURE: 54100 5594.31 657.223 -1385.21 657.223 2005.21 -2717.55 -1385.21 -2717.55 -123.547
GPRESSURE: 54100 3062.84 1679.17 571.974 1245.07 1442.6 -2879.62 -239.617 -3886.89 1318.84
PRESSAVG: 54100 202.917 349.002 -246.091 349.002 -69.6487 -788.291 -246.091 -788.291 -409.442
GPRESSAVG: 54100 236.469 403.249 -216.618 411.382 -35.3608 -854.345 -211.406 -773.519 -512.698
ENERGY:   54100       244.0025       134.8677         0.0000         0.0000          -2991.5943       367.2192         0.0000         0.0000       618.1336          -1627.3713       296.6705     -2245.5049     -1622.8951       299.1105           2491.9894      1941.4235      6583.1301       -92.0579      -103.8633

LDB: ============= START OF LOAD BALANCING ============== 265.118
LDB: ============== END OF LOAD BALANCING =============== 265.118
LDB: =============== DONE WITH MIGRATION ================ 265.118
LDB: ============= START OF LOAD BALANCING ============== 265.357
LDB: ============== END OF LOAD BALANCING =============== 265.357
LDB: =============== DONE WITH MIGRATION ================ 265.357
PRESSURE: 54200 -2513.96 1131.33 930.79 1131.33 2608.83 -3752.95 930.79 -3752.95 4246.56
GPRESSURE: 54200 -1504.18 -247.389 -218.528 -20.5895 2285.89 -454.815 433.152 240.357 1543.1
PRESSAVG: 54200 -309.774 127.992 181.595 127.992 349.126 -914.706 181.595 -914.706 363.946
GPRESSAVG: 54200 -339.602 156.098 223.685 124.661 342.622 -832.838 134.322 -836.785 392.044
ENERGY:   54200       216.7829       135.5530         0.0000         0.0000          -2925.1086       329.9807         0.0000         0.0000       606.6179          -1636.1741       291.1435     -2242.7920     -1630.2235       297.9843           1447.1427       774.9358      6574.7608       134.4329       131.6881

PRESSURE: 54300 1451.89 233.36 -102.596 233.36 888.193 1574.21 -102.596 1574.21 1882.19
GPRESSURE: 54300 1925.9 -434.096 -883.03 659.291 1114.45 81.8078 -908.822 1258.2 1946
PRESSAVG: 54300 -845.178 195.533 -330.753 195.533 -23.2415 -501.884 -330.753 -501.884 155.66
GPRESSAVG: 54300 -794.992 214.778 -327.851 70.7736 -61.826 -495.573 -389.994 -625.208 179.46
ENERGY:   54300       226.0236       124.7211         0.0000         0.0000          -2954.0592       350.6008         0.0000         0.0000       620.3098          -1632.4040       297.7149     -2252.7137     -1626.2918       298.0092           1407.4240      1662.1207      6577.9386      -237.5865      -225.7859

PRESSURE: 54400 2193.27 3859.92 -775.586 3859.92 273.27 -1268.91 -775.586 -1268.91 -1310.43
GPRESSURE: 54400 556.555 1139.57 -114.489 688.481 1045.68 -1586.89 -410.497 -1168.01 1525.48
PRESSAVG: 54400 -306.921 480.449 -225.399 480.449 354.942 -365.813 -225.399 -365.813 -189.937
GPRESSAVG: 54400 -317.167 442.392 -205.262 601.571 359.974 -442.314 -118.951 -347.174 -149.542
ENERGY:   54400       234.8661       114.5460         0.0000         0.0000          -2961.0258       342.6214         0.0000         0.0000       624.4942          -1644.4980       299.7232     -2268.9922     -1638.8645       296.3789            385.3691      1042.5708      6607.6600       -47.3055       -35.5784

PRESSURE: 54500 -689.038 582.132 1337.47 582.132 -856.554 -1440.35 1337.47 -1440.35 976.826
GPRESSURE: 54500 421.541 816.864 -1243.86 1255.89 16.7898 -1193.59 581.422 -586.07 -614.047
PRESSAVG: 54500 825.659 714.737 251.238 714.737 -438.231 -958.88 251.238 -958.88 -393.858
GPRESSAVG: 54500 857.514 709.066 221.714 600.752 -431.249 -867.923 214.727 -933.623 -437.943
ENERGY:   54500       219.1703       140.1361         0.0000         0.0000          -2952.9489       321.1593         0.0000         0.0000       621.9517          -1650.5314       298.5030     -2272.4832     -1643.9415       296.5910           -189.5884       -58.5720      6663.5594        -2.1432        -3.8927

WRITING EXTENDED SYSTEM TO RESTART FILE AT STEP 54500
WRITING COORDINATES TO DCD FILE water_simulation.dcd AT STEP 54500
WRITING COORDINATES TO RESTART FILE AT STEP 54500
FINISHED WRITING RESTART COORDINATES
WRITING VELOCITIES TO DCD FILE AT STEP 54500
WRITING VELOCITIES TO RESTART FILE AT STEP 54500
FINISHED WRITING RESTART VELOCITIES
PRESSURE: 54600 726.826 -593.546 -397.644 -593.546 300.513 -1200.66 -397.644 -1200.66 -3379.25
GPRESSURE: 54600 837.558 -550.582 246.422 -688.46 -388.985 83.8298 1196.16 597.397 -343.055
PRESSAVG: 54600 -312.221 -6.86158 -368.479 -6.86158 -384.772 97.9161 -368.479 97.9161 355.663
GPRESSAVG: 54600 -347.8 38.693 -381.101 41.7843 -317.936 102.693 -339.86 59.6373 390.144
ENERGY:   54600       241.6522       129.3404         0.0000         0.0000          -2945.8114       328.4512         0.0000         0.0000       597.8836          -1648.4839       286.9516     -2246.3676     -1644.1868       290.2865           -783.9690        35.1725      6761.6845      -113.7766       -91.8641

PRESSURE: 54700 -1215.89 517.105 -893.525 517.105 -707.06 -1603.95 -893.525 -1603.95 1312.1
GPRESSURE: 54700 -1072.61 -174.887 -380.525 -626.51 587.577 -919.345 -213.173 -2130.7 1567.24
PRESSAVG: 54700 -116.834 -658.89 280.406 -658.89 214.267 -885.575 280.406 -885.575 -254.514
GPRESSAVG: 54700 -122.991 -718.319 241.067 -647.975 177.218 -973.52 272.136 -871.023 -217.085
ENERGY:   54700       230.8258       131.4961         0.0000         0.0000          -2976.2424       340.0084         0.0000         0.0000       618.7648          -1655.1473       296.9734     -2273.9121     -1649.4775       295.6430           -203.6170       360.7346      6784.8038       -52.3603       -54.2861

PRESSURE: 54800 -4491.98 -55.895 -86.4076 -55.895 241.026 3.28417 -86.4076 3.28417 -1209.18
GPRESSURE: 54800 -1497.81 148.213 -356.297 139.367 -1057.65 -5.56532 240.055 -816.131 -1172.39
PRESSAVG: 54800 -163.872 -368.529 -399.823 -368.529 553.547 258.291 -399.823 258.291 -244.838
GPRESSAVG: 54800 -90.89 -407.421 -360.201 -337.068 564.891 321.617 -433.514 281.914 -275.654
ENERGY:   54800       227.7880       116.5908         0.0000         0.0000          -2915.9107       298.9668         0.0000         0.0000       623.9044          -1648.6607       299.4401     -2272.5652     -1642.5327       294.8127          -1820.0462     -1242.6137      6820.0532        48.2788        66.1156

PRESSURE: 54900 -4194.93 -3156.45 -1297.44 -3156.45 -2246.78 -48.8724 -1297.44 -48.8724 1963.75
GPRESSURE: 54900 -1837.19 -1298.18 -1183.88 44.1723 55.7027 -556.117 -886.453 615.803 -11.0035
PRESSAVG: 54900 -503.949 -522.246 -412.665 -522.246 180.769 -352.66 -412.665 -352.66 591.968
GPRESSAVG: 54900 -443.357 -442.565 -350.679 -539.012 186.783 -438.466 -417.165 -275.542 571.778
ENERGY:   54900       228.0391       165.8665         0.0000         0.0000          -2948.2562       313.4673         0.0000         0.0000       595.1708          -1645.7126       285.6495     -2240.8833     -1639.4882       287.2788          -1492.6507      -597.4985      6804.0720        89.5958       105.0683

PRESSURE: 55000 4235.94 -656.914 -986.26 -656.914 -2171.73 1497.85 -986.26 1497.85 -5516.12
GPRESSURE: 55000 1568.36 -692.152 -34.5454 -1579.06 444.475 1432.6 268.55 2054.15 -969.202
PRESSAVG: 55000 107.945 -308.137 -285.4 -308.137 15.2478 -8.79197 -285.4 -8.79197 -141.882
GPRESSAVG: 55000 37.1323 -244.332 -285.304 -338.932 -20.3253 52.8709 -312.395 -106.149 -85.1028
TIMING: 55000  CPU: 269.079, 0.00472/step  Wall: 269.078, 0.004719/step, 0.0591186 hours remaining, 6.375000 MB of memory in use.
ETITLE:      TS           BOND          ANGLE          DIHED          IMPRP               ELECT            VDW       BOUNDARY           MISC        KINETIC               TOTAL           TEMP      POTENTIAL         TOTAL3        TEMPAVG            PRESSURE      GPRESSURE         VOLUME       PRESSAVG      GPRESSAVG

ENERGY:   55000       240.1768       133.2191         0.0000         0.0000          -2964.9489       339.3338         0.0000         0.0000       613.9979          -1638.2213       294.6855     -2252.2192     -1632.2315       291.2395          -1150.6379       347.8765      6814.0307        -6.2297       -22.7653

WRITING EXTENDED SYSTEM TO RESTART FILE AT STEP 55000
WRITING COORDINATES TO DCD FILE water_simulation.dcd AT STEP 55000
WRITING COORDINATES TO RESTART FILE AT STEP 55000
FINISHED WRITING RESTART COORDINATES
WRITING VELOCITIES TO DCD FILE AT STEP 55000
WRITING VELOCITIES TO RESTART FILE AT STEP 55000
FINISHED WRITING RESTART VELOCITIES
PRESSURE: 55100 -728.83 2045.98 -2441.51 2045.98 -2232.64 1321.79 -2441.51 1321.79 -3708.78
GPRESSURE: 55100 259.098 314.715 -671.124 1037.28 400.582 67.1999 -1119.64 363.805 252.416
PRESSAVG: 55100 -362.855 -95.9155 -485.525 -95.9155 -42.0284 381.911 -485.525 381.911 119.627
GPRESSAVG: 55100 -416.071 -162.302 -496.275 -200.524 -8.90523 350.404 -370.917 416.438 175.598
ENERGY:   55100       238.5279       120.3766         0.0000         0.0000          -2943.3198       335.0292         0.0000         0.0000       603.8721          -1645.5141       289.8257     -2249.3861     -1640.1956       290.4266          -2223.4142       304.0320      6805.5218       -95.0853       -83.1260

PRESSURE: 55200 -4883.97 663.197 2851.16 663.197 -3277.94 2986.73 2851.16 2986.73 -1277.12
GPRESSURE: 55200 -914.07 249.537 602.142 108.515 -756.52 -641.121 114.502 55.1731 -1320.54
PRESSAVG: 55200 -79.9657 -382.407 398.564 -382.407 -531.787 103.29 398.564 103.29 407.157
GPRESSAVG: 55200 17.7673 -373.482 445.956 -266.784 -495.024 103.548 233.665 107.499 289.653
ENERGY:   55200       227.1960       148.3274         0.0000         0.0000          -2966.1396       317.3196         0.0000         0.0000       616.6566          -1656.6400       295.9616     -2273.2966     -1650.6636       290.9581          -3146.3414      -997.0434      6825.3229       -68.1985       -62.5347

PRESSURE: 55300 -3127.8 1874.57 2262.08 1874.57 -1124.3 -435.261 2262.08 -435.261 -5138.89
GPRESSURE: 55300 -1520.09 104.529 1512.75 1100.97 653.238 -176.605 1032.57 54.1905 -1679.78
PRESSAVG: 55300 -96.4894 252.493 597.748 252.493 631.581 337.199 597.748 337.199 -318.88
GPRESSAVG: 55300 -153.8 190.016 517.92 233.197 617.818 321.405 595.562 180.669 -226.998
ENERGY:   55300       243.1012       134.0257         0.0000         0.0000          -2954.9603       314.6722         0.0000         0.0000       609.2185          -1653.9427       292.3917     -2263.1612     -1648.2454       296.2086          -3130.3292      -848.8765      6839.4430        72.0703        79.0068

PRESSURE: 55400 -2986 732.369 2062.95 732.369 -3384.23 -1429.73 2062.95 -1429.73 -1553.98
GPRESSURE: 55400 -495.321 441.592 1327.62 908.792 -708.809 -174.282 1068.28 11.7582 352.794
PRESSAVG: 55400 73.3484 295.928 695.146 295.928 578.419 -167.543 695.146 -167.543 -445.376
GPRESSAVG: 55400 111.003 375.962 748.667 219.686 544.176 -231.984 740.719 66.3031 -418.052
ENERGY:   55400       242.4370       128.8423         0.0000         0.0000          -2962.3336       323.2380         0.0000         0.0000       619.4062          -1648.4102       297.2813     -2267.8164     -1643.2349       294.3401          -2641.4016      -283.7787      6752.8938        68.7971        79.0424

PRESSURE: 55500 269.821 -1753.77 -2250.78 -1753.77 -4239.8 -553.563 -2250.78 -553.563 -300.498
GPRESSURE: 55500 214.126 -152.56 -577.852 -623.607 -922.352 569.818 -40.3514 1022.51 -189.047
PRESSAVG: 55500 -356.935 349.725 674.347 349.725 -146.556 -280.104 674.347 -280.104 -461.711
GPRESSAVG: 55500 -362.562 377.829 598.444 511.056 -63.201 -194.505 652.175 -457.503 -521.121
ENERGY:   55500       231.8277       121.4132         0.0000         0.0000          -2927.0419       321.4016         0.0000         0.0000       605.1312          -1647.2682       290.4300     -2252.3994     -1640.6300       291.1157          -1423.4917      -299.0909      6824.9641      -321.7342      -315.6279

WRITING EXTENDED SYSTEM TO RESTART FILE AT STEP 55500
WRITING COORDINATES TO DCD FILE water_simulation.dcd AT STEP 55500
WRITING COORDINATES TO RESTART FILE AT STEP 55500
FINISHED WRITING RESTART COORDINATES
WRITING VELOCITIES TO DCD FILE AT STEP 55500
WRITING VELOCITIES TO RESTART FILE AT STEP 55500
FINISHED WRITING RESTART VELOCITIES
PRESSURE: 55600 -506.37 344.753 -877.25 344.753 -662.112 -3517.02 -877.25 -3517.02 -4748.34
GPRESSURE: 55600 482.949 -1008.88 366.221 -1101.97 -2123.19 -502.162 2092.89 -1081.19 -2167.25
PRESSAVG: 55600 519.72 64.7082 327.18 64.7082 -0.239077 -37.1472 327.18 -37.1472 -151.743
GPRESSAVG: 55600 479.457 26.6546 461.087 -79.0172 -27.1064 19.6563 421.509 -14.0884 -161.349
ENERGY:   55600       238.4751       137.4481         0.0000         0.0000          -2909.0401       301.1115         0.0000         0.0000       583.9759          -1648.0295       280.2766     -2232.0054     -1642.3304       291.3128          -1972.2735     -1269.1616      6860.7235       122.5792        97.0008

PRESSURE: 55700 -1010.2 -1842.09 4342.99 -1842.09 1063.57 4177.93 4342.99 4177.93 -1379.37
GPRESSURE: 55700 1577.58 -851.154 1151.21 963.485 -91.1846 1520.81 779.796 2116.69 -1126.66
PRESSAVG: 55700 541.084 -534.939 646.732 -534.939 -448.116 187.589 646.732 187.589 62.4197
GPRESSAVG: 55700 592.744 -589.586 530.426 -499.422 -521.909 108.953 508.947 297.383 36.4851
ENERGY:   55700       243.3918       129.1476         0.0000         0.0000          -2987.0301       339.3132         0.0000         0.0000       616.7818          -1658.3956       296.0217     -2275.1774     -1653.2868       293.9719           -442.0005       119.9126      6796.9292        51.7959        35.7734

PRESSURE: 55800 -4291.02 -1280.35 -1549.61 -1280.35 -3388.73 1550.08 -1549.61 1550.08 -235.495
GPRESSURE: 55800 -1911.81 3.43805 -687.682 780.932 -1545.06 641.502 -822.523 667.354 -757.517
PRESSAVG: 55800 26.8394 472.572 247.539 472.572 227.499 1311.47 247.539 1311.47 -328.137
GPRESSAVG: 55800 60.2586 479.505 301.52 552.981 264.904 1293 246.299 1302.05 -382.041
ENERGY:   55800       227.1610       140.0955         0.0000         0.0000          -2935.3861       299.1046         0.0000         0.0000       605.3017          -1663.7233       290.5119     -2269.0251     -1657.1166       291.8569          -2638.4126     -1404.7938      6824.3329       -24.5994       -18.9592

PRESSURE: 55900 439.742 -498.27 -1695.61 -498.27 -1823.57 495.604 -1695.61 495.604 -2641.76
GPRESSURE: 55900 -173.272 541.257 -147.984 67.4085 -1459.06 743.107 -2117.75 623.233 -0.743188
PRESSAVG: 55900 -355.114 507.856 -566.085 507.856 35.6259 -253.147 -566.085 -253.147 158.924
GPRESSAVG: 55900 -406.564 570.291 -522.881 453.175 13.539 -200.766 -444.013 -295.013 244.016
ENERGY:   55900       234.7125       135.4772         0.0000         0.0000          -2933.7720       319.7441         0.0000         0.0000       587.1316          -1656.7066       281.7912     -2243.8381     -1651.6866       290.7295          -1341.8616      -544.3596      6853.9480       -53.5215       -49.6699

PRESSURE: 56000 -1205.4 1111.5 -643.647 1111.5 -1686 -1535.03 -643.647 -1535.03 1000.64
GPRESSURE: 56000 -1116.46 552.98 -1188.84 384.281 613.562 -1004.43 -1811.2 -484.395 689.017
PRESSAVG: 56000 263.955 122.197 -407.36 122.197 -184.745 712.718 -407.36 712.718 -260.322
GPRESSAVG: 56000 276.132 33.9154 -561.75 71.9592 -135.134 648.304 -394.688 618.773 -308.49
TIMING: 56000  CPU: 273.798, 0.004719/step  Wall: 273.798, 0.00472/step, 0.05782 hours remaining, 6.375000 MB of memory in use.
ETITLE:      TS           BOND          ANGLE          DIHED          IMPRP               ELECT            VDW       BOUNDARY           MISC        KINETIC               TOTAL           TEMP      POTENTIAL         TOTAL3        TEMPAVG            PRESSURE      GPRESSURE         VOLUME       PRESSAVG      GPRESSAVG

ENERGY:   56000       231.9346       132.3595         0.0000         0.0000          -2972.3860       332.6376         0.0000         0.0000       620.5696          -1654.8847       297.8396     -2275.4543     -1649.1728       291.7429           -630.2520        62.0404      6738.0225       -60.3705       -55.8307

WRITING EXTENDED SYSTEM TO RESTART FILE AT STEP 56000
WRITING COORDINATES TO DCD FILE water_simulation.dcd AT STEP 56000
WRITING COORDINATES TO RESTART FILE AT STEP 56000
FINISHED WRITING RESTART COORDINATES
WRITING VELOCITIES TO DCD FILE AT STEP 56000
WRITING VELOCITIES TO RESTART FILE AT STEP 56000
FINISHED WRITING RESTART VELOCITIES
PRESSURE: 56100 -2870.62 -326.828 952.954 -326.828 194.584 -811.936 952.954 -811.936 -2064.97
GPRESSURE: 56100 740.623 -556.708 -841.657 -489.51 399.11 349.593 -33.4038 -563.249 -1888.38
PRESSAVG: 56100 -180.671 841.526 -314.521 841.526 595.402 378.656 -314.521 378.656 -69.116
GPRESSAVG: 56100 -182.343 909.963 -342.066 906.997 558.11 446.174 -362.221 535.517 -59.4262
ENERGY:   56100       233.3176       134.0066         0.0000         0.0000          -2939.0653       311.7182         0.0000         0.0000       607.1669          -1652.8560       291.4070     -2260.0229     -1648.1244       296.8843          -1580.3371      -249.5494      6647.8136       115.2048       105.4469

LDB: ============= START OF LOAD BALANCING ============== 274.489
LDB: ============== END OF LOAD BALANCING =============== 274.489
LDB: =============== DONE WITH MIGRATION ================ 274.489
LDB: ============= START OF LOAD BALANCING ============== 274.742
LDB: ============== END OF LOAD BALANCING =============== 274.742
LDB: =============== DONE WITH MIGRATION ================ 274.742
PRESSURE: 56200 -1807.91 -597.732 799.772 -597.732 -1407 1026.03 799.772 1026.03 -108.214
GPRESSURE: 56200 402.39 -1766.11 742.599 -714.834 812.993 177.563 -336.539 -108.601 776.196
PRESSAVG: 56200 1097.46 -208.171 -158.568 -208.171 -349.884 101.327 -158.568 101.327 -562.555
GPRESSAVG: 56200 1069.4 -149.137 29.2534 -282.386 -345.427 100.492 -204.342 39.9983 -505.708
ENERGY:   56200       238.9104       130.9370         0.0000         0.0000          -2993.0891       344.5161         0.0000         0.0000       608.1512          -1670.5743       291.8795     -2278.7255     -1664.8370       288.9221          -1107.7066       663.8595      6595.3724        61.6740        72.7564

PRESSURE: 56300 1822.35 890.275 -1420.21 890.275 -2666.7 -1005.19 -1420.21 -1005.19 -1098.71
GPRESSURE: 56300 2332.29 -891.979 -892.236 -837.684 381.183 -1545.52 -1156.23 -619.703 178.086
PRESSAVG: 56300 119.396 -753.879 -254.07 -753.879 -524.702 -133.477 -254.07 -133.477 417.303
GPRESSAVG: 56300 182.281 -903.82 -343.353 -764.138 -520.383 -122.463 -134.041 -160.806 335.308
ENERGY:   56300       228.0446       153.5167         0.0000         0.0000          -3003.3652       348.8727         0.0000         0.0000       599.3704          -1673.5608       287.6651     -2272.9312     -1667.6575       286.9938           -647.6882       963.8527      6560.5858         3.9992        -0.9314

PRESSURE: 56400 -1285.09 -5793.04 -123.077 -5793.04 2186.03 1028.02 -123.077 1028.02 -4715.73
GPRESSURE: 56400 1198.63 -2195.06 -1433.16 -442.288 1004.57 464.846 -2024.34 822.811 -1175.02
PRESSAVG: 56400 633.033 -470.429 -591.927 -470.429 174.163 -1083.13 -591.927 -1083.13 -440.353
GPRESSAVG: 56400 553.584 -422.65 -646.282 -448.25 190.476 -1121.99 -627.941 -1013.21 -358.269
ENERGY:   56400       245.0801       129.8762         0.0000         0.0000          -2942.3524       323.4022         0.0000         0.0000       567.1501          -1676.8438       272.2011     -2243.9939     -1672.5577       289.1351          -1271.5966       342.7283      6565.7041       122.2809       128.5969

PRESSURE: 56500 -2543.13 -1176.18 1115.44 -1176.18 -1630.99 646.614 1115.44 646.614 -3257.59
GPRESSURE: 56500 -1122.91 631.148 -924.398 -766.813 -271.483 -229.685 291.399 776.297 -1985.48
PRESSAVG: 56500 757.986 -663.102 -756.425 -663.102 -385.43 429.697 -756.425 429.697 -183.902
GPRESSAVG: 56500 844.58 -442.734 -593.641 -597.325 -466.682 399.012 -854.967 358.219 -194.104
ENERGY:   56500       214.4336       150.2607         0.0000         0.0000          -2938.8330       293.7108         0.0000         0.0000       599.0209          -1681.4071       287.4974     -2280.4279     -1674.4515       287.9331          -2477.2401     -1126.6234      6534.3007        62.8849        61.2646

WRITING EXTENDED SYSTEM TO RESTART FILE AT STEP 56500
WRITING COORDINATES TO DCD FILE water_simulation.dcd AT STEP 56500
WRITING COORDINATES TO RESTART FILE AT STEP 56500
FINISHED WRITING RESTART COORDINATES
WRITING VELOCITIES TO DCD FILE AT STEP 56500
WRITING VELOCITIES TO RESTART FILE AT STEP 56500
FINISHED WRITING RESTART VELOCITIES
PRESSURE: 56600 -3237.55 5663.16 -2547.04 5663.16 -4473.94 2640.74 -2547.04 2640.74 -1576.91
GPRESSURE: 56600 -1621.57 1064.72 675.04 2357.04 -703.849 600.001 -657.443 -400.603 1025.79
PRESSAVG: 56600 606.597 -217.431 -241.259 -217.431 -21.5505 -101.732 -241.259 -101.732 -354.909
GPRESSAVG: 56600 583.728 -454.253 -378.343 -331.636 25.1547 -39.3857 -181.956 -149.854 -339.666
ENERGY:   56600       233.8874       131.7252         0.0000         0.0000          -2942.0770       313.9246         0.0000         0.0000       581.5601          -1680.9797       279.1172     -2262.5399     -1675.1415       284.1939          -3096.1355      -433.2109      6632.7698        76.7123        89.7386

PRESSURE: 56700 1697.84 185.121 53.7658 185.121 -3019.49 -1024.3 53.7658 -1024.3 -1400.09
GPRESSURE: 56700 1460.63 1305.87 -522.809 -37.5115 1211 -646.46 -180.588 -1250.83 -220.176
PRESSAVG: 56700 531.451 686.528 157.709 686.528 -174.26 199.108 157.709 199.108 -347.934
GPRESSAVG: 56700 483.448 685.776 234.237 709.535 -124.111 189.833 122.917 183.226 -329.751
ENERGY:   56700       231.7149       129.0908         0.0000         0.0000          -2985.7372       342.6452         0.0000         0.0000       605.3462          -1676.9401       290.5332     -2282.2863     -1670.7796       288.7810           -907.2465       817.1504      6528.0527         3.0852         9.8620

PRESSURE: 56800 -759.048 -1109.61 -864.071 -1109.61 -3130.54 531.123 -864.071 531.123 -3924.56
GPRESSURE: 56800 192.709 1231.21 -283.802 886.873 -2574.92 260.174 1079.81 679.411 -710.771
PRESSAVG: 56800 -334.498 290.678 59.5439 290.678 -219.418 50.1657 59.5439 50.1657 48.9474
GPRESSAVG: 56800 -332.97 422.362 57.7752 357.531 -264.411 78.9615 67.2857 174.17 45.009
ENERGY:   56800       226.2750       147.5246         0.0000         0.0000          -2935.6586       296.1524         0.0000         0.0000       590.4337          -1675.2729       283.3760     -2265.7066     -1669.3385       288.3293          -2604.7135     -1030.9947      6579.4316      -168.3227      -184.1243

PRESSURE: 56900 -3389.03 -1110.98 -2934.79 -1110.98 -379.734 1585.17 -2934.79 1585.17 -829.517
GPRESSURE: 56900 -2201.6 -274.401 754.88 -807.782 -707.64 1398.5 433.166 1291.25 142.396
PRESSAVG: 56900 -136.378 425.977 862.071 425.977 -317.845 562.329 862.071 562.329 636.445
GPRESSAVG: 56900 -141.935 370.415 883.945 461.918 -327.984 513.847 968.75 468.21 588.38
ENERGY:   56900       220.4407       138.0592         0.0000         0.0000          -2937.1077       298.2606         0.0000         0.0000       609.8467          -1670.5004       292.6932     -2280.3471     -1663.4641       292.4424          -1532.7604      -922.2801      6541.1841        60.7408        39.4868

PRESSURE: 57000 712.922 1111.57 1739.18 1111.57 -1075.43 -1780.08 1739.18 -1780.08 -947.338
GPRESSURE: 57000 677.951 195.028 213.821 178.171 -745.241 406.949 474.365 977.191 -197.601
PRESSAVG: 57000 261.398 -708.432 -213.424 -708.432 -511.327 -95.032 -213.424 -95.032 226.124
GPRESSAVG: 57000 258.129 -722.488 -160.98 -708.564 -476.422 -123.573 -172.741 -76.0688 196.773
TIMING: 57000  CPU: 278.488, 0.00469/step  Wall: 278.488, 0.00469/step, 0.0561497 hours remaining, 6.375000 MB of memory in use.
ETITLE:      TS           BOND          ANGLE          DIHED          IMPRP               ELECT            VDW       BOUNDARY           MISC        KINETIC               TOTAL           TEMP      POTENTIAL         TOTAL3        TEMPAVG            PRESSURE      GPRESSURE         VOLUME       PRESSAVG      GPRESSAVG

ENERGY:   57000       232.8272       129.7597         0.0000         0.0000          -2937.3311       308.4582         0.0000         0.0000       602.5263          -1663.7598       289.1798     -2266.2861     -1658.5640       290.0944           -436.6140       -88.2969      6490.6788        -7.9349        -7.1733

WRITING EXTENDED SYSTEM TO RESTART FILE AT STEP 57000
WRITING COORDINATES TO DCD FILE water_simulation.dcd AT STEP 57000
WRITING COORDINATES TO RESTART FILE AT STEP 57000
FINISHED WRITING RESTART COORDINATES
WRITING VELOCITIES TO DCD FILE AT STEP 57000
WRITING VELOCITIES TO RESTART FILE AT STEP 57000
FINISHED WRITING RESTART VELOCITIES
PRESSURE: 57100 1190.8 -435.23 381.385 -435.23 -2676.57 2705.96 381.385 2705.96 2011.77
GPRESSURE: 57100 -1317.09 84.3691 -1078.56 138.11 -807.82 1352.58 -518.63 1843.25 1434.39
PRESSAVG: 57100 779.316 -291.722 191.623 -291.722 -341.882 872.778 191.623 872.778 -447.606
GPRESSAVG: 57100 754.298 -207.617 112.709 -341.383 -374.74 903.568 -18.5964 920.102 -420.477
ENERGY:   57100       213.7815       117.7135         0.0000         0.0000          -2895.3112       297.7524         0.0000         0.0000       608.1606          -1657.9031       291.8840     -2266.0638     -1650.6956       286.3890            175.3323      -230.1735      6505.0803        -3.3907       -13.6398

PRESSURE: 57200 -651.115 -3657.25 -2288.21 -3657.25 1738.04 2872.01 -2288.21 2872.01 1803.46
GPRESSURE: 57200 1211.2 -1061.2 -677.862 -2227.79 312.117 -337.56 -493.299 288.398 1963.52
PRESSAVG: 57200 -506.476 -256.363 -305.58 -256.363 794.104 529.844 -305.58 529.844 129.625
GPRESSAVG: 57200 -497.167 -250.594 -247.268 -364.328 833.915 471.093 -141.402 480.227 99.1924
ENERGY:   57200       238.9498       127.9844         0.0000         0.0000          -2963.7976       330.1191         0.0000         0.0000       612.5289          -1654.2154       293.9805     -2266.7443     -1649.4169       289.9412            963.4612      1162.2790      6427.0618       139.0843       145.3135

PRESSURE: 57300 2023.9 299.492 970.441 299.492 5600.23 -1967.61 970.441 -1967.61 4138.07
GPRESSURE: 57300 3405.58 739.12 153.849 1281.31 5045.83 -194.88 112.081 -346.493 1609.61
PRESSAVG: 57300 -91.2026 -373.614 -788.448 -373.614 1121.42 -449.692 -788.448 -449.692 -461.705
GPRESSAVG: 57300 -42.0063 -424.572 -814.643 -259.301 1065.18 -452.116 -824.955 -399.93 -452.669
ENERGY:   57300       222.1512       149.1266         0.0000         0.0000          -3026.8038       386.9997         0.0000         0.0000       614.0934          -1654.4329       294.7314     -2268.5263     -1648.6393       296.1414           3920.7357      3353.6754      6401.0128       189.5049       190.1695

PRESSURE: 57400 936.348 156.633 466.005 156.633 -2214.74 830.975 466.005 830.975 226.306
GPRESSURE: 57400 1270.68 -365.619 -536.499 -1106.63 -2524.97 -317.789 -214.989 51.8722 1445.1
PRESSAVG: 57400 867.223 221.47 525.31 221.47 -1189.35 -335.81 525.31 -335.81 678.633
GPRESSAVG: 57400 872.553 148.86 514.416 295.697 -1165.64 -247.582 468.114 -360.926 693.436
ENERGY:   57400       232.0135       141.3776         0.0000         0.0000          -2969.0578       311.1899         0.0000         0.0000       635.8463          -1648.6305       305.1716     -2284.4768     -1643.2792       294.5997           -350.6961        63.6032      6500.3899       118.8341       133.4486

PRESSURE: 57500 -1616.22 1797.72 -282.139 1797.72 2199.62 -334.887 -282.139 -334.887 -3267.7
GPRESSURE: 57500 -1508.57 12.1316 796.445 -174.216 -168.473 105.807 526.847 107.01 -1150.26
PRESSAVG: 57500 1077.44 -356.918 56.0845 -356.918 -498.096 -599.125 56.0845 -599.125 -189.085
GPRESSAVG: 57500 1010.53 -299.137 29.6044 -468.466 -459.895 -677.382 48.7408 -734.232 -176.709
ENERGY:   57500       228.3638       150.2139         0.0000         0.0000          -2951.3778       303.9773         0.0000         0.0000       618.0316          -1650.7912       296.6215     -2268.8229     -1645.6439       297.2506           -894.7663      -942.4353      6694.8618       130.0865       124.6433

WRITING EXTENDED SYSTEM TO RESTART FILE AT STEP 57500
WRITING COORDINATES TO DCD FILE water_simulation.dcd AT STEP 57500
WRITING COORDINATES TO RESTART FILE AT STEP 57500
FINISHED WRITING RESTART COORDINATES
WRITING VELOCITIES TO DCD FILE AT STEP 57500
WRITING VELOCITIES TO RESTART FILE AT STEP 57500
FINISHED WRITING RESTART VELOCITIES
PRESSURE: 57600 -2326.17 -885.685 -2863.38 -885.685 3892.08 -3370.18 -2863.38 -3370.18 -1670.22
GPRESSURE: 57600 -1697.74 -514.892 -995.997 -377.304 309.932 -85.0548 -274.358 -1045.16 -1264.95
PRESSAVG: 57600 449.866 -22.1042 685.005 -22.1042 -145.537 -717.339 685.005 -717.339 166.664
GPRESSAVG: 57600 556.154 -107.807 669.347 45.3455 -237.264 -613.51 776.887 -531.128 221.563
ENERGY:   57600       212.0547       138.2225         0.0000         0.0000          -2920.9005       308.5159         0.0000         0.0000       605.5418          -1656.5655       290.6271     -2262.1074     -1649.9379       295.9711            -34.7666      -884.2539      6812.9409       156.9977       180.1513

PRESSURE: 57700 2917.08 -558.544 351.469 -558.544 1833.54 2565.46 351.469 2565.46 3811.47
GPRESSURE: 57700 405.448 -969.689 -413.165 -195.236 2396.13 967.566 -162.947 -165.949 1270.15
PRESSAVG: 57700 -77.9691 -948.155 -174.719 -948.155 330.333 67.6594 -174.719 67.6594 61.8513
GPRESSAVG: 57700 -186.824 -837.592 -105.085 -949.996 413.283 75.7957 -269.92 18.1981 45.5123
ENERGY:   57700       224.9689       128.5149         0.0000         0.0000          -2972.5431       367.6536         0.0000         0.0000       593.5541          -1657.8515       284.8736     -2251.4056     -1653.4359       292.4715           2854.0281      1357.2410      6817.6660       104.7384        90.6573

PRESSURE: 57800 4021.2 2453.37 -941.904 2453.37 -1224.19 890.939 -941.904 890.939 4036.1
GPRESSURE: 57800 482.57 45.5193 -62.2955 699.879 -1967.24 383.957 -1108.58 -218.84 669.231
PRESSAVG: 57800 -223.066 598.26 -572.937 598.26 463.469 -335.18 -572.937 -335.18 630.994
GPRESSAVG: 57800 -193.133 613.357 -606.558 596.922 471.436 -467.565 -517.89 -327.083 590.19
ENERGY:   57800       215.4559       129.7372         0.0000         0.0000          -2929.6406       325.0415         0.0000         0.0000       611.3777          -1648.0284       293.4280     -2259.4061     -1642.2571       296.3759           2277.7024      -271.8134      6889.1951       290.4656       289.4977

PRESSURE: 57900 4332.72 2680.78 436.411 2680.78 3791.53 -65.5467 436.411 -65.5467 1210.03
GPRESSURE: 57900 -22.2705 164.549 -295.44 642.646 833.998 92.7335 973.392 -285.539 -247.102
PRESSAVG: 57900 -168.593 -105.082 -339.302 -105.082 -92.2146 304.403 -339.302 304.403 581.211
GPRESSAVG: 57900 -169.183 -128.768 -333.747 -98.2745 -172.046 339.521 -331.414 268.685 583.024
ENERGY:   57900       210.6791       122.7102         0.0000         0.0000          -2917.3174       328.0737         0.0000         0.0000       617.1881          -1638.6662       296.2167     -2255.8543     -1632.9409       293.9560           3111.4250       188.2086      6827.0181       106.8012        80.5985

PRESSURE: 58000 4746.11 978.334 3076.45 978.334 1339.9 -2406.4 3076.45 -2406.4 5892.86
GPRESSURE: 58000 2307.85 476.796 740.001 735.841 -1500.59 -798.868 595.897 -560.678 3603.22
PRESSAVG: 58000 -18.3643 -176.494 -394.54 -176.494 20.7435 -433.228 -394.54 -433.228 368.023
GPRESSAVG: 58000 -44.5577 -198.266 -452.604 -251.186 73.0511 -400.1 -368.623 -377.807 339.795
TIMING: 58000  CPU: 283.099, 0.004611/step  Wall: 283.099, 0.004611/step, 0.0539231 hours remaining, 6.375000 MB of memory in use.
ETITLE:      TS           BOND          ANGLE          DIHED          IMPRP               ELECT            VDW       BOUNDARY           MISC        KINETIC               TOTAL           TEMP      POTENTIAL         TOTAL3        TEMPAVG            PRESSURE      GPRESSURE         VOLUME       PRESSAVG      GPRESSAVG

ENERGY:   58000       221.1091       133.9369         0.0000         0.0000          -2952.2702       351.5964         0.0000         0.0000       619.7376          -1625.8902       297.4403     -2245.6278     -1620.4134       301.8812           3992.9560      1470.1565      6664.0604       123.4675       122.7627

WRITING EXTENDED SYSTEM TO RESTART FILE AT STEP 58000
WRITING COORDINATES TO DCD FILE water_simulation.dcd AT STEP 58000
WRITING COORDINATES TO RESTART FILE AT STEP 58000
FINISHED WRITING RESTART COORDINATES
WRITING VELOCITIES TO DCD FILE AT STEP 58000
WRITING VELOCITIES TO RESTART FILE AT STEP 58000
FINISHED WRITING RESTART VELOCITIES
PRESSURE: 58100 1665.59 -1634.8 -2753.58 -1634.8 2862.08 -153.52 -2753.58 -153.52 1871.13
GPRESSURE: 58100 -518.291 -1615.99 30.8625 -437.503 93.8517 -1260.26 255.318 -1268.38 -68.8666
PRESSAVG: 58100 -278.412 -550.217 94.6701 -550.217 -120.005 -760.989 94.6701 -760.989 624.045
GPRESSAVG: 58100 -314.933 -481.318 161.907 -506.243 -121.459 -751.473 -0.585884 -743.376 616.742
ENERGY:   58100       214.4670       140.1814         0.0000         0.0000          -2905.2578       315.2340         0.0000         0.0000       604.6499          -1630.7255       290.1990     -2235.3753     -1625.6548       294.0254           2132.9334      -164.4354      6754.3922        75.2094        60.1167

LDB: ============= START OF LOAD BALANCING ============== 283.828
LDB: ============== END OF LOAD BALANCING =============== 283.828
LDB: =============== DONE WITH MIGRATION ================ 283.828
LDB: ============= START OF LOAD BALANCING ============== 284.071
LDB: ============== END OF LOAD BALANCING =============== 284.071
LDB: =============== DONE WITH MIGRATION ================ 284.071
PRESSURE: 58200 6717.9 3170.51 -112.601 3170.51 6490.78 -1443.55 -112.601 -1443.55 3166.5
GPRESSURE: 58200 2540.84 886.211 -6.78324 1227.13 2777.7 -1626.57 561.536 -2043.08 1865.79
PRESSAVG: 58200 250.209 -230.889 106.006 -230.889 139.583 -550.83 106.006 -550.83 -248.675
GPRESSAVG: 58200 251.216 -323.158 138.709 -229.291 146.108 -628.126 173.845 -541.547 -277.911
ENERGY:   58200       205.4721       142.8349         0.0000         0.0000          -2984.8083       365.5801         0.0000         0.0000       634.5430          -1636.3782       304.5461     -2270.9212     -1629.9753       300.3703           5458.3959      2394.7767      6538.5262        47.0387        39.8044

PRESSURE: 58300 4760.55 -1712.59 1048.13 -1712.59 2151.23 1722.28 1048.13 1722.28 3341.65
GPRESSURE: 58300 2454.35 -898.403 5.10119 289.062 -1813.11 -434.29 -604.584 -297.37 -501.831
PRESSAVG: 58300 1219.34 -267.715 -365.832 -267.715 -616.449 -309.311 -365.832 -309.311 -634.998
GPRESSAVG: 58300 1245.15 -304.953 -473.623 -338.6 -727.43 -275.731 -507.009 -353.72 -573.832
ENERGY:   58300       216.7206       124.5133         0.0000         0.0000          -2939.4203       324.5540         0.0000         0.0000       634.0998          -1639.5326       304.3334     -2273.6324     -1633.8997       303.7200           3417.8106        46.4709      6691.6466       -10.7017       -18.7045

PRESSURE: 58400 6792.79 -1188.54 -1607.08 -1188.54 3651.85 367.55 -1607.08 367.55 4197.47
GPRESSURE: 58400 1995.91 -208.342 -109.675 580.728 3437.17 -21.3387 -1282.82 -32.9724 326.085
PRESSAVG: 58400 437.727 -197.611 -713.275 -197.611 26.9613 -345.533 -713.275 -345.533 -980.682
GPRESSAVG: 58400 461.598 -92.9698 -644.454 -139.56 100.799 -302.922 -573.128 -349.324 -1079.37
ENERGY:   58400       226.6077       133.7272         0.0000         0.0000          -2974.8795       376.1773         0.0000         0.0000       596.3398          -1642.0274       286.2106     -2238.3672     -1638.1328       295.7704           4880.7065      1919.7205      6688.3390      -171.9978      -172.3257

PRESSURE: 58500 2721.23 354.1 90.4091 354.1 3152.23 404.703 90.4091 404.703 5852.98
GPRESSURE: 58500 -694.909 -717.692 16.5261 -754.518 2048.68 383.071 -1360.17 193.239 1093.62
PRESSAVG: 58500 -405.808 253.583 -69.5068 253.583 831.485 -562.758 -69.5068 -562.758 -494.428
GPRESSAVG: 58500 -450.851 269.077 -72.7917 269.531 886.609 -614.218 -75.4285 -570.759 -494.684
ENERGY:   58500       204.0866       154.7086         0.0000         0.0000          -2968.6272       350.7636         0.0000         0.0000       618.0136          -1641.0548       296.6128     -2259.0684     -1635.8173       295.5115           3908.8130       815.7984      6700.2289       -22.9170       -19.6417

WRITING EXTENDED SYSTEM TO RESTART FILE AT STEP 58500
WRITING COORDINATES TO DCD FILE water_simulation.dcd AT STEP 58500
WRITING COORDINATES TO RESTART FILE AT STEP 58500
FINISHED WRITING RESTART COORDINATES
WRITING VELOCITIES TO DCD FILE AT STEP 58500
WRITING VELOCITIES TO RESTART FILE AT STEP 58500
FINISHED WRITING RESTART VELOCITIES
PRESSURE: 58600 5066.37 11.6996 646.227 11.6996 5916.84 1565.95 646.227 1565.95 3775.92
GPRESSURE: 58600 1087.95 633.677 80.2851 735.604 2057.9 1417.09 9.24544 99.3142 2389.48
PRESSAVG: 58600 298.836 -121.932 -125.704 -121.932 -83.2534 -195.721 -125.704 -195.721 -433.325
GPRESSAVG: 58600 252.46 -93.622 -85.442 -106.64 -75.7338 -152.995 -166.357 -135.888 -415.54
ENERGY:   58600       217.2380       124.8026         0.0000         0.0000          -2982.1303       373.0136         0.0000         0.0000       620.1337          -1646.9423       297.6304     -2267.0761     -1641.7190       299.7643           4919.7105      1845.1128      6694.8919       -72.5806       -79.6046

PRESSURE: 58700 1738.49 952.565 -1539.32 952.565 2558.99 1115.56 -1539.32 1115.56 6470.81
GPRESSURE: 58700 209.472 -142.793 -1972 31.3462 822.055 -583.17 -1417.06 -465.097 -802.447
PRESSAVG: 58700 -840.592 -108.992 -927.701 -108.992 357.309 -892.795 -927.701 -892.795 631.839
GPRESSAVG: 58700 -788.844 -256.005 -992.836 -115.437 207.519 -1018.52 -979.627 -989.408 705.115
ENERGY:   58700       211.9554       138.7087         0.0000         0.0000          -2955.6510       331.6783         0.0000         0.0000       625.0268          -1648.2818       299.9788     -2273.3086     -1641.9905       300.1537           3589.4279        76.3599      6730.3492        49.5187        41.2634

PRESSURE: 58800 1753.71 1294.65 552.851 1294.65 -1020.07 -5711.13 552.851 -5711.13 6278.73
GPRESSURE: 58800 -1475.3 278.883 943.522 -66.1005 -1312.14 338.863 -135.636 662.264 1068.09
PRESSAVG: 58800 336.134 -228.897 -584.853 -228.897 -368.516 688.609 -584.853 688.609 428.916
GPRESSAVG: 58800 312.024 -110.312 -588.907 -269.505 -256.59 851.766 -534.982 733.352 339.138
ENERGY:   58800       212.0878       124.9280         0.0000         0.0000          -2913.3154       312.3670         0.0000         0.0000       624.0880          -1639.8445       299.5283     -2263.9325     -1633.8334       297.4581           2337.4555      -573.1189      6764.3825       132.1782       131.5239

PRESSURE: 58900 2570.6 225.617 -97.5629 225.617 991.018 -3011.89 -97.5629 -3011.89 -1373.88
GPRESSURE: 58900 -834.142 1268.23 390.452 540.435 -2208.88 -1009.56 742.91 -831.782 -1507.05
PRESSAVG: 58900 211.516 367.254 -476.723 367.254 -456.986 -429.188 -476.723 -429.188 151.865
GPRESSAVG: 58900 186.233 280.339 -396.446 410.746 -468.679 -443.437 -433.439 -389.466 259.328
ENERGY:   58900       216.1394       143.5939         0.0000         0.0000          -2893.2635       284.1527         0.0000         0.0000       616.1099          -1633.2676       295.6992     -2249.3775     -1628.0603       305.4347            729.2443     -1516.6885      6771.8556       -31.2019        -7.7060

PRESSURE: 59000 1158.58 -425.951 22.4346 -425.951 2212.35 -538.961 22.4346 -538.961 4113.71
GPRESSURE: 59000 -776.112 312.466 66.723 -198.484 743.544 -1184.49 -725.158 -230.333 -643.495
PRESSAVG: 59000 -979.657 -136.723 1152.39 -136.723 320.157 312.673 1152.39 312.673 574.953
GPRESSAVG: 59000 -870.189 -77.3389 1090.52 -183.842 345.057 234.887 1042.19 240.496 482.444
TIMING: 59000  CPU: 288.008, 0.004909/step  Wall: 288.007, 0.004908/step, 0.056033 hours remaining, 6.375000 MB of memory in use.
ETITLE:      TS           BOND          ANGLE          DIHED          IMPRP               ELECT            VDW       BOUNDARY           MISC        KINETIC               TOTAL           TEMP      POTENTIAL         TOTAL3        TEMPAVG            PRESSURE      GPRESSURE         VOLUME       PRESSAVG      GPRESSAVG

ENERGY:   59000       215.7645       150.0126         0.0000         0.0000          -2946.7846       319.8379         0.0000         0.0000       618.6039          -1642.5657       296.8962     -2261.1696     -1636.5666       296.7682           2494.8806      -225.3543      6724.7465       -28.1824       -14.2293

WRITING EXTENDED SYSTEM TO RESTART FILE AT STEP 59000
WRITING COORDINATES TO DCD FILE water_simulation.dcd AT STEP 59000
WRITING COORDINATES TO RESTART FILE AT STEP 59000
FINISHED WRITING RESTART COORDINATES
WRITING VELOCITIES TO DCD FILE AT STEP 59000
WRITING VELOCITIES TO RESTART FILE AT STEP 59000
FINISHED WRITING RESTART VELOCITIES
PRESSURE: 59100 5085.49 767.738 -1562.99 767.738 2357.51 -817.065 -1562.99 -817.065 407.795
GPRESSURE: 59100 -46.6103 567.061 150.695 41.6751 606.043 666.689 415.377 -2.69985 -756.084
PRESSAVG: 59100 543.852 -20.7743 -440.076 -20.7743 0.735684 -24.409 -440.076 -24.409 -83.2148
GPRESSAVG: 59100 497.261 -63.2598 -382.729 48.9291 -61.5755 22.1037 -433.302 72.3078 0.626112
ENERGY:   59100       222.1259       126.3373         0.0000         0.0000          -2929.1251       324.7380         0.0000         0.0000       601.1107          -1654.8133       288.5004     -2255.9240     -1649.7977       290.5037           2616.9303       -65.5506      6782.5952       153.7911       145.4373

PRESSURE: 59200 3379.35 -1827.82 -432.956 -1827.82 4517.27 -121.375 -432.956 -121.375 1230.09
GPRESSURE: 59200 1253.26 -974.048 -74.7724 -1809.66 1227.23 127.569 -1415.12 -727.566 811.693
PRESSAVG: 59200 -658.089 -233.403 304.743 -233.403 961.712 -508.778 304.743 -508.778 197.658
GPRESSAVG: 59200 -656.694 -124.576 207.376 -292.298 1039.55 -451.739 422.954 -593.378 180.67
ENERGY:   59200       220.8554       156.7620         0.0000         0.0000          -3004.3125       363.0887         0.0000         0.0000       608.3184          -1655.2881       291.9597     -2263.6064     -1650.2728       297.5301           3042.2339      1097.3921      6727.7493       167.0933       187.8417

PRESSURE: 59300 -2253.41 1469.66 -203.201 1469.66 6532.13 2816.73 -203.201 2816.73 1812.27
GPRESSURE: 59300 -2100.38 1315.56 964.67 890.406 1965.12 -216.156 1655.72 440.526 -278.255
PRESSAVG: 59300 15.1418 128.764 507.842 128.764 22.0461 -392.154 507.842 -392.154 -257.319
GPRESSAVG: 59300 21.2961 22.6084 585.684 190.026 -31.1865 -454.243 415.117 -506.058 -214.351
ENERGY:   59300       217.4490       139.6250         0.0000         0.0000          -2942.4538       328.1213         0.0000         0.0000       606.8935          -1650.3649       291.2758     -2257.2584     -1645.2913       291.8631           2030.3303      -137.8368      6860.5944       -73.3771       -74.7470

PRESSURE: 59400 1709.64 114.247 -1930.58 114.247 3224.7 -4660.99 -1930.58 -4660.99 4728.87
GPRESSURE: 59400 -201.201 -315.109 -603.376 -446.207 -635.465 303.398 -248.416 107.395 190.308
PRESSAVG: 59400 -129.682 -33.4903 368.208 -33.4903 809.663 572.385 368.208 572.385 -686.48
GPRESSAVG: 59400 -85.4112 30.7831 442.005 -56.7843 843.045 583.176 475.809 653.174 -720.24
ENERGY:   59400       194.7351       131.7285         0.0000         0.0000          -2929.0356       321.3371         0.0000         0.0000       625.9885          -1655.2464       300.4404     -2281.2349     -1648.2193       291.3996           3221.0685      -215.4528      6783.3137        -2.1661        12.4645

PRESSURE: 59500 2170.71 1314.45 3324.01 1314.45 4254.51 -2772.9 3324.01 -2772.9 2563.28
GPRESSURE: 59500 -2556.83 188.876 1876.47 -226.991 2103.54 -163.297 414.198 747.43 281.197
PRESSAVG: 59500 -1114.62 331.285 247.662 331.285 1581.77 -82.5092 247.662 -82.5092 -530.842
GPRESSAVG: 59500 -1226.39 340.484 158.117 279.687 1632.15 -76.0519 237.127 -0.843358 -461.151
ENERGY:   59500       214.8880       148.3817         0.0000         0.0000          -2954.5134       329.2675         0.0000         0.0000       616.9389          -1645.0373       296.0971     -2261.9762     -1639.2009       296.9510           2996.1660       -57.3637      6793.1278       -21.2307       -18.4611

WRITING EXTENDED SYSTEM TO RESTART FILE AT STEP 59500
WRITING COORDINATES TO DCD FILE water_simulation.dcd AT STEP 59500
WRITING COORDINATES TO RESTART FILE AT STEP 59500
FINISHED WRITING RESTART COORDINATES
WRITING VELOCITIES TO DCD FILE AT STEP 59500
WRITING VELOCITIES TO RESTART FILE AT STEP 59500
FINISHED WRITING RESTART VELOCITIES
PRESSURE: 59600 2069.24 182.194 -1959.18 182.194 1136.19 3191.54 -1959.18 3191.54 1601.76
GPRESSURE: 59600 65.3493 598.245 460.097 661.099 -455.878 -221.057 752.389 709.748 -1675.44
PRESSAVG: 59600 -329.76 102.108 255.212 102.108 1608.95 664.898 255.212 664.898 -445.99
GPRESSAVG: 59600 -257.533 -4.28052 234.35 149.083 1609.41 590.698 187.381 646.48 -532.224
ENERGY:   59600       217.4656       145.6934         0.0000         0.0000          -2931.1621       307.7722         0.0000         0.0000       616.2301          -1644.0008       295.7569     -2260.2309     -1639.0366       298.7207           1602.3955      -688.6566      6741.3939       277.7329       273.2179

PRESSURE: 59700 2546.02 -1521.15 587.498 -1521.15 2576.39 -183.483 587.498 -183.483 4541.58
GPRESSURE: 59700 -1545.46 -507.15 -409.51 592.307 -646.444 -431.131 161.822 624.418 368.493
PRESSAVG: 59700 174.077 152.83 178.623 152.83 406.434 234.195 178.623 234.195 -764.941
GPRESSAVG: 59700 171.232 222.095 238.275 184.525 308.478 331.511 237.768 230.452 -678.319
ENERGY:   59700       212.0628       123.5421         0.0000         0.0000          -2924.1947       309.1874         0.0000         0.0000       635.6033          -1643.7990       305.0550     -2279.4024     -1637.3193       297.1034           3221.3286      -607.8031      6754.2017       -61.4768       -66.2031

PRESSURE: 59800 7768.92 -977.57 1898.47 -977.57 4619.77 -1168.91 1898.47 -1168.91 5069.54
GPRESSURE: 59800 3638.6 -1473.94 -260.629 -1162.28 1364.58 -750.118 -997.611 -1644.3 -349.99
PRESSAVG: 59800 446.665 32.9144 -241.099 32.9144 -274.816 4.15588 -241.099 4.15588 -461.797
GPRESSAVG: 59800 436.417 106.202 -289.751 1.8146 -280.456 24.7642 -370.896 44.3597 -502.346
ENERGY:   59800       206.6723       135.3630         0.0000         0.0000          -2963.5099       361.3986         0.0000         0.0000       615.8097          -1644.2662       295.5551     -2260.0759     -1638.1797       299.6758           5819.4098      1551.0643      6725.5243       -96.6495      -115.4615

PRESSURE: 59900 -74.2024 378.808 -1714.8 378.808 3796.92 2235.26 -1714.8 2235.26 2539.92
GPRESSURE: 59900 -477.177 -464.725 -30.8123 -377.121 -348.343 846.897 -113.708 -236.385 -803.442
PRESSAVG: 59900 556.846 357.152 -262.049 357.152 -284.114 -187.575 -262.049 -187.575 -339.101
GPRESSAVG: 59900 537.546 281.11 -309.082 313.295 -235.251 -233.742 -208.399 -236.536 -363.37
ENERGY:   59900       226.4030       123.5090         0.0000         0.0000          -2902.8985       305.1111         0.0000         0.0000       603.8715          -1644.0039       289.8254     -2247.8754     -1639.0670       296.7809           2087.5457      -542.9875      6721.1797       -22.1229       -20.3587

PRESSURE: 60000 796.576 -997.739 306.052 -997.739 558.321 1103.41 306.052 1103.41 5627.61
GPRESSURE: 60000 -1820.7 -1231.41 1935.01 -549.722 -556.741 1402.69 635.562 1073.53 653.536
PRESSAVG: 60000 589.671 -689.332 158.754 -689.332 315.827 715.894 158.754 715.894 -861.478
GPRESSAVG: 60000 612.458 -686.505 172.906 -683.958 329.441 711.695 133.266 669.082 -917.137
TIMING: 60000  CPU: 292.537, 0.004529/step  Wall: 292.537, 0.00453/step, 0.0504592 hours remaining, 6.375000 MB of memory in use.
ETITLE:      TS           BOND          ANGLE          DIHED          IMPRP               ELECT            VDW       BOUNDARY           MISC        KINETIC               TOTAL           TEMP      POTENTIAL         TOTAL3        TEMPAVG            PRESSURE      GPRESSURE         VOLUME       PRESSAVG      GPRESSAVG

ENERGY:   60000       216.9152       149.3178         0.0000         0.0000          -2934.3761       310.4578         0.0000         0.0000       607.5269          -1650.1584       291.5798     -2257.6853     -1644.6397       297.9433           2327.5009      -574.6354      6721.3159        14.6730         8.2539

WRITING EXTENDED SYSTEM TO RESTART FILE AT STEP 60000
WRITING COORDINATES TO DCD FILE water_simulation.dcd AT STEP 60000
WRITING COORDINATES TO RESTART FILE AT STEP 60000
FINISHED WRITING RESTART COORDINATES
WRITING VELOCITIES TO DCD FILE AT STEP 60000
WRITING VELOCITIES TO RESTART FILE AT STEP 60000
FINISHED WRITING RESTART VELOCITIES
PRESSURE: 60100 732.889 1137.02 1965.2 1137.02 -2705.91 0.716812 1965.2 0.716812 3680.96
GPRESSURE: 60100 -2114.37 2547.64 -319.883 1036.11 -2857.26 1271.89 837.26 678.008 -260.168
PRESSAVG: 60100 -885.36 -132.582 479.103 -132.582 528.719 371.389 479.103 371.389 51.5722
GPRESSAVG: 60100 -911.103 -146.837 442.714 -115.262 543.984 371.087 524.769 337.748 58.2967
ENERGY:   60100       224.4126       118.1787         0.0000         0.0000          -2855.6788       279.2653         0.0000         0.0000       589.9322          -1643.8899       283.1353     -2233.8221     -1639.4180       293.2997            569.3145     -1743.9304      6793.8288      -101.6895      -102.9406

LDB: ============= START OF LOAD BALANCING ============== 293.243
LDB: ============== END OF LOAD BALANCING =============== 293.243
LDB: =============== DONE WITH MIGRATION ================ 293.243
LDB: ============= START OF LOAD BALANCING ============== 293.47
LDB: ============== END OF LOAD BALANCING =============== 293.47
LDB: =============== DONE WITH MIGRATION ================ 293.47
PRESSURE: 60200 791.85 -309.002 443.888 -309.002 5995.44 -806.042 443.888 -806.042 2213.39
GPRESSURE: 60200 -560.048 -1494.2 -179.826 -309.04 864.535 -933.711 -51.6733 584.553 211.737
PRESSAVG: 60200 -1191.92 177.709 -84.7036 177.709 435.896 -105.39 -84.7036 -105.39 627.742
GPRESSAVG: 60200 -1111.34 222.97 -7.52406 177.061 401.141 -26.9812 -54.5112 -46.1162 650.493
ENERGY:   60200       214.4128       125.8582         0.0000         0.0000          -2934.4748       318.9454         0.0000         0.0000       623.3238          -1651.9347       299.1615     -2275.2585     -1646.3934       295.8666           3000.2273       172.0749      6662.0621       -42.7607       -19.9023

PRESSURE: 60300 4434.31 1610.57 45.7834 1610.57 862.838 2543.11 45.7834 2543.11 1540.68
GPRESSURE: 60300 181.826 261.403 575.573 -62.0792 -759.964 820.77 1089.11 964 -456.237
PRESSAVG: 60300 -79.6128 -172.112 56.8125 -172.112 -341.886 621.384 56.8125 621.384 519.383
GPRESSAVG: 60300 -103.504 -249.242 85.875 -156.992 -383.162 589.08 -30.6559 604.812 549.294
ENERGY:   60300       206.8498       158.2079         0.0000         0.0000          -2939.5185       302.3059         0.0000         0.0000       624.2625          -1647.8925       299.6120     -2272.1549     -1641.4029       295.4423           2279.2762      -344.7915      6614.3408        32.6281        20.8760

PRESSURE: 60400 5685.55 -551.839 2217.49 -551.839 516.477 -940.887 2217.49 -940.887 3447.27
GPRESSURE: 60400 2231.15 -640.495 -76.2827 -141.186 1673.47 340.461 2221.13 436.271 -250.979
PRESSAVG: 60400 302.652 686.975 270.713 686.975 488.448 13.0337 270.713 13.0337 -702.895
GPRESSAVG: 60400 276.318 719.487 232.653 606.754 450.212 -11.1393 322.29 93.3272 -702.522
ENERGY:   60400       227.5078       135.9866         0.0000         0.0000          -2969.2407       346.4344         0.0000         0.0000       600.5370          -1658.7749       288.2251     -2259.3119     -1653.8927       295.8454           3216.4313      1217.8816      6614.1353        29.4018         8.0025

PRESSURE: 60500 2609.34 3224.58 3087.8 3224.58 3441.63 278.797 3087.8 278.797 129.749
GPRESSURE: 60500 -407.551 -202.95 490.346 257.517 1033.67 141.067 1410.45 -215.965 -1474.78
PRESSAVG: 60500 256.163 522.575 731.843 522.575 -6.21299 153.742 731.843 153.742 -11.173
GPRESSAVG: 60500 218.34 555.164 691.891 653.067 99.553 123.547 664.507 120.081 -79.5441
ENERGY:   60500       214.8143       139.8209         0.0000         0.0000          -2943.5097       309.4035         0.0000         0.0000       622.1512          -1657.3198       298.5987     -2279.4710     -1650.6808       293.7712           2060.2408      -282.8870      6617.6598        79.5922        79.4495

WRITING EXTENDED SYSTEM TO RESTART FILE AT STEP 60500
WRITING COORDINATES TO DCD FILE water_simulation.dcd AT STEP 60500
WRITING COORDINATES TO RESTART FILE AT STEP 60500
FINISHED WRITING RESTART COORDINATES
WRITING VELOCITIES TO DCD FILE AT STEP 60500
WRITING VELOCITIES TO RESTART FILE AT STEP 60500
FINISHED WRITING RESTART VELOCITIES
PRESSURE: 60600 1671.17 3343.38 -2609.71 3343.38 7410.65 -1620.65 -2609.71 -1620.65 2574.77
GPRESSURE: 60600 3541.52 50.4268 -756.304 -585.732 3240.23 -673.215 -237.718 -974.966 -825.71
PRESSAVG: 60600 1444.24 263.394 629.776 263.394 1203.06 -15.1636 629.776 -15.1636 -1744.74
GPRESSAVG: 60600 1474.01 201.001 632.469 163.676 1152.24 -20.0125 618.149 40.2243 -1720.22
ENERGY:   60600       226.2283       160.3350         0.0000         0.0000          -3014.9008       367.2685         0.0000         0.0000       605.9915          -1655.0774       290.8429     -2261.0689     -1649.9317       294.5311           3885.5295      1985.3475      6532.9345       300.8556       302.0129

PRESSURE: 60700 3962.26 -1872.74 1224.01 -1872.74 3244.51 -3382.91 1224.01 -3382.91 2705.42
GPRESSURE: 60700 735.03 82.953 381.476 828.323 1602.74 -1547.99 -263.305 -779.198 104.484
PRESSAVG: 60700 -481.981 -463.761 443.319 -463.761 723.471 -398.614 443.319 -398.614 82.3505
GPRESSAVG: 60700 -455.253 -458.702 555.748 -387.108 690.706 -391.109 560.853 -406.413 31.982
ENERGY:   60700       207.8814       121.8816         0.0000         0.0000          -2982.3738       335.1604         0.0000         0.0000       647.3685          -1670.0819       310.7016     -2317.4504     -1662.8364       290.0082           3304.0611       814.0840      6510.0101       107.9467        89.1450

PRESSURE: 60800 4794.25 514.825 2067.06 514.825 3233.35 3894.45 2067.06 3894.45 379.953
GPRESSURE: 60800 419.441 -382.181 531.504 -448.624 2097.25 1375.37 -412.65 2042.21 -120.736
PRESSAVG: 60800 -160.989 -510.22 512.231 -510.22 351.318 640.051 512.231 640.051 -924.478
GPRESSAVG: 60800 -204.568 -529.379 420.177 -576.347 398.268 633.493 469.781 577.11 -884.05
ENERGY:   60800       226.2061       136.6079         0.0000         0.0000          -2974.1054       337.8439         0.0000         0.0000       609.9186          -1663.5289       292.7277     -2273.4475     -1658.1561       291.8687           2802.5184       798.6520      6533.9929      -244.7163      -230.1165

PRESSURE: 60900 -106.43 -848.099 142.329 -848.099 2992.92 -1402.99 142.329 -1402.99 2462.76
GPRESSURE: 60900 -614.27 -223.181 -567.528 502.355 177.402 -1096.64 -367.147 -1264.16 592.832
PRESSAVG: 60900 -563.39 -446.48 -461.353 -446.48 1080.62 -109.997 -461.353 -109.997 -545.486
GPRESSAVG: 60900 -640.6 -404.734 -506.034 -352.119 1124.4 -119.89 -486.76 -56.7711 -512.076
ENERGY:   60900       216.7935       151.3030         0.0000         0.0000          -2987.4249       317.1831         0.0000         0.0000       639.7423          -1662.4030       307.0415     -2302.1454     -1656.3453       295.6895           1783.0826        51.9881      6523.4597        -9.4171        -9.4241

PRESSURE: 61000 3031.74 -1262.72 1284.86 -1262.72 -519.751 -201.007 1284.86 -201.007 -630.529
GPRESSURE: 61000 725.527 -1242.34 -518.17 -978.478 -587.998 -830.521 -243.703 883.632 -594.489
PRESSAVG: 61000 -368.132 -979.578 -580.686 -979.578 615.921 -462.069 -580.686 -462.069 -224.122
GPRESSAVG: 61000 -239.784 -966.355 -498.149 -1129.86 477.958 -412.436 -515.425 -493.326 -177.765
TIMING: 61000  CPU: 297.154, 0.004617/step  Wall: 297.154, 0.004617/step, 0.0501458 hours remaining, 6.375000 MB of memory in use.
ETITLE:      TS           BOND          ANGLE          DIHED          IMPRP               ELECT            VDW       BOUNDARY           MISC        KINETIC               TOTAL           TEMP      POTENTIAL         TOTAL3        TEMPAVG            PRESSURE      GPRESSURE         VOLUME       PRESSAVG      GPRESSAVG

ENERGY:   61000       224.2056       148.5238         0.0000         0.0000          -2951.5267       313.5608         0.0000         0.0000       590.7447          -1674.4918       283.5253     -2265.2365     -1669.3791       301.1303            627.1550      -152.3199      6603.6342         7.8889        20.1365

WRITING EXTENDED SYSTEM TO RESTART FILE AT STEP 61000
WRITING COORDINATES TO DCD FILE water_simulation.dcd AT STEP 61000
WRITING COORDINATES TO RESTART FILE AT STEP 61000
FINISHED WRITING RESTART COORDINATES
WRITING VELOCITIES TO DCD FILE AT STEP 61000
WRITING VELOCITIES TO RESTART FILE AT STEP 61000
FINISHED WRITING RESTART VELOCITIES
PRESSURE: 61100 2406.8 2350.34 691.38 2350.34 6211.15 -1437.75 691.38 -1437.75 3382.29
GPRESSURE: 61100 2283.03 1079.5 -59.1246 841.167 4792.22 -59.179 412.537 433.681 2301.22
PRESSAVG: 61100 363.032 365.122 253.082 365.122 -1.06313 -378.156 253.082 -378.156 -288.323
GPRESSAVG: 61100 308.636 348.165 165.16 458.161 68.6739 -363.776 270.312 -474.305 -350.734
ENERGY:   61100       225.9328       136.5060         0.0000         0.0000          -3025.1361       388.0326         0.0000         0.0000       601.4581          -1673.2065       288.6671     -2274.6646     -1666.7178       291.4591           4000.0823      3125.4936      6517.2456        24.5487         8.8587

PRESSURE: 61200 -903.371 309.812 -1677.84 309.812 2426.37 -1201.38 -1677.84 -1201.38 -3744.14
GPRESSURE: 61200 -2218.69 -785.221 -363.064 385.458 -169.013 -207.668 -366.251 69.5886 -2805.73
PRESSAVG: 61200 24.1852 -635.806 -4.14972 -635.806 -249.924 -38.4201 -4.14972 -38.4201 120.584
GPRESSAVG: 61200 75.251 -587.102 41.4638 -662.244 -261.035 -13.2949 7.45249 86.7429 113.28
ENERGY:   61200       227.4570       132.4076         0.0000         0.0000          -2921.8707       282.7054         0.0000         0.0000       601.7448          -1677.5558       288.8047     -2279.3006     -1671.9642       287.8389           -740.3785     -1731.1465      6660.8288       -35.0515       -24.1681

PRESSURE: 61300 -487.333 -1683.33 -1660.6 -1683.33 -2681.82 -499.409 -1660.6 -499.409 -960.017
GPRESSURE: 61300 -2008.35 -63.2307 -65.4423 -200.951 -681.884 -1650.12 37.584 -1454.36 -2255.77
PRESSAVG: 61300 -239.25 -74.9298 -50.2174 -74.9298 -557.318 -351.202 -50.2174 -351.202 273.79
GPRESSAVG: 61300 -358.425 -58.9757 -22.4317 6.85442 -508.063 -480.37 -56.0292 -400.879 331.39
ENERGY:   61300       232.0149       132.8371         0.0000         0.0000          -2938.5536       282.6152         0.0000         0.0000       617.3908          -1673.6956       296.3140     -2291.0864     -1669.3374       291.9367          -1376.3888     -1648.6693      6608.2749      -174.2592      -178.3660

PRESSURE: 61400 -132.982 2161.76 2307.57 2161.76 2096.73 2006.19 2307.57 2006.19 -1919.94
GPRESSURE: 61400 409.936 1100.45 636.201 1269.99 -272.024 -87.3645 854.242 1277.76 1847.73
PRESSAVG: 61400 853.673 486.719 -137.163 486.719 -242.617 -784.61 -137.163 -784.61 -259.232
GPRESSAVG: 61400 946.709 489.799 -160.765 405.928 -277.142 -707.723 -195.427 -807.538 -283.7
ENERGY:   61400       239.0188       150.2211         0.0000         0.0000          -2994.9346       331.8586         0.0000         0.0000       601.5030          -1672.3332       288.6887     -2273.8361     -1667.1932       293.3620             14.6037       661.8797      6535.9491       117.2746       128.6223

PRESSURE: 61500 1118.03 -832.761 -904.477 -832.761 2451.37 1450.15 -904.477 1450.15 2401.49
GPRESSURE: 61500 3241.48 -183.437 27.3376 -482.483 2632.4 -172.295 -966.734 -1379.75 1588.03
PRESSAVG: 61500 -400.455 151.07 -110.502 151.07 -661.451 -64.9055 -110.502 -64.9055 1050.07
GPRESSAVG: 61500 -370.624 104.683 -128.432 158.963 -671.319 -108.619 -151.332 -24.4136 1062.34
ENERGY:   61500       241.3465       154.8370         0.0000         0.0000          -3058.6680       379.6524         0.0000         0.0000       600.3726          -1682.4595       288.1462     -2282.8321     -1677.5477       297.5989           1990.2995      2487.3007      6453.6381        -3.9447         6.7998

WRITING EXTENDED SYSTEM TO RESTART FILE AT STEP 61500
WRITING COORDINATES TO DCD FILE water_simulation.dcd AT STEP 61500
WRITING COORDINATES TO RESTART FILE AT STEP 61500
FINISHED WRITING RESTART COORDINATES
WRITING VELOCITIES TO DCD FILE AT STEP 61500
WRITING VELOCITIES TO RESTART FILE AT STEP 61500
FINISHED WRITING RESTART VELOCITIES
PRESSURE: 61600 44.1137 -1119.01 -1040.38 -1119.01 1282.4 208.768 -1040.38 208.768 2467.31
GPRESSURE: 61600 4.30422 -625.502 -453.573 -440.697 135.42 -1299.9 213.682 -1024.14 1250.6
PRESSAVG: 61600 890.236 213.541 -425.259 213.541 -230.223 -366.91 -425.259 -366.91 -547.769
GPRESSAVG: 61600 829.987 199.415 -354.831 255.937 -189.426 -445.416 -397.99 -411.215 -551.237
ENERGY:   61600       223.7462       135.2686         0.0000         0.0000          -2996.2355       341.6692         0.0000         0.0000       618.0769          -1677.4746       296.6432     -2295.5515     -1672.3290       293.4678           1264.6062       463.4431      6634.0031        37.4147        29.7745

PRESSURE: 61700 1354.21 -1617.45 1225.33 -1617.45 84.5779 -1642.36 1225.33 -1642.36 2452.35
GPRESSURE: 61700 512.847 -921.756 1036.7 64.8399 661.621 436.994 346.844 461.85 -1079.98
PRESSAVG: 61700 -167.649 -541.918 449.428 -541.918 -242.976 -493.644 449.428 -493.644 911.924
GPRESSAVG: 61700 -66.5944 -500.685 392.667 -505.856 -304.499 -334.196 466.59 -505.694 885.78
ENERGY:   61700       223.7012       132.2471         0.0000         0.0000          -2957.9664       334.3464         0.0000         0.0000       592.1679          -1675.5038       284.2083     -2267.6717     -1670.5584       292.3608           1297.0456        31.4948      6750.4285       167.0996       171.5623

PRESSURE: 61800 7987.72 -873.007 -2592.61 -873.007 -1513.08 -220.889 -2592.61 -220.889 3452.54
GPRESSURE: 61800 2558.63 343.5 -1170.17 -35.3566 293.83 -675.02 -1357.53 -1340.15 595.685
PRESSAVG: 61800 132.719 -562.615 -364.142 -562.615 924.094 219.816 -364.142 219.816 -832.808
GPRESSAVG: 61800 19.8371 -604.87 -384.166 -613.544 1024.71 206.804 -392.838 218.246 -835.91
ENERGY:   61800       224.3509       139.5703         0.0000         0.0000          -2998.2430       358.2231         0.0000         0.0000       607.0639          -1669.0348       291.3576     -2276.0987     -1664.0522       291.3001           3309.0596      1149.3814      6716.7113        74.6683        69.5455

PRESSURE: 61900 -253.542 23.644 676.475 23.644 3165.5 -11.2699 676.475 -11.2699 2694.07
GPRESSURE: 61900 -1030.28 -159.741 1536.08 357.584 -1113.25 -1883.71 600.842 -931.375 349.053
PRESSAVG: 61900 424.825 -40.357 -478.04 -40.357 -384.395 -475.53 -478.04 -475.53 1003.04
GPRESSAVG: 61900 485.723 38.4727 -492.505 -59.4099 -481.387 -471.721 -335.726 -448.162 1008.06
ENERGY:   61900       214.3756       132.1774         0.0000         0.0000          -2949.9823       315.9043         0.0000         0.0000       604.4026          -1683.1224       290.0803     -2287.5250     -1677.1298       295.3617           1868.6755      -598.1598      6736.9193       347.8250       337.4663

PRESSURE: 62000 1714.54 -669.157 -303.597 -669.157 284.755 -54.5185 -303.597 -54.5185 1634.1
GPRESSURE: 62000 -1089.74 30.9926 -1406.99 -629.941 -697.014 -26.3069 -1795.12 -547.698 -2590.48
PRESSAVG: 62000 -802.216 -883.655 -302.178 -883.655 605.923 -731.842 -302.178 -731.842 176.044
GPRESSAVG: 62000 -893.684 -804.466 -264.776 -851.201 681.589 -802.851 -492.848 -718.511 168.469
TIMING: 62000  CPU: 301.681, 0.004527/step  Wall: 301.681, 0.004527/step, 0.0479107 hours remaining, 6.441406 MB of memory in use.
ETITLE:      TS           BOND          ANGLE          DIHED          IMPRP               ELECT            VDW       BOUNDARY           MISC        KINETIC               TOTAL           TEMP      POTENTIAL         TOTAL3        TEMPAVG            PRESSURE      GPRESSURE         VOLUME       PRESSAVG      GPRESSAVG

ENERGY:   62000       222.3167       125.9906         0.0000         0.0000          -2919.9629       302.0315         0.0000         0.0000       602.2299          -1667.3942       289.0376     -2269.6241     -1661.8388       291.7541           1211.1323     -1459.0778      6899.6465        -6.7497       -14.5421

WRITING EXTENDED SYSTEM TO RESTART FILE AT STEP 62000
WRITING COORDINATES TO DCD FILE water_simulation.dcd AT STEP 62000
WRITING COORDINATES TO RESTART FILE AT STEP 62000
FINISHED WRITING RESTART COORDINATES
WRITING VELOCITIES TO DCD FILE AT STEP 62000
WRITING VELOCITIES TO RESTART FILE AT STEP 62000
FINISHED WRITING RESTART VELOCITIES
PRESSURE: 62100 3846.2 -58.9971 -766.173 -58.9971 5371.34 -139.111 -766.173 -139.111 2230.92
GPRESSURE: 62100 -422.025 -451.554 -1038.57 -393.641 2383.85 82.5615 -611.705 223.835 76.5609
PRESSAVG: 62100 311.749 -654.059 -339.133 -654.059 391.444 -592.568 -339.133 -592.568 -681.282
GPRESSAVG: 62100 330.424 -798.47 -327.673 -679.958 303.753 -585.466 -221.445 -570.217 -704.869
ENERGY:   62100       203.8127       149.5460         0.0000         0.0000          -3034.5990       354.5003         0.0000         0.0000       653.7413          -1672.9988       313.7602     -2326.7401     -1666.3462       290.3651           3816.1547       679.4626      6670.0159         7.3035       -23.5639

LDB: ============= START OF LOAD BALANCING ============== 302.44
LDB: ============== END OF LOAD BALANCING =============== 302.44
LDB: =============== DONE WITH MIGRATION ================ 302.44
LDB: ============= START OF LOAD BALANCING ============== 302.692
LDB: ============== END OF LOAD BALANCING =============== 302.692
LDB: =============== DONE WITH MIGRATION ================ 302.692
PRESSURE: 62200 2566.53 -772.923 2092.93 -772.923 3587.29 1918.33 2092.93 1918.33 -2352.79
GPRESSURE: 62200 -45.3875 -541.139 1073.3 -1215.17 -158.864 805.529 379.244 -345.862 -889.592
PRESSAVG: 62200 -347.115 -1319.82 203.514 -1319.82 583.803 131.419 203.514 131.419 12.5478
GPRESSAVG: 62200 -331.025 -1222.66 135.994 -1310.26 644.016 225.296 178.59 51.5215 1.58003
ENERGY:   62200       222.3565       128.3169         0.0000         0.0000          -2955.6470       330.1297         0.0000         0.0000       603.7250          -1671.1188       289.7551     -2274.8438     -1666.6574       292.2190           1267.0093      -364.6144      6823.7364        83.0785       104.8570

PRESSURE: 62300 599.942 3752.91 -1844.47 3752.91 4962.24 1397.59 -1844.47 1397.59 3121.49
GPRESSURE: 62300 1458.89 1080.94 -1014.23 650.697 2101.52 522.674 -1078.82 1265.38 1779.34
PRESSAVG: 62300 690.011 371.63 -402.314 371.63 -267.901 -209.324 -402.314 -209.324 -1403.88
GPRESSAVG: 62300 693.888 197.374 -254.074 311.412 -362.628 -297.89 -539.01 -152.304 -1290.35
ENERGY:   62300       213.7451       143.1293         0.0000         0.0000          -3016.2744       374.4012         0.0000         0.0000       622.6139          -1662.3849       298.8207     -2284.9988     -1655.6621       293.4761           2894.5576      1779.9119      6658.7039      -327.2581      -319.6970

PRESSURE: 62400 -4051.75 663.41 -703.017 663.41 3061.39 517.762 -703.017 517.762 324.181
GPRESSURE: 62400 -3242.43 925.924 -295.27 673.803 1636.64 -895.33 -446.821 -223.398 -2027.59
PRESSAVG: 62400 -1176.65 670.021 -585.118 670.021 1604.51 589.935 -585.118 589.935 -155.646
GPRESSAVG: 62400 -1158.13 801.3 -607.033 786.944 1679.17 585.87 -536.118 717.515 -307.04
ENERGY:   62400       230.7573       135.2259         0.0000         0.0000          -2945.9506       309.2241         0.0000         0.0000       599.3279          -1671.4154       287.6447     -2270.7433     -1666.2306       296.5609           -222.0590     -1211.1266      6834.5259        90.7408        71.3319

PRESSURE: 62500 3446.08 3097.69 -1531.25 3097.69 1513.33 482.833 -1531.25 482.833 326.424
GPRESSURE: 62500 -64.4524 1510.77 666.088 536.265 -374.542 -523.668 750.06 376.559 553.636
PRESSAVG: 62500 -970.381 334.392 -364.082 334.392 64.4265 124.638 -364.082 124.638 817.862
GPRESSAVG: 62500 -960.582 276.021 -358.902 264.628 13.6294 151.759 -378.31 -48.2951 878.927
ENERGY:   62500       209.7465       128.4028         0.0000         0.0000          -2953.4897       324.5116         0.0000         0.0000       619.2403          -1671.5885       297.2016     -2290.8288     -1665.4092       296.2173           1761.9443        38.2139      6629.7433       -29.3641       -22.6752

WRITING EXTENDED SYSTEM TO RESTART FILE AT STEP 62500
WRITING COORDINATES TO DCD FILE water_simulation.dcd AT STEP 62500
WRITING COORDINATES TO RESTART FILE AT STEP 62500
FINISHED WRITING RESTART COORDINATES
WRITING VELOCITIES TO DCD FILE AT STEP 62500
WRITING VELOCITIES TO RESTART FILE AT STEP 62500
FINISHED WRITING RESTART VELOCITIES
PRESSURE: 62600 2818.4 -927.07 -651.261 -927.07 1405.77 -841.614 -651.261 -841.614 1915.27
GPRESSURE: 62600 489.033 -397.623 -1515.53 -284.479 410.226 -1884.48 198.829 159.431 783.066
PRESSAVG: 62600 -826.779 169.515 -203.104 169.515 850.807 -824.484 -203.104 -824.484 -71.5035
GPRESSAVG: 62600 -820.04 257.945 -257.564 122.253 841.049 -814.507 -114.093 -829.686 -46.0779
ENERGY:   62600       202.2013       132.9082         0.0000         0.0000          -2957.9563       334.3567         0.0000         0.0000       615.2602          -1673.2299       295.2914     -2288.4901     -1666.0255       294.9387           2046.4821       560.7750      6571.6667       -15.8252        -8.3563

PRESSURE: 62700 1193.42 -429.503 1765.47 -429.503 2313.06 1776.46 1765.47 1776.46 3104.98
GPRESSURE: 62700 1141.31 784.376 -162.194 1131.79 1840.6 194.832 -5.22829 23.6282 915.72
PRESSAVG: 62700 -525.106 676.008 -700.194 676.008 646.423 -702.583 -700.194 -702.583 -46.5397
GPRESSAVG: 62700 -537.241 585.486 -701.97 751.477 677.241 -689.901 -720.314 -737.95 -79.2954
ENERGY:   62700       221.5402       157.0190         0.0000         0.0000          -3008.9134       357.8850         0.0000         0.0000       600.3628          -1672.1063       288.1415     -2272.4691     -1665.7614       293.6319           2203.8197      1299.2099      6550.2505        24.9257        20.2346

PRESSURE: 62800 -2793.43 -2630.78 -859.192 -2630.78 -635.513 -2687.91 -859.192 -2687.91 3263.17
GPRESSURE: 62800 -806.245 -292.658 -351.181 -1236.35 -1569.07 183.394 -400.036 -1770.26 -1283.51
PRESSAVG: 62800 -90.797 -799.858 -764.365 -799.858 261.868 213.13 -764.365 213.13 621.205
GPRESSAVG: 62800 -53.0169 -661.629 -779.146 -855.03 261.903 218.887 -734.233 330.131 576.267
ENERGY:   62800       225.5744       125.1055         0.0000         0.0000          -2949.2072       298.9823         0.0000         0.0000       612.7520          -1686.7930       294.0876     -2299.5449     -1681.5408       291.9461            -55.2553     -1219.6071      6650.5905       264.0922       261.7177

PRESSURE: 62900 1621.04 17.2927 -1563.02 17.2927 -420.376 206.538 -1563.02 206.538 2482
GPRESSURE: 62900 -475.538 -1811.55 -338.336 -973.793 1163.77 693.493 278.631 623.509 1803.44
PRESSAVG: 62900 -316.067 -319.985 -490.731 -319.985 -209.785 368.908 -490.731 368.908 303.136
GPRESSAVG: 62900 -292.761 -359.226 -506.122 -273.361 -217.687 367.105 -524.482 379.083 291.903
ENERGY:   62900       212.0656       145.8203         0.0000         0.0000          -3006.2592       350.6273         0.0000         0.0000       611.4616          -1686.2844       293.4683     -2297.7459     -1678.9284       293.1601           1227.5556       830.5561      6608.8082       -74.2383       -72.8485

PRESSURE: 63000 -1474.79 -1690.47 1181.76 -1690.47 165.284 3148.05 1181.76 3148.05 -584.674
GPRESSURE: 63000 -1017.34 -975.389 695.354 -1669.23 767.292 861.056 808.497 131.771 584.73
PRESSAVG: 63000 -541.136 -888.462 -141.267 -888.462 465.599 256.103 -141.267 256.103 371.251
GPRESSAVG: 63000 -621.096 -914.507 -96.1813 -918.08 527.218 201.237 -88.2746 114.988 398.655
TIMING: 63000  CPU: 306.399, 0.004718/step  Wall: 306.399, 0.004718/step, 0.0486216 hours remaining, 6.441406 MB of memory in use.
ETITLE:      TS           BOND          ANGLE          DIHED          IMPRP               ELECT            VDW       BOUNDARY           MISC        KINETIC               TOTAL           TEMP      POTENTIAL         TOTAL3        TEMPAVG            PRESSURE      GPRESSURE         VOLUME       PRESSAVG      GPRESSAVG

ENERGY:   63000       249.7063       135.9071         0.0000         0.0000          -2994.6261       330.8407         0.0000         0.0000       599.6228          -1678.5492       287.7863     -2278.1720     -1674.0756       293.8494           -631.3917       111.5610      6561.2296        98.5715       101.5923

WRITING EXTENDED SYSTEM TO RESTART FILE AT STEP 63000
WRITING COORDINATES TO DCD FILE water_simulation.dcd AT STEP 63000
WRITING COORDINATES TO RESTART FILE AT STEP 63000
FINISHED WRITING RESTART COORDINATES
WRITING VELOCITIES TO DCD FILE AT STEP 63000
WRITING VELOCITIES TO RESTART FILE AT STEP 63000
FINISHED WRITING RESTART VELOCITIES
PRESSURE: 63100 1622.08 1411.6 -779.544 1411.6 -975.834 -2233.71 -779.544 -2233.71 470.78
GPRESSURE: 63100 390.8 -397.089 -1304.83 -432.538 1532.94 -1752.37 -2207.31 -713.888 -665.678
PRESSAVG: 63100 -1534.61 -732.749 -61.3976 -732.749 8.11915 451.704 -61.3976 451.704 1209.2
GPRESSAVG: 63100 -1479.56 -811.187 -121.549 -682.686 -74.7051 445.703 -58.6267 510.055 1263.79
ENERGY:   63100       231.4554       142.2386         0.0000         0.0000          -3023.2597       346.9640         0.0000         0.0000       618.9333          -1683.6684       297.0543     -2302.6017     -1677.9551       295.9751            372.3423       419.3522      6627.4259      -105.7645       -96.8280

PRESSURE: 63200 -1354.43 1937.27 -367.46 1937.27 -2277.07 -3697.41 -367.46 -3697.41 592.193
GPRESSURE: 63200 -1088.67 -899.878 -1134.62 187.061 -1556.82 1217.98 -379.065 443.033 107.041
PRESSAVG: 63200 629.96 -459.64 -958.432 -459.64 116.603 319.051 -958.432 319.051 -610.362
GPRESSAVG: 63200 556.49 -404.843 -892.147 -454.08 230.778 377.507 -963.209 308.092 -634.053
ENERGY:   63200       240.6479       123.2800         0.0000         0.0000          -2987.0199       320.6417         0.0000         0.0000       625.5919          -1676.8584       300.2500     -2302.4503     -1671.1998       291.5442          -1013.1010      -846.1480      6729.1171        45.4006        51.0715

PRESSURE: 63300 -527.73 -748.738 148.757 -748.738 -309.03 14.8388 148.757 14.8388 -1451.88
GPRESSURE: 63300 -919.471 265.293 -414.817 1165.81 -1298.79 -1326.03 -1328.67 -400.651 -2109.35
PRESSAVG: 63300 395.181 -1.70938 -533.252 -1.70938 -473.446 -231.937 -533.252 -231.937 317.714
GPRESSAVG: 63300 443.26 -25.0644 -539.333 -56.5708 -544.288 -173.466 -606.776 -32.5037 296.451
ENERGY:   63300       225.1103       126.4650         0.0000         0.0000          -2945.8985       295.7266         0.0000         0.0000       620.1770          -1678.4195       297.6512     -2298.5966     -1671.6208       299.9735           -762.8796     -1442.5357      6712.3925        79.8164        65.1411

PRESSURE: 63400 -158.741 375.691 -795.009 375.691 -2282.86 2276.4 -795.009 2276.4 -985.274
GPRESSURE: 63400 -1335.08 -102.316 -271.688 699.699 -831.148 -474.677 106.376 247.307 -521.572
PRESSAVG: 63400 -5.95724 -798.661 -1213.36 -798.661 761.819 150.62 -1213.36 150.62 -656.705
GPRESSAVG: 63400 -88.1382 -768.549 -1174.11 -733.696 797.632 12.2059 -1208.79 -99.5704 -578.711
ENERGY:   63400       226.8377       128.3367         0.0000         0.0000          -2968.1690       307.0546         0.0000         0.0000       626.6793          -1679.2607       300.7719     -2305.9400     -1673.0277       292.4522          -1142.2919      -895.9325      6644.1684        33.0521        43.5944

PRESSURE: 63500 -2428.78 -943.704 -27.0578 -943.704 2304.42 -1699.19 -27.0578 -1699.19 2554.38
GPRESSURE: 63500 1287.59 -1297.35 -48.5041 -161.932 1268.99 300.878 -1330.42 -348.632 867.896
PRESSAVG: 63500 591.73 603.05 74.0392 603.05 578.876 -351.302 74.0392 -351.302 -982.289
GPRESSAVG: 63500 691.49 511.077 14.7397 574.236 492.321 -288.867 142.582 -312.397 -1009.13
ENERGY:   63500       240.0746       142.5139         0.0000         0.0000          -3040.1388       369.5875         0.0000         0.0000       604.7631          -1683.1997       290.2534     -2287.9628     -1676.7579       294.8501            810.0036      1141.4920      6749.0285        62.7724        58.2285

WRITING EXTENDED SYSTEM TO RESTART FILE AT STEP 63500
WRITING COORDINATES TO DCD FILE water_simulation.dcd AT STEP 63500
WRITING COORDINATES TO RESTART FILE AT STEP 63500
FINISHED WRITING RESTART COORDINATES
WRITING VELOCITIES TO DCD FILE AT STEP 63500
WRITING VELOCITIES TO RESTART FILE AT STEP 63500
FINISHED WRITING RESTART VELOCITIES
PRESSURE: 63600 -1555.12 -209.499 -4003.63 -209.499 312.769 -3319.55 -4003.63 -3319.55 1298.31
GPRESSURE: 63600 -1273.84 -293.222 166.506 -750.753 -479.614 -631.61 -247.596 -1191.99 -172.727
PRESSAVG: 63600 235.846 -205.929 249.092 -205.929 431.686 -147.848 249.092 -147.848 -53.9023
GPRESSAVG: 63600 283.927 -112.499 249.788 -236.081 446.18 -158.486 184.356 -21.369 -155.332
ENERGY:   63600       230.5551       131.6318         0.0000         0.0000          -2970.1000       324.6992         0.0000         0.0000       608.1353          -1675.0787       291.8718     -2283.2140     -1669.2167       296.2566             18.6530      -642.0592      6840.8237       204.5435       191.5916

PRESSURE: 63700 1609.03 88.7437 -1772.11 88.7437 3135.34 -796.995 -1772.11 -796.995 -2153.17
GPRESSURE: 63700 -661.818 -1563.85 -517.709 -2.97101 2617.7 -622.705 -314.217 -950.579 1600.61
PRESSAVG: 63700 -1045.95 -317.15 -688.161 -317.15 -140.786 21.6463 -688.161 21.6463 446.599
GPRESSAVG: 63700 -1105.64 -251.632 -677.557 -214.51 -168.364 4.36608 -505.176 16.9676 526.662
ENERGY:   63700       235.9426       149.3570         0.0000         0.0000          -3070.1923       369.1532         0.0000         0.0000       643.1098          -1672.6298       308.6577     -2315.7395     -1667.3097       292.1468            863.7338      1185.4982      6631.2072      -246.7125      -249.1146

PRESSURE: 63800 1723.98 53.2836 4184.19 53.2836 1240.77 -1820.36 4184.19 -1820.36 -5711.77
GPRESSURE: 63800 705.651 -185.793 502.297 183.313 -90.962 -43.6065 910.929 -730.948 -1756.09
PRESSAVG: 63800 874.389 -281.001 -211.607 -281.001 386.783 0.399506 -211.607 0.399506 -835.227
GPRESSAVG: 63800 818.505 -372.389 -179.046 -355.031 406.942 16.6506 -373.076 -62.5706 -769.586
ENERGY:   63800       232.1304       131.0494         0.0000         0.0000          -2986.6854       326.4836         0.0000         0.0000       617.9294          -1679.0927       296.5724     -2297.0220     -1673.0588       291.6625           -915.6719      -380.4653      6726.4338       141.9818       151.9538

PRESSURE: 63900 434.788 -2678.57 -948.747 -2678.57 -4127.06 1678.97 -948.747 1678.97 2654.67
GPRESSURE: 63900 127.637 -1264.33 -424.599 -706.955 -311.366 322.694 -150.677 1128.88 22.2878
PRESSAVG: 63900 401.959 13.2809 424.458 13.2809 353.88 29.9476 424.458 29.9476 -623.881
GPRESSAVG: 63900 424.314 78.5418 298.869 -40.7066 402.521 52.8201 440.525 77.7368 -655.091
ENERGY:   63900       213.5353       139.4933         0.0000         0.0000          -2985.7912       330.7478         0.0000         0.0000       621.2771          -1680.7377       298.1792     -2302.0148     -1673.0139       291.5996           -345.8670       -53.8137      6716.3137        43.9862        57.2482

PRESSURE: 64000 -724.696 -500.907 -113.557 -500.907 -464.748 1127.24 -113.557 1127.24 -1061.29
GPRESSURE: 64000 -370.35 -424.604 -146.132 -317.754 1105.83 225.522 518.81 901.066 -793.077
PRESSAVG: 64000 337.815 231.115 -55.653 231.115 213.395 328.775 -55.653 328.775 46.2965
GPRESSAVG: 64000 343.579 215.896 29.9009 259.525 177.453 262.828 -72.4032 304.724 66.5825
TIMING: 64000  CPU: 310.962, 0.004563/step  Wall: 310.962, 0.004563/step, 0.0457568 hours remaining, 6.441406 MB of memory in use.
ETITLE:      TS           BOND          ANGLE          DIHED          IMPRP               ELECT            VDW       BOUNDARY           MISC        KINETIC               TOTAL           TEMP      POTENTIAL         TOTAL3        TEMPAVG            PRESSURE      GPRESSURE         VOLUME       PRESSAVG      GPRESSAVG

ENERGY:   64000       237.6223       136.7955         0.0000         0.0000          -3000.9255       335.4956         0.0000         0.0000       612.7897          -1678.2224       294.1057     -2291.0121     -1672.9762       295.5972           -750.2454       -19.2002      6738.2365       199.1690       195.8716

WRITING EXTENDED SYSTEM TO RESTART FILE AT STEP 64000
WRITING COORDINATES TO DCD FILE water_simulation.dcd AT STEP 64000
WRITING COORDINATES TO RESTART FILE AT STEP 64000
FINISHED WRITING RESTART COORDINATES
WRITING VELOCITIES TO DCD FILE AT STEP 64000
WRITING VELOCITIES TO RESTART FILE AT STEP 64000
FINISHED WRITING RESTART VELOCITIES
PRESSURE: 64100 -2273.01 1459.71 119.334 1459.71 1035.15 586.463 119.334 586.463 -3160.01
GPRESSURE: 64100 -554.089 1056.55 568.59 429.62 -76.7223 124.544 1881.78 503.493 -1595.14
PRESSAVG: 64100 -570.667 -320.153 1110.44 -320.153 136.507 -463.057 1110.44 -463.057 244.351
GPRESSAVG: 64100 -489.492 -418.796 1057.53 -285.196 134.425 -321.449 1136.85 -535.224 148.187
ENERGY:   64100       227.5560       156.5489         0.0000         0.0000          -2981.6151       311.8949         0.0000         0.0000       608.3038          -1677.3114       291.9527     -2285.6152     -1672.0141       289.0362          -1465.9562      -741.9834      6680.0887       -63.2697       -68.9601

LDB: ============= START OF LOAD BALANCING ============== 311.677
LDB: ============== END OF LOAD BALANCING =============== 311.677
LDB: =============== DONE WITH MIGRATION ================ 311.677
LDB: ============= START OF LOAD BALANCING ============== 311.934
LDB: ============== END OF LOAD BALANCING =============== 311.934
LDB: =============== DONE WITH MIGRATION ================ 311.934
PRESSURE: 64200 1070.66 -1039.68 1377.25 -1039.68 583.096 -893.376 1377.25 -893.376 -1220.94
GPRESSURE: 64200 1090.13 -1090.98 1031.53 -1995.71 -325.256 -224.128 -924.508 -1029.9 -63.2813
PRESSAVG: 64200 -269.239 5.50981 -122.416 5.50981 452.919 292.803 -122.416 292.803 -199.879
GPRESSAVG: 64200 -321.736 71.7696 -39.1018 -25.1829 439.329 214.258 -134.594 402.545 -144.515
ENERGY:   64200       228.8506       122.7731         0.0000         0.0000          -2967.6834       329.5092         0.0000         0.0000       599.9145          -1686.6359       287.9263     -2286.5504     -1680.5260       292.8325            144.2722       233.8631      6646.0651        -5.3998        -8.9742

PRESSURE: 64300 -3224.01 -350.318 1549.06 -350.318 636.07 3491.94 1549.06 3491.94 -846.062
GPRESSURE: 64300 -1630 96.7617 6.4095 129.472 409.841 1332.81 -321.475 1830.28 -2349.46
PRESSAVG: 64300 1431.12 -22.4709 -377.62 -22.4709 -92.185 631.467 -377.62 631.467 -752.889
GPRESSAVG: 64300 1415.33 -138.177 -469.004 46.8235 -75.0128 585.208 -415.283 588.501 -734.015
ENERGY:   64300       228.7146       137.4683         0.0000         0.0000          -2957.4235       305.9537         0.0000         0.0000       600.9690          -1684.3179       288.4324     -2285.2869     -1677.8948       292.8417          -1144.6660     -1189.8704      6730.7498       195.3495       202.1002

PRESSURE: 64400 -3112.43 514.041 -1694.13 514.041 -2767.64 -419.046 -1694.13 -419.046 1051.92
GPRESSURE: 64400 -1733.4 -202.349 143.986 -1001.19 -1430.14 56.5902 574.75 -1341.63 -911.341
PRESSAVG: 64400 -236.775 -818.122 735.016 -818.122 -513.323 566.292 735.016 566.292 155.44
GPRESSAVG: 64400 -271.866 -711.566 788.85 -836.892 -512.126 568.648 751.186 510.575 160.846
ENERGY:   64400       224.4405       158.6139         0.0000         0.0000          -2984.5182       298.5708         0.0000         0.0000       622.8224          -1680.0705       298.9208     -2302.8929     -1673.5731       294.5955          -1609.3846     -1358.2947      6635.9301      -198.2197      -207.7154

PRESSURE: 64500 -701.139 390.605 805.061 390.605 -1602.86 -961.182 805.061 -961.182 -278.967
GPRESSURE: 64500 739.14 285.629 -665.065 1073.15 -1951.02 -560.858 -601.964 581.705 -2533.97
PRESSAVG: 64500 621.802 262.237 -482.273 262.237 -814.701 -663.055 -482.273 -663.055 -633.822
GPRESSAVG: 64500 719.467 272.293 -451.515 216.552 -845.528 -711.022 -423.938 -617.659 -753.76
ENERGY:   64500       223.7904       119.0276         0.0000         0.0000          -2898.7457       284.3452         0.0000         0.0000       606.7594          -1664.8232       291.2115     -2271.5826     -1659.2949       293.2867           -860.9885     -1248.6138      6689.0598      -275.5737      -293.2737

WRITING EXTENDED SYSTEM TO RESTART FILE AT STEP 64500
WRITING COORDINATES TO DCD FILE water_simulation.dcd AT STEP 64500
WRITING COORDINATES TO RESTART FILE AT STEP 64500
FINISHED WRITING RESTART COORDINATES
WRITING VELOCITIES TO DCD FILE AT STEP 64500
WRITING VELOCITIES TO RESTART FILE AT STEP 64500
FINISHED WRITING RESTART VELOCITIES
PRESSURE: 64600 1048.7 -1421.16 2787.2 -1421.16 2611.66 -960.973 2787.2 -960.973 1154.26
GPRESSURE: 64600 2518.42 -94.2771 1506.76 -747.994 -174.39 -857.07 557.898 27.7753 -424.065
PRESSAVG: 64600 1287.72 80.7326 -648.674 80.7326 -467.097 -190.012 -648.674 -190.012 -837.31
GPRESSAVG: 64600 1266.65 115.413 -673.234 119.348 -433.622 -140.521 -647.089 -228.328 -812.48
ENERGY:   64600       223.2877       147.2032         0.0000         0.0000          -2998.9032       343.8477         0.0000         0.0000       628.1716          -1656.3930       301.4882     -2284.5646     -1650.5097       298.6697           1604.8706       639.9870      6682.3467        -5.5626         6.8502

PRESSURE: 64700 1570.07 3570.98 -362.735 3570.98 1288.21 -1821.77 -362.735 -1821.77 -1621.15
GPRESSURE: 64700 814.088 1102.59 -1092.25 1992.65 898.037 -432.026 -1287.81 725.254 -1363.46
PRESSAVG: 64700 651.999 -121.386 -226.703 -121.386 -551.879 -357.373 -226.703 -357.373 -99.4576
GPRESSAVG: 64700 644.349 -194.215 -274.587 -132.998 -596.947 -307.841 -221.98 -385.221 -82.2962
ENERGY:   64700       234.7809       167.8077         0.0000         0.0000          -2973.3507       325.3830         0.0000         0.0000       595.6676          -1649.7117       285.8880     -2245.3793     -1645.1916       294.5714            412.3745       116.2205      6623.1516         0.2208       -11.6316

PRESSURE: 64800 4599.73 1634.31 1364.02 1634.31 -913.386 427.295 1364.02 427.295 1286.52
GPRESSURE: 64800 2254.29 -472.103 -34.4845 -2062.15 -1513.42 1012.11 -255.679 708.153 1262.87
PRESSAVG: 64800 907.184 47.1006 418.936 47.1006 -422.262 266.773 418.936 266.773 -443.067
GPRESSAVG: 64800 884.228 16.5412 472.334 35.2239 -409.58 263.922 384.114 324.866 -479.635
ENERGY:   64800       223.1736       133.0498         0.0000         0.0000          -2971.8806       336.2267         0.0000         0.0000       622.7777          -1656.6529       298.8994     -2279.4306     -1650.7973       293.2391           1657.6203       667.9154      6571.8168        13.9517        -1.6622

PRESSURE: 64900 4928.99 -2834.23 -1331.54 -2834.23 3090.79 1261.73 -1331.54 1261.73 -213.482
GPRESSURE: 64900 3250.97 -745.655 -250.567 -751.357 2277.88 -222.642 -596.902 474.433 1133.79
PRESSAVG: 64900 308.138 -198.952 259.527 -198.952 8.1284 -950.064 259.527 -950.064 -871.204
GPRESSAVG: 64900 275.733 -155.694 181.607 -221.089 23.1009 -1033.19 295.565 -941.662 -831.817
ENERGY:   64900       228.2996       126.5703         0.0000         0.0000          -3016.7747       374.5443         0.0000         0.0000       618.0285          -1669.3320       296.6200     -2287.3605     -1664.1324       299.5134           2602.1002      2220.8798      6484.7630      -184.9795      -177.6608

PRESSURE: 65000 2223.15 -3015.52 1188.7 -3015.52 -3203.43 1178.61 1188.7 1178.61 1521.86
GPRESSURE: 65000 852.8 -227.075 166.049 -184.004 -1688.13 638.825 929.36 -61.6362 123.03
PRESSAVG: 65000 371.268 -377.214 -362.424 -377.214 -1139.31 -646.512 -362.424 -646.512 1002.81
GPRESSAVG: 65000 387.622 -294.505 -283.062 -337.663 -1148.66 -535.315 -327.186 -738.732 1000.1
TIMING: 65000  CPU: 316.043, 0.005081/step  Wall: 316.043, 0.005081/step, 0.0495397 hours remaining, 6.441406 MB of memory in use.
ETITLE:      TS           BOND          ANGLE          DIHED          IMPRP               ELECT            VDW       BOUNDARY           MISC        KINETIC               TOTAL           TEMP      POTENTIAL         TOTAL3        TEMPAVG            PRESSURE      GPRESSURE         VOLUME       PRESSAVG      GPRESSAVG

ENERGY:   65000       225.2796       143.7379         0.0000         0.0000          -2996.0382       323.1956         0.0000         0.0000       635.7841          -1668.0410       305.1417     -2303.8251     -1662.2382       292.5185            180.5250      -237.4319      6539.0148        78.2569        79.6872

WRITING EXTENDED SYSTEM TO RESTART FILE AT STEP 65000
WRITING COORDINATES TO DCD FILE water_simulation.dcd AT STEP 65000
WRITING COORDINATES TO RESTART FILE AT STEP 65000
FINISHED WRITING RESTART COORDINATES
WRITING VELOCITIES TO DCD FILE AT STEP 65000
WRITING VELOCITIES TO RESTART FILE AT STEP 65000
FINISHED WRITING RESTART VELOCITIES
PRESSURE: 65100 244.833 1925.64 1828.74 1925.64 1414.13 -293.484 1828.74 -293.484 1603.96
GPRESSURE: 65100 2659.9 1223.68 248.728 688.964 949.89 1667.92 -624.073 1861.45 1918.86
PRESSAVG: 65100 1393.89 -174.089 636.723 -174.089 -351.656 602.039 636.723 602.039 -919.928
GPRESSAVG: 65100 1398.52 -227.993 614.589 -136.283 -288.116 576.099 531.926 658.546 -966.731
ENERGY:   65100       222.9751       131.3938         0.0000         0.0000          -3029.3306       368.1253         0.0000         0.0000       641.4774          -1665.3590       307.8742     -2306.8364     -1658.1406       295.8345           1087.6408      1842.8837      6498.6134        40.7690        47.8914

PRESSURE: 65200 179.968 1781.44 -1309.05 1781.44 937.488 -2852.09 -1309.05 -2852.09 -2821.97
GPRESSURE: 65200 -95.8286 884.532 1314.34 -4.24831 717.648 -3057.65 1329.03 -2593.3 963.868
PRESSAVG: 65200 682.546 193.33 533.16 193.33 -833.352 -15.2064 533.16 -15.2064 181.535
GPRESSAVG: 65200 716.809 72.9646 612.188 168.697 -940.616 -70.0022 633.485 47.9239 272.117
ENERGY:   65200       229.3310       137.8930         0.0000         0.0000          -2972.8523       333.0881         0.0000         0.0000       602.0843          -1670.4559       288.9677     -2272.5402     -1664.4707       295.5747           -568.1729       528.5626      6533.5228        10.2429        16.1034

PRESSURE: 65300 -5807.65 910.49 3111.11 910.49 2060.19 -965.108 3111.11 -965.108 268.819
GPRESSURE: 65300 1996.5 -79.0084 904.035 290.412 -532.464 -1253.67 498.756 -1835.38 294.937
PRESSAVG: 65300 443.806 -599.013 688.148 -599.013 -201.457 -1699.21 688.148 -1699.21 -243.322
GPRESSAVG: 65300 408.614 -406.022 602.608 -609.224 -143.126 -1632.35 668.422 -1681.34 -192.231
ENERGY:   65300       240.7744       130.4983         0.0000         0.0000          -2958.0187       330.6480         0.0000         0.0000       591.2857          -1664.8124       283.7849     -2256.0981     -1659.9069       292.1639          -1159.5469       586.3234      6543.0142        -0.3244        24.4191

PRESSURE: 65400 -4347.38 557.373 1208.18 557.373 416.77 1078.89 1208.18 1078.89 -2217
GPRESSURE: 65400 -1242.66 -419.732 134.469 -604.305 828.171 -996.451 -59.1936 -188.955 -1012.81
PRESSAVG: 65400 181.207 -149.667 448.915 -149.667 718.405 -13.8029 448.915 -13.8029 -97.7197
GPRESSAVG: 65400 247.17 -300.354 415.806 -120.416 724.397 -72.3644 394.35 -53.3549 -184.873
ENERGY:   65400       243.2828       154.5175         0.0000         0.0000          -2975.4942       318.6560         0.0000         0.0000       582.4416          -1676.5963       279.5402     -2259.0378     -1672.0136       288.5276          -2049.2037      -475.7659      6618.9479       267.2975       262.2312

PRESSURE: 65500 -2044.64 1827.39 -1699.46 1827.39 -6437.31 1999.05 -1699.46 1999.05 710.946
GPRESSURE: 65500 -709.102 -1109.46 844.254 -264.774 -1912.89 -123.118 546.788 643.873 581.181
PRESSAVG: 65500 819.523 160.107 826.612 160.107 -399.37 -724.763 826.612 -724.763 -256.03
GPRESSAVG: 65500 771.526 228.774 876.392 206.84 -285.027 -682.51 898.433 -733.518 -309.085
ENERGY:   65500       245.5867       117.1649         0.0000         0.0000          -2937.4622       311.1168         0.0000         0.0000       596.0896          -1667.5042       286.0905     -2263.5938     -1663.8214       289.0220          -2590.3341      -680.2717      6703.9648        54.7076        59.1381

WRITING EXTENDED SYSTEM TO RESTART FILE AT STEP 65500
WRITING COORDINATES TO DCD FILE water_simulation.dcd AT STEP 65500
WRITING COORDINATES TO RESTART FILE AT STEP 65500
FINISHED WRITING RESTART COORDINATES
WRITING VELOCITIES TO DCD FILE AT STEP 65500
WRITING VELOCITIES TO RESTART FILE AT STEP 65500
FINISHED WRITING RESTART VELOCITIES
PRESSURE: 65600 123.659 -817.234 984.414 -817.234 4107.74 1331.72 984.414 1331.72 -7776.84
GPRESSURE: 65600 -410.755 -477.985 1018.99 -1569.43 2026.07 -932.274 -34.9303 627.462 -2184.94
PRESSAVG: 65600 -352.402 -1105.33 286.571 -1105.33 -98.7408 -864.632 286.571 -864.632 573.2
GPRESSAVG: 65600 -323.27 -1055.25 373.642 -1386.52 -170.554 -880.536 233.993 -865.779 669.835
ENERGY:   65600       240.0910       117.3002         0.0000         0.0000          -2978.1824       329.3499         0.0000         0.0000       626.1481          -1665.2932       300.5170     -2291.4412     -1659.7945       293.5151          -1181.8140      -189.8748      6673.7359        40.6859        58.6701

PRESSURE: 65700 -3005.68 -2651.03 2760.41 -2651.03 -1270.72 2284.15 2760.41 2284.15 -1599.24
GPRESSURE: 65700 334.189 -248.032 310.025 -614.06 -1071.85 435.272 -149.76 656.08 -475.253
PRESSAVG: 65700 -133.921 -509.903 207.897 -509.903 841.247 89.6447 207.897 89.6447 -390.438
GPRESSAVG: 65700 -77.1981 -512.699 98.5225 -257.694 737.755 103.266 195.374 25.9938 -382.814
ENERGY:   65700       245.6213       137.7074         0.0000         0.0000          -2935.0330       315.5711         0.0000         0.0000       565.9862          -1670.1470       271.6425     -2236.1332     -1665.2507       292.9404          -1958.5470      -404.3063      6658.7256       105.6295        92.5808

PRESSURE: 65800 -2904.27 319.605 -944.08 319.605 -2610.09 2062.3 -944.08 2062.3 -1972.06
GPRESSURE: 65800 -902.053 -544.145 128.472 -568.825 -2480.78 1053.47 -635.32 506.773 -1158.99
PRESSAVG: 65800 70.9423 -476.139 -181.243 -476.139 -205.421 723.628 -181.243 723.628 44.2479
GPRESSAVG: 65800 -24.9656 -588.025 -174.174 -428.14 -108.954 795.183 -180.583 707.296 20.3773
ENERGY:   65800       233.3346       134.8625         0.0000         0.0000          -2933.1476       280.1310         0.0000         0.0000       624.5339          -1660.2856       299.7422     -2284.8195     -1654.8903       289.5499          -2495.4738     -1513.9401      6549.9109       -30.0769       -37.8473

PRESSURE: 65900 -2918.83 1283.69 -1188.69 1283.69 229.216 -1848.95 -1188.69 -1848.95 -2527.41
GPRESSURE: 65900 -1637.54 -595.985 362.957 -274.618 -307.204 -127.733 867.736 292.174 -458.261
PRESSAVG: 65900 -593.438 400.798 -329.079 400.798 -398.843 848.334 -329.079 848.334 318.555
GPRESSAVG: 65900 -493.011 455.822 -246.915 289.012 -502.324 801.598 -314.247 896.758 334.588
ENERGY:   65900       235.2346       139.6736         0.0000         0.0000          -2937.0290       300.7564         0.0000         0.0000       601.4674          -1659.8969       288.6716     -2261.3643     -1654.3845       298.7228          -1739.0071      -801.0016      6628.3055      -224.5751      -220.2493

PRESSURE: 66000 -931.696 3521 2599.97 3521 -3474.06 -537.793 2599.97 -537.793 398.22
GPRESSURE: 66000 -1388.03 701.464 353.125 129.457 -754.79 206.567 1026.61 363.717 1526.9
PRESSAVG: 66000 -404.92 -423.351 376.11 -423.351 -400.35 549.703 376.11 549.703 1226.91
GPRESSAVG: 66000 -414.445 -444.567 354.705 -387.305 -319.369 463.213 459.648 674.407 1167.27
TIMING: 66000  CPU: 321.716, 0.005673/step  Wall: 321.716, 0.005673/step, 0.0537359 hours remaining, 6.441406 MB of memory in use.
ETITLE:      TS           BOND          ANGLE          DIHED          IMPRP               ELECT            VDW       BOUNDARY           MISC        KINETIC               TOTAL           TEMP      POTENTIAL         TOTAL3        TEMPAVG            PRESSURE      GPRESSURE         VOLUME       PRESSAVG      GPRESSAVG

ENERGY:   66000       240.4123       145.5384         0.0000         0.0000          -2986.5226       315.4884         0.0000         0.0000       620.6176          -1664.4658       297.8627     -2285.0834     -1659.6811       297.2254          -1335.8468      -205.3092      6563.8223       140.5471       144.4855

WRITING EXTENDED SYSTEM TO RESTART FILE AT STEP 66000
WRITING COORDINATES TO DCD FILE water_simulation.dcd AT STEP 66000
WRITING COORDINATES TO RESTART FILE AT STEP 66000
FINISHED WRITING RESTART COORDINATES
WRITING VELOCITIES TO DCD FILE AT STEP 66000
WRITING VELOCITIES TO RESTART FILE AT STEP 66000
FINISHED WRITING RESTART VELOCITIES
PRESSURE: 66100 2695.83 1131.04 961.111 1131.04 -2558.4 3036.6 961.111 3036.6 224.639
GPRESSURE: 66100 1959.39 1202.46 699.828 1473.45 -1370.7 999.936 435.99 1819.7 270.595
PRESSAVG: 66100 -542.299 471.537 -294.493 471.537 -300.547 852.085 -294.493 852.085 618.634
GPRESSAVG: 66100 -586.127 464.14 -437.276 477.344 -287.278 984.984 -305.878 786.214 653.676
ENERGY:   66100       224.3243       129.6254         0.0000         0.0000          -2979.7159       326.4262         0.0000         0.0000       635.2054          -1664.1345       304.8640     -2299.3400     -1657.2536       298.8318            120.6892       286.4271      6549.6155       -74.7371       -73.2428

LDB: ============= START OF LOAD BALANCING ============== 322.549
LDB: ============== END OF LOAD BALANCING =============== 322.549
LDB: =============== DONE WITH MIGRATION ================ 322.549
LDB: ============= START OF LOAD BALANCING ============== 322.914
LDB: ============== END OF LOAD BALANCING =============== 322.914
LDB: =============== DONE WITH MIGRATION ================ 322.914
PRESSURE: 66200 -3455.4 -1490.12 -1701.01 -1490.12 -997.211 2926.76 -1701.01 2926.76 533.917
GPRESSURE: 66200 -2614.69 382.703 897.509 730.184 -635.092 1351.13 -603.505 1113.67 -184.334
PRESSAVG: 66200 -94.9394 237.572 986.116 237.572 -1199.88 1235.24 986.116 1235.24 631.792
GPRESSAVG: 66200 13.4853 251.348 1106.94 235.149 -1265.06 1132.6 989.46 1186.56 638.398
ENERGY:   66200       224.6955       133.2913         0.0000         0.0000          -2935.3595       289.3631         0.0000         0.0000       627.8998          -1660.1098       301.3577     -2288.0096     -1653.4231       298.2194          -1306.2303     -1144.7061      6611.3952      -221.0092      -204.3931

PRESSURE: 66300 -2555.36 -1623.96 2502.2 -1623.96 -5401.99 -2727.46 2502.2 -2727.46 -1308.1
GPRESSURE: 66300 -2062.74 -308.838 547.582 -1026.05 -1143.31 -374.983 671.797 -336.055 -1523.69
PRESSAVG: 66300 -604.205 360.695 893.45 360.695 670.141 545.92 893.45 545.92 462.359
GPRESSAVG: 66300 -709.79 426.586 880.481 321.453 747.116 616.543 800.114 541.373 487.127
ENERGY:   66300       255.7064       133.7738         0.0000         0.0000          -2915.7279       285.2922         0.0000         0.0000       580.7744          -1660.1811       278.7401     -2240.9555     -1655.9221       297.0922          -3088.4825     -1576.5812      6711.6241       176.0981       174.8178

PRESSURE: 66400 -283.13 224.014 374.33 224.014 -2482.27 -5152.31 374.33 -5152.31 -4716.96
GPRESSURE: 66400 -1149.99 487.33 1778.03 -770.884 -1161.78 139.894 1312.76 -557.081 -968.907
PRESSAVG: 66400 140.058 392.905 179.145 392.905 256.782 -635.104 179.145 -635.104 -245.191
GPRESSAVG: 66400 121.945 305.043 186.323 445.32 278.73 -566.391 201.95 -547.156 -258.926
ENERGY:   66400       235.1734       115.5710         0.0000         0.0000          -2922.9327       296.0397         0.0000         0.0000       612.9869          -1663.1617       294.2003     -2276.1486     -1657.4939       289.0601          -2494.1194     -1093.5568      6711.4415        50.5497        47.2499

PRESSURE: 66500 935.813 -732.081 2371.49 -732.081 -2673.54 954.758 2371.49 954.758 -1354.98
GPRESSURE: 66500 1170.96 -829.767 58.1105 -247.27 -545.022 129.317 1349.54 282.138 532.326
PRESSAVG: 66500 239.238 -68.6961 846.252 -68.6961 -499.751 675.962 846.252 675.962 801.361
GPRESSAVG: 66500 264.036 -64.6135 806.048 -45.2787 -490.413 606.103 902.738 686.002 785.356
ENERGY:   66500       234.9685       120.8366         0.0000         0.0000          -2976.0466       324.2591         0.0000         0.0000       629.9457          -1666.0368       302.3396     -2295.9825     -1659.6308       296.8761          -1030.9018       386.0875      6542.4357       180.2829       186.3265

WRITING EXTENDED SYSTEM TO RESTART FILE AT STEP 66500
WRITING COORDINATES TO DCD FILE water_simulation.dcd AT STEP 66500
WRITING COORDINATES TO RESTART FILE AT STEP 66500
FINISHED WRITING RESTART COORDINATES
WRITING VELOCITIES TO DCD FILE AT STEP 66500
WRITING VELOCITIES TO RESTART FILE AT STEP 66500
FINISHED WRITING RESTART VELOCITIES
PRESSURE: 66600 -5379.02 336.834 2271.05 336.834 -3390 568.598 2271.05 568.598 4187.59
GPRESSURE: 66600 -1522.99 -1216.54 1495.11 -1143.11 -1209.72 -403.672 1966.11 -212.495 1160.79
PRESSAVG: 66600 -814.462 -427.35 1216.55 -427.35 659.713 897.304 1216.55 897.304 -242.909
GPRESSAVG: 66600 -796.573 -316.042 1234.13 -524.41 672.521 850.07 1168.44 881.376 -299.192
ENERGY:   66600       236.0371       146.8851         0.0000         0.0000          -2999.1412       318.8152         0.0000         0.0000       624.0740          -1673.3297       299.5215     -2297.4038     -1667.0339       295.6010          -1527.1453      -523.9757      6599.7338      -132.5526      -141.0811

PRESSURE: 66700 656.803 -10.6819 -512.958 -10.6819 -1439.33 557.286 -512.958 557.286 -2030.39
GPRESSURE: 66700 286.528 1359.69 -846.006 785.09 2377.06 -125.974 -328.299 784.936 -272.195
PRESSAVG: 66700 1308.07 774.106 13.9154 774.106 -157.756 406.3 13.9154 406.3 -1012.14
GPRESSAVG: 66700 1326.16 659.046 -31.2389 870.858 -201.72 383.954 16.5973 450.608 -997.824
ENERGY:   66700       229.9708       144.6415         0.0000         0.0000          -3007.4432       344.8641         0.0000         0.0000       622.1658          -1665.8010       298.6057     -2287.9668     -1659.5477       292.9463           -937.6377       797.1321      6589.1343        46.0596        42.2051

PRESSURE: 66800 -1676.49 1664.81 -1878.91 1664.81 -2474.58 1257.7 -1878.91 1257.7 -2966.97
GPRESSURE: 66800 332.133 28.4423 -1009.08 1108.09 -1076.15 749.693 -814.539 679.757 -408.524
PRESSAVG: 66800 167.412 241.564 -124.124 241.564 -453.067 479.803 -124.124 479.803 413.125
GPRESSAVG: 66800 125.13 391.87 -46.7719 192.898 -361.554 550.482 -57.6537 391.942 441.155
ENERGY:   66800       233.2636       113.8052         0.0000         0.0000          -2947.4768       308.1984         0.0000         0.0000       617.5310          -1674.6786       296.3812     -2292.2096     -1668.2701       294.4077          -2372.6775      -384.1798      6591.3090        42.4899        68.2436

PRESSURE: 66900 -4610.79 1157.27 1465.07 1157.27 2932.93 -1234.54 1465.07 -1234.54 -3925.32
GPRESSURE: 66900 -209.104 -346.123 1584.09 95.3395 192.039 -170.657 917.895 -430.633 2097.85
PRESSAVG: 66900 -1031.85 238.037 364.405 238.037 -672.867 472.57 364.405 472.57 999.105
GPRESSAVG: 66900 -981.741 97.7683 459.047 194.724 -785.493 424.559 276.436 524.714 1145.35
ENERGY:   66900       258.5771       119.1358         0.0000         0.0000          -2965.3898       329.9545         0.0000         0.0000       605.1645          -1652.5578       290.4460     -2257.7223     -1647.6711       297.4349          -1867.7260       693.5936      6564.2612      -235.2046      -207.2943

PRESSURE: 67000 -1502.23 -507.447 -131.878 -507.447 -2859.96 -2328.43 -131.878 -2328.43 -2228.93
GPRESSURE: 67000 554.706 -637.308 464.659 -1069.53 -432.383 -1715.11 666.798 -1201.64 -335.191
PRESSAVG: 67000 367.166 357.1 233.354 357.1 -1095.56 48.286 233.354 48.286 -258.805
GPRESSAVG: 67000 326.008 374.122 109.503 386.269 -990.156 94.0696 311.889 56.3761 -394.712
TIMING: 67000  CPU: 326.621, 0.004905/step  Wall: 326.621, 0.004905/step, 0.0450987 hours remaining, 6.441406 MB of memory in use.
ETITLE:      TS           BOND          ANGLE          DIHED          IMPRP               ELECT            VDW       BOUNDARY           MISC        KINETIC               TOTAL           TEMP      POTENTIAL         TOTAL3        TEMPAVG            PRESSURE      GPRESSURE         VOLUME       PRESSAVG      GPRESSAVG

ENERGY:   67000       233.3946       148.3892         0.0000         0.0000          -2978.2526       324.3721         0.0000         0.0000       615.9203          -1656.1763       295.6082     -2272.0967     -1649.0131       294.9426          -2197.0411       -70.9559      6622.1023      -329.0652      -352.9531

WRITING EXTENDED SYSTEM TO RESTART FILE AT STEP 67000
WRITING COORDINATES TO DCD FILE water_simulation.dcd AT STEP 67000
WRITING COORDINATES TO RESTART FILE AT STEP 67000
FINISHED WRITING RESTART COORDINATES
WRITING VELOCITIES TO DCD FILE AT STEP 67000
WRITING VELOCITIES TO RESTART FILE AT STEP 67000
FINISHED WRITING RESTART VELOCITIES
PRESSURE: 67100 109.455 -2181.03 1010.74 -2181.03 -4242.14 -1381.35 1010.74 -1381.35 -1659.11
GPRESSURE: 67100 -436.861 -1212.98 87.4767 -1264.12 -2035.76 -945.29 329.86 -828.901 1082.74
PRESSAVG: 67100 -3.46017 454.371 -411.993 454.371 -305.095 -467.052 -411.993 -467.052 521.986
GPRESSAVG: 67100 23.6039 440.551 -403.37 400.942 -344.727 -473.332 -444.265 -424.262 579.588
ENERGY:   67100       252.9051       127.0728         0.0000         0.0000          -2952.2713       316.9161         0.0000         0.0000       600.4503          -1654.9269       288.1834     -2255.3771     -1650.1325       294.4922          -1930.6004      -463.2917      6710.0792        71.1436        86.1549

PRESSURE: 67200 -1943.46 585.428 -531.37 585.428 1212.62 -1310.54 -531.37 -1310.54 -3715.65
GPRESSURE: 67200 -164.303 635.919 2018.77 2322.32 537.64 335.739 2400.68 -440.555 -649.719
PRESSAVG: 67200 46.274 -129.94 -278.002 -129.94 4.6989 -646.243 -278.002 -646.243 -119.211
GPRESSAVG: 67200 69.5729 -98.9432 -203.711 -18.8396 23.2071 -609.068 -201.547 -732.312 -185.404
ENERGY:   67200       240.3614       140.7218         0.0000         0.0000          -2972.2875       325.4705         0.0000         0.0000       605.6528          -1660.0810       290.6804     -2265.7338     -1654.2479       298.3870          -1482.1608       -92.1275      6655.1791       -22.7460       -30.8746

PRESSURE: 67300 2971.96 1388.71 508.694 1388.71 -2045.48 -89.0241 508.694 -89.0241 -3326.62
GPRESSURE: 67300 1413.45 319.797 -204.165 1224.79 -418.615 160.512 -752.846 -693.406 -290.406
PRESSAVG: 67300 -33.7358 206.14 495.786 206.14 -1079.65 -434.976 495.786 -434.976 345.558
GPRESSAVG: 67300 -77.3342 81.4493 400.781 218.588 -1164.89 -464.186 361.691 -385.813 498.46
ENERGY:   67300       242.8831       124.1987         0.0000         0.0000          -2990.5918       327.6271         0.0000         0.0000       630.9807          -1664.9021       302.8364     -2295.8828     -1658.4826       296.4926           -800.0458       234.8114      6569.5827      -255.9420      -247.9226

PRESSURE: 67400 3716.13 -814.895 1244.74 -814.895 -694.739 2908.71 1244.74 2908.71 -0.373788
GPRESSURE: 67400 2221.83 523.513 1628.47 -446.221 365.378 636.754 2323.92 746.815 1798.33
PRESSAVG: 67400 1128.1 358.967 689.908 358.967 640.753 557.394 689.908 557.394 -1483.18
GPRESSAVG: 67400 1102.14 417.2 624.416 335.681 698.764 563.134 745.564 479.275 -1558.53
ENERGY:   67400       241.7516       149.7310         0.0000         0.0000          -3035.8769       355.7553         0.0000         0.0000       622.1429          -1666.4960       298.5947     -2288.6389     -1660.9227       296.0861           1007.0059      1461.8449      6521.8724        95.2257        80.7911

PRESSURE: 67500 -706.986 -2195.37 -2610.41 -2195.37 2187.79 1245.79 -2610.41 1245.79 653.148
GPRESSURE: 67500 -137.165 1514.32 -401.55 -138.333 2505.27 -355.774 -564.88 -928.776 568.045
PRESSAVG: 67500 -165.449 419.555 270.049 419.555 809.731 11.9714 270.049 11.9714 -61.4769
GPRESSAVG: 67500 -207.454 514.012 363.015 393.604 821.373 -25.1438 296.841 51.9288 -32.88
ENERGY:   67500       242.4228       125.8850         0.0000         0.0000          -2956.3957       348.8008         0.0000         0.0000       576.7366          -1662.5506       276.8021     -2239.2872     -1657.0068       295.0211            711.3184       978.7171      6677.6178       194.2684       193.6795

WRITING EXTENDED SYSTEM TO RESTART FILE AT STEP 67500
WRITING COORDINATES TO DCD FILE water_simulation.dcd AT STEP 67500
WRITING COORDINATES TO RESTART FILE AT STEP 67500
FINISHED WRITING RESTART COORDINATES
WRITING VELOCITIES TO DCD FILE AT STEP 67500
WRITING VELOCITIES TO RESTART FILE AT STEP 67500
FINISHED WRITING RESTART VELOCITIES
PRESSURE: 67600 -531.955 -2029.33 -1591.2 -2029.33 2728.41 -2795.28 -1591.2 -2795.28 3714.84
GPRESSURE: 67600 1194.12 -646.183 368.019 -494.929 684.274 -1127.03 367.234 -1487.57 2076.88
PRESSAVG: 67600 -814.673 -12.4509 -162.481 -12.4509 -337.687 -801.066 -162.481 -801.066 940.458
GPRESSAVG: 67600 -751.607 21.1671 -116.008 -89.4542 -326.851 -802.123 -121.793 -806.938 863.693
ENERGY:   67600       219.9014       131.7356         0.0000         0.0000          -2983.6061       367.6040         0.0000         0.0000       609.7280          -1654.6371       292.6362     -2264.3651     -1647.5995       288.0356           1970.4347      1318.4249      6797.4483       -70.6338       -71.5882

PRESSURE: 67700 225.378 3976.03 616.486 3976.03 4107.03 -509.133 616.486 -509.133 1379.35
GPRESSURE: 67700 895.881 545.656 -693.373 1022.01 3709.41 -914.186 1310.76 171.452 1384.71
PRESSAVG: 67700 -344.038 32.8446 -400.335 32.8446 360.538 -307.168 -400.335 -307.168 -480.013
GPRESSAVG: 67700 -298.454 17.2285 -477.689 65.6112 301.567 -288.366 -403.979 -283.185 -465.813
ENERGY:   67700       233.4276       141.7567         0.0000         0.0000          -3013.8525       374.7246         0.0000         0.0000       611.0940          -1652.8496       293.2918     -2263.9436     -1646.8740       293.7389           1903.9189      1996.6670      6663.3628      -154.5044      -154.2330

PRESSURE: 67800 2773.68 1835.65 -2215.34 1835.65 -1323.85 -92.7395 -2215.34 -92.7395 502.075
GPRESSURE: 67800 -652.121 444.488 -1952.31 1031.25 697.861 -344.532 -239.675 22.4226 2590.3
PRESSAVG: 67800 -980.8 1019.14 -214.857 1019.14 -142.233 -10.2118 -214.857 -10.2118 287.767
GPRESSAVG: 67800 -1048.88 868.201 -242.798 1083.32 -87.8691 -26.382 -236.149 10.2967 304.301
ENERGY:   67800       235.3338       138.1496         0.0000         0.0000          -2993.3938       347.6251         0.0000         0.0000       616.7982          -1655.4870       296.0296     -2272.2853     -1649.2417       295.0439            650.6337       878.6807      6650.1183      -278.4218      -277.4816

PRESSURE: 67900 -3608.29 1416.36 1193.16 1416.36 -550.009 -447.502 1193.16 -447.502 895.241
GPRESSURE: 67900 -2043.6 -606.543 120.346 -1234.82 -793.271 292.169 877.023 768.75 -651.45
PRESSAVG: 67900 -284.127 -384.869 -910.317 -384.869 529.813 -335.034 -910.317 -335.034 183.275
GPRESSAVG: 67900 -343.334 -342.338 -843.622 -498.391 576.583 -326.925 -930.549 -347.537 138.018
ENERGY:   67900       230.7968       159.2046         0.0000         0.0000          -2959.9616       302.1161         0.0000         0.0000       609.8040          -1658.0401       292.6727     -2267.8441     -1651.6237       293.6431          -1087.6867     -1162.7751      6711.0735       142.9873       123.7559

PRESSURE: 68000 2040.04 2767.22 895.122 2767.22 -2532.86 -817.691 895.122 -817.691 1618.68
GPRESSURE: 68000 1604.92 1215.58 1049.08 1231.67 565.901 -412.946 1328.28 -268.341 574.514
PRESSAVG: 68000 249.012 180.72 141.387 180.72 -465.686 -312.831 141.387 -312.831 -547.662
GPRESSAVG: 68000 244.969 195.697 198.907 198.79 -513.576 -268.494 88.8401 -383.758 -492.9
TIMING: 68000  CPU: 331.052, 0.004431/step  Wall: 331.052, 0.004431/step, 0.0395097 hours remaining, 6.441406 MB of memory in use.
ETITLE:      TS           BOND          ANGLE          DIHED          IMPRP               ELECT            VDW       BOUNDARY           MISC        KINETIC               TOTAL           TEMP      POTENTIAL         TOTAL3        TEMPAVG            PRESSURE      GPRESSURE         VOLUME       PRESSAVG      GPRESSAVG

ENERGY:   68000       239.1244       119.4033         0.0000         0.0000          -2973.9315       344.7220         0.0000         0.0000       608.9054          -1661.7764       292.2414     -2270.6818     -1655.7671       288.8548            375.2854       915.1131      6620.4426      -254.7784      -253.8355

WRITING EXTENDED SYSTEM TO RESTART FILE AT STEP 68000
WRITING COORDINATES TO DCD FILE water_simulation.dcd AT STEP 68000
WRITING COORDINATES TO RESTART FILE AT STEP 68000
FINISHED WRITING RESTART COORDINATES
WRITING VELOCITIES TO DCD FILE AT STEP 68000
WRITING VELOCITIES TO RESTART FILE AT STEP 68000
FINISHED WRITING RESTART VELOCITIES
PRESSURE: 68100 -415.574 755.348 991.282 755.348 -395.813 258.358 991.282 258.358 -285.82
GPRESSURE: 68100 61.7834 -1220.13 541.268 -226.007 -795.773 58.0495 -222.245 -370.03 157.921
PRESSAVG: 68100 215.791 -150.133 -147.91 -150.133 -617.458 -172.064 -147.91 -172.064 1115.5
GPRESSAVG: 68100 290.202 -172.372 -306.945 -191.03 -637.616 -217.409 -95.8643 -172.992 1077.42
ENERGY:   68100       246.4445       135.2357         0.0000         0.0000          -2989.8826       324.3303         0.0000         0.0000       632.7249          -1651.1472       303.6735     -2283.8722     -1645.9679       299.7584           -365.7357      -192.0228      6613.6272       237.9439       243.3344

LDB: ============= START OF LOAD BALANCING ============== 331.754
LDB: ============== END OF LOAD BALANCING =============== 331.754
LDB: =============== DONE WITH MIGRATION ================ 331.754
LDB: ============= START OF LOAD BALANCING ============== 331.973
LDB: ============== END OF LOAD BALANCING =============== 331.973
LDB: =============== DONE WITH MIGRATION ================ 331.973
PRESSURE: 68200 243.475 -1043.14 -970.487 -1043.14 -752.542 1399.83 -970.487 1399.83 -32.7755
GPRESSURE: 68200 2314.52 -605.246 1393.24 74.029 -115.015 796.713 1208.7 732.725 1297.89
PRESSAVG: 68200 -413.972 445.906 -739.732 445.906 -109.52 -323.275 -739.732 -323.275 -30.3182
GPRESSAVG: 68200 -404.043 401.569 -601.702 499.735 -102.273 -317.485 -790.84 -183.387 -58.8693
ENERGY:   68200       241.2826       139.3095         0.0000         0.0000          -3005.2282       349.1293         0.0000         0.0000       621.7393          -1653.7674       298.4010     -2275.5068     -1647.3845       296.3233           -180.6143      1165.7996      6533.8126      -184.6034      -188.3952

PRESSURE: 68300 -4965.12 -889.122 2507.95 -889.122 818.553 1313.18 2507.95 1313.18 -2646.76
GPRESSURE: 68300 -1974.41 -1065.37 -321.621 548.719 -959.465 895.755 -102.58 145.404 1295.41
PRESSAVG: 68300 65.0644 -137.712 499.196 -137.712 -1159.95 -432.621 499.196 -432.621 1338.81
GPRESSAVG: 68300 -0.280192 -80.9356 483.821 -154.421 -1192.13 -394.831 558.784 -640.482 1409.91
ENERGY:   68300       254.8458       134.4306         0.0000         0.0000          -2948.7140       313.9795         0.0000         0.0000       577.1626          -1668.2955       277.0066     -2245.4582     -1663.9762       293.5470          -2264.4421      -546.1567      6646.9893        81.3065        72.5004

PRESSURE: 68400 -2856.48 924.843 1361.2 924.843 -5334.76 1229.7 1361.2 1229.7 -386.237
GPRESSURE: 68400 -1274.9 58.4361 233.938 383.596 -1877.81 508.776 780.193 912.689 -1297.18
PRESSAVG: 68400 -64.4357 275.786 39.9337 275.786 210.153 589.389 39.9337 589.389 66.1409
GPRESSAVG: 68400 -0.0325039 336.732 6.5174 302.931 196.892 522.571 -40.5964 694.668 17.5809
ENERGY:   68400       239.7963       111.1332         0.0000         0.0000          -2932.3553       293.2572         0.0000         0.0000       617.0014          -1671.1671       296.1271     -2288.1685     -1664.6610       293.9665          -2859.1584     -1483.2959      6732.9076        70.6194        71.4801

PRESSURE: 68500 -615.167 -2036.38 -2869.28 -2036.38 -804.184 -1528.47 -2869.28 -1528.47 -1268
GPRESSURE: 68500 -96.3723 682.204 -31.8973 709.718 1513.02 -1624.25 248.505 -1866.08 518.578
PRESSAVG: 68500 -899.264 701.951 -285.884 701.951 -3.31341 -523.135 -285.884 -523.135 128.66
GPRESSAVG: 68500 -1008.39 682.69 -318.876 664.731 46.9796 -495.409 -262.224 -575.54 187.024
ENERGY:   68500       249.1423       140.7334         0.0000         0.0000          -3019.4966       356.3573         0.0000         0.0000       601.2450          -1672.0187       288.5648     -2273.2636     -1666.5989       294.2486           -895.7849       645.0754      6707.4946      -257.9725      -258.1280

WRITING EXTENDED SYSTEM TO RESTART FILE AT STEP 68500
WRITING COORDINATES TO DCD FILE water_simulation.dcd AT STEP 68500
WRITING COORDINATES TO RESTART FILE AT STEP 68500
FINISHED WRITING RESTART COORDINATES
WRITING VELOCITIES TO DCD FILE AT STEP 68500
WRITING VELOCITIES TO RESTART FILE AT STEP 68500
FINISHED WRITING RESTART VELOCITIES
PRESSURE: 68600 -237.55 -2779.24 286.179 -2779.24 -3520.18 452.683 286.179 452.683 1532.16
GPRESSURE: 68600 1134.79 785.049 999.78 1587.45 -276.651 -759.8 334.373 -2280.63 -757.87
PRESSAVG: 68600 24.6654 -113.784 -67.2358 -113.784 724.838 -936.21 -67.2358 -936.21 -844.502
GPRESSAVG: 68600 76.0637 -109.844 8.95824 -49.4301 663.281 -908.401 12.7169 -831.97 -893.531
ENERGY:   68600       231.0262       137.8262         0.0000         0.0000          -3015.3590       336.6725         0.0000         0.0000       639.1303          -1670.7039       306.7477     -2309.8341     -1664.1303       292.5386           -741.8583        33.4243      6683.7778       -31.6661       -51.3953

PRESSURE: 68700 -617.208 4428.2 2629.64 4428.2 -759.632 -1454.97 2629.64 -1454.97 2368.08
GPRESSURE: 68700 1619.95 1632.91 -160.968 1667.88 327.859 -724.461 -192.403 -127.597 88.1698
PRESSAVG: 68700 -65.382 453.417 -693.451 453.417 -427.078 -1143 -693.451 -1143 187.876
GPRESSAVG: 68700 -27.8354 479.212 -779.631 392.319 -403.875 -1177.53 -731.936 -1267.84 121.993
ENERGY:   68700       232.1806       115.0976         0.0000         0.0000          -2975.9297       348.9881         0.0000         0.0000       613.7482          -1665.9153       294.5657     -2279.6634     -1659.3335       293.2985            330.4119       678.6594      6725.6417      -101.5282      -103.2392

PRESSURE: 68800 -2888.11 1394.56 -466.561 1394.56 -677.663 -2867.34 -466.561 -2867.34 2382.99
GPRESSURE: 68800 -374.173 1048.63 -288.717 -96.8843 -243.832 -654.485 -1832.58 -1089.5 1715.92
PRESSAVG: 68800 195.814 590.387 -359.195 590.387 -945.37 -194.777 -359.195 -194.777 216.035
GPRESSAVG: 68800 189.642 455.3 -390.3 633.542 -915.891 -219.449 -510.689 -94.9934 182.489
ENERGY:   68800       241.1700       129.5992         0.0000         0.0000          -3007.5173       346.7712         0.0000         0.0000       633.5995          -1656.3773       304.0933     -2289.9768     -1650.7912       296.4327           -394.2625       365.9705      6669.0713      -177.8401      -181.2532

PRESSURE: 68900 2342.46 -1917.57 -1220.17 -1917.57 2568.04 4538.16 -1220.17 4538.16 -1445.32
GPRESSURE: 68900 140.135 708.371 -631.641 400.229 3195.26 1547.56 -19.1888 1707.89 2379.14
PRESSAVG: 68900 -793.965 164.238 -547.347 164.238 299.415 161.914 -547.347 161.914 251.568
GPRESSAVG: 68900 -849.727 249.876 -501.956 202.97 230.391 197.051 -302.272 117.794 378.946
ENERGY:   68900       246.2549       131.6888         0.0000         0.0000          -2996.0837       372.0869         0.0000         0.0000       595.2027          -1650.8505       285.6649     -2246.0533     -1646.4399       298.4482           1155.0598      1904.8452      6654.9619       -80.9937       -80.1302

PRESSURE: 69000 -446.783 2170.08 810.773 2170.08 -2947.41 -1554.38 810.773 -1554.38 -1739.72
GPRESSURE: 69000 -286.585 1241.5 181.003 73.0567 -2035.96 -1507.35 -1591.35 -476.487 2.69081
PRESSAVG: 69000 -691.963 23.467 -36.8896 23.467 -37.2172 271.291 -36.8896 271.291 781.917
GPRESSAVG: 69000 -676.981 27.9323 -66.1031 -9.38411 16.8508 124.858 -223.689 348.242 768.773
TIMING: 69000  CPU: 335.935, 0.004883/step  Wall: 335.935, 0.004883/step, 0.0421837 hours remaining, 6.441406 MB of memory in use.
ETITLE:      TS           BOND          ANGLE          DIHED          IMPRP               ELECT            VDW       BOUNDARY           MISC        KINETIC               TOTAL           TEMP      POTENTIAL         TOTAL3        TEMPAVG            PRESSURE      GPRESSURE         VOLUME       PRESSAVG      GPRESSAVG

ENERGY:   69000       224.6832       120.5011         0.0000         0.0000          -2924.2503       319.0472         0.0000         0.0000       612.5789          -1647.4398       294.0045     -2260.0187     -1641.6625       296.7139          -1711.3036      -773.2853      6874.1455        17.5788        36.2141

WRITING EXTENDED SYSTEM TO RESTART FILE AT STEP 69000
WRITING COORDINATES TO DCD FILE water_simulation.dcd AT STEP 69000
WRITING COORDINATES TO RESTART FILE AT STEP 69000
FINISHED WRITING RESTART COORDINATES
WRITING VELOCITIES TO DCD FILE AT STEP 69000
WRITING VELOCITIES TO RESTART FILE AT STEP 69000
FINISHED WRITING RESTART VELOCITIES
PRESSURE: 69100 -2553.64 -1407.11 -1639.24 -1407.11 -3138.43 2048.93 -1639.24 2048.93 1562.05
GPRESSURE: 69100 -544.783 -561.286 -727.634 711.734 -162.609 939.072 -323.843 299.049 251.673
PRESSAVG: 69100 -451.769 362.874 -340.717 362.874 26.8503 56.4271 -340.717 56.4271 1029.58
GPRESSAVG: 69100 -383.808 211.334 -290 400.569 -4.62383 170.552 -257.442 74.6308 978.457
ENERGY:   69100       249.7193       131.2333         0.0000         0.0000          -2980.5842       335.5962         0.0000         0.0000       606.5712          -1657.4641       291.1211     -2264.0353     -1652.0886       300.1066          -1376.6737      -151.9062      6821.9114       201.5534       196.6754

PRESSURE: 69200 -416.886 1053.87 765.521 1053.87 -4817.86 413.006 765.521 413.006 -3829.65
GPRESSURE: 69200 -410.653 1618.69 -341.307 891.522 -1374.51 -59.5671 14.6435 -578.67 -2122.94
PRESSAVG: 69200 -237.726 264.554 -206.306 264.554 789.62 -690.194 -206.306 -690.194 -1318.76
GPRESSAVG: 69200 -269.978 486.777 -261.739 272.706 803.141 -686.368 -158.991 -766.839 -1307.94
ENERGY:   69200       254.1430       130.9967         0.0000         0.0000          -2995.7533       318.0490         0.0000         0.0000       639.1134          -1653.4512       306.7396     -2292.5646     -1647.7361       296.1300          -3021.4670     -1302.7019      6813.5613      -255.6218      -258.2589

PRESSURE: 69300 -3234.38 1383.07 -812.737 1383.07 -1195.91 -1749.08 -812.737 -1749.08 -4699.53
GPRESSURE: 69300 -1102.2 781.703 -1037.43 598.901 -2594.57 -437.848 -1507.91 -333.343 -7.30199
PRESSAVG: 69300 -193.644 -314.379 -189.145 -314.379 -23.2966 -33.8517 -189.145 -33.8517 94.02
GPRESSAVG: 69300 -198.406 -413.167 -133.659 -339.963 3.20051 -112.387 -240.592 -42.0327 71.562
ENERGY:   69300       259.2748       122.8162         0.0000         0.0000          -2942.4775       305.4387         0.0000         0.0000       598.3842          -1656.5635       287.1918     -2254.9477     -1651.9355       297.6856          -3043.2724     -1234.6905      6766.9494       -40.9734       -41.2145

PRESSURE: 69400 -4863.36 725.838 579.315 725.838 -1631.01 -2216.77 579.315 -2216.77 -1370.3
GPRESSURE: 69400 -1467.14 980.083 1246.24 -647.304 -1283.89 -1719.22 1695.66 -2387.91 -118.426
PRESSAVG: 69400 336.857 1037.55 -307.459 1037.55 245.252 -210.769 -307.459 -210.769 75.0014
GPRESSAVG: 69400 335.458 1017.67 -403.325 1052.12 195.506 -77.1828 -408.995 -135.286 172.388
ENERGY:   69400       239.4126       128.5690         0.0000         0.0000          -2969.6472       311.3262         0.0000         0.0000       632.9869          -1657.3525       303.7992     -2290.3394     -1651.0268       293.5769          -2621.5572      -956.4860      6684.3407       219.0367       234.4503

PRESSURE: 69500 -1248.24 -2485.7 -2001.05 -2485.7 -1996.84 1029.86 -2001.05 1029.86 -514.443
GPRESSURE: 69500 -223.709 -478.681 -1271.8 395.406 -973.424 -331.554 -22.6901 -583.457 -291.015
PRESSAVG: 69500 83.8272 81.2847 -47.1983 81.2847 69.5222 218.648 -47.1983 218.648 24.4622
GPRESSAVG: 69500 152.719 84.2158 76.1233 48.5894 57.7559 155.2 124.376 176.878 -27.5885
ENERGY:   69500       247.7829       126.1341         0.0000         0.0000          -2986.6353       319.7879         0.0000         0.0000       629.2992          -1663.6313       302.0293     -2292.9305     -1658.3934       296.8309          -1253.1751      -496.0494      6620.0378        59.2705        60.9621

WRITING EXTENDED SYSTEM TO RESTART FILE AT STEP 69500
WRITING COORDINATES TO DCD FILE water_simulation.dcd AT STEP 69500
WRITING COORDINATES TO RESTART FILE AT STEP 69500
FINISHED WRITING RESTART COORDINATES
WRITING VELOCITIES TO DCD FILE AT STEP 69500
WRITING VELOCITIES TO RESTART FILE AT STEP 69500
FINISHED WRITING RESTART VELOCITIES
PRESSURE: 69600 -779.294 -468.776 1402.57 -468.776 -504.316 -865.562 1402.57 -865.562 1225.01
GPRESSURE: 69600 -177.568 1096.6 -229.839 1160.04 468.637 -9.45859 -397.675 259.268 2003.32
PRESSAVG: 69600 -271.786 -183.643 -545.78 -183.643 280.144 304.403 -545.78 304.403 810.031
GPRESSAVG: 69600 -356.131 -71.7152 -550.919 -67.9656 364.194 338.773 -596.694 258.678 792.146
ENERGY:   69600       249.0460       131.0538         0.0000         0.0000          -2974.8878       341.6372         0.0000         0.0000       590.4608          -1662.6899       283.3890     -2253.1507     -1657.5248       298.0593            -19.5324       764.7957      6601.0030       272.7960       266.7362

PRESSURE: 69700 1489.06 708.134 898.865 708.134 -756.196 -694.857 898.865 -694.857 381.069
GPRESSURE: 69700 2113.98 -1254.58 1904.97 -67.0816 704.503 341.165 246.289 -1965.18 -204.992
PRESSAVG: 69700 -72.8015 331.801 164.875 331.801 63.5669 -469.752 164.875 -469.752 -521.495
GPRESSAVG: 69700 -65.6595 289.231 127.276 252.76 98.8259 -501.428 122.669 -434.266 -565.393
ENERGY:   69700       236.5375       139.3642         0.0000         0.0000          -2998.7869       348.7260         0.0000         0.0000       616.3434          -1657.8158       295.8113     -2274.1591     -1651.8467       293.4660            371.3118       871.1620      6562.0457      -176.9097      -177.4089

PRESSURE: 69800 872.548 503.276 -589.18 503.276 587.169 -277.954 -589.18 -277.954 -2380.41
GPRESSURE: 69800 1336.78 -38.5647 -468.255 390.523 2079.12 553.94 -115.431 -341.697 -1486.48
PRESSAVG: 69800 -365.564 7.40153 598.751 7.40153 573.594 -897.254 598.751 -897.254 -274.026
GPRESSAVG: 69800 -356.799 -25.5482 681.16 88.0944 515.947 -845.101 687.739 -934.384 -218.215
ENERGY:   69800       237.6716       134.2151         0.0000         0.0000          -2986.9488       334.4051         0.0000         0.0000       621.1974          -1659.4595       298.1409     -2280.6569     -1654.2977       297.0398           -306.8970       643.1414      6512.3652       -21.9987       -19.6890

PRESSURE: 69900 118.74 918.775 4572.31 918.775 -1669.39 -1521.39 4572.31 -1521.39 -721.187
GPRESSURE: 69900 -864.282 406.709 1145.13 1543.64 -1012.4 -928.301 775.645 -100.531 -183.037
PRESSAVG: 69900 -100.236 33.9115 1138.86 33.9115 272.03 -922.271 1138.86 -922.271 -247.875
GPRESSAVG: 69900 -71.8839 -0.221389 1118.73 -48.8919 271.049 -904.431 1058.98 -963.284 -275.649
ENERGY:   69900       215.0152       137.3710         0.0000         0.0000          -2929.4589       298.0566         0.0000         0.0000       616.2584          -1662.7577       295.7705     -2279.0161     -1655.9885       293.9670           -757.2778      -686.5726      6536.7216       -25.3604       -25.4944

PRESSURE: 70000 4180.99 1107.16 2392.4 1107.16 -948.699 -907.813 2392.4 -907.813 -1350.46
GPRESSURE: 70000 1494.82 749.289 -879.988 917.257 657.935 439.111 -269.718 11.01 -2476.45
PRESSAVG: 70000 533.875 265.591 811.77 265.591 -5.76606 -565.999 811.77 -565.999 125.618
GPRESSAVG: 70000 512.078 286.32 721.988 206.34 -23.2445 -713.766 746.981 -454.286 122.144
TIMING: 70000  CPU: 340.459, 0.004524/step  Wall: 340.459, 0.004524/step, 0.0378257 hours remaining, 6.441406 MB of memory in use.
ETITLE:      TS           BOND          ANGLE          DIHED          IMPRP               ELECT            VDW       BOUNDARY           MISC        KINETIC               TOTAL           TEMP      POTENTIAL         TOTAL3        TEMPAVG            PRESSURE      GPRESSURE         VOLUME       PRESSAVG      GPRESSAVG

ENERGY:   70000       216.6278       162.5941         0.0000         0.0000          -2975.7272       311.1801         0.0000         0.0000       624.5909          -1660.7343       299.7696     -2285.3252     -1653.6133       288.6907            627.2771      -107.8977      6454.5835       217.9089       203.6590

WRITING EXTENDED SYSTEM TO RESTART FILE AT STEP 70000
WRITING COORDINATES TO DCD FILE water_simulation.dcd AT STEP 70000
WRITING COORDINATES TO RESTART FILE AT STEP 70000
FINISHED WRITING RESTART COORDINATES
WRITING VELOCITIES TO DCD FILE AT STEP 70000
WRITING VELOCITIES TO RESTART FILE AT STEP 70000
FINISHED WRITING RESTART VELOCITIES
PRESSURE: 70100 -2199.71 -1515.05 -3090.4 -1515.05 573.652 -365.084 -3090.4 -365.084 568.126
GPRESSURE: 70100 -1204.34 515.026 -82.4751 -3.74255 -1985.85 -1588.97 -1281.67 -100.197 1308
PRESSAVG: 70100 501.838 753.94 -619.567 753.94 -335.009 -624.628 -619.567 -624.628 84.9107
GPRESSAVG: 70100 455.088 732.919 -586.735 848.469 -348.779 -549.141 -481.567 -693.817 88.946
ENERGY:   70100       232.5309       121.0598         0.0000         0.0000          -2913.2381       295.9296         0.0000         0.0000       617.5595          -1646.1583       296.3949     -2263.7178     -1640.9303       292.5919           -352.6433      -627.3942      6563.1273        83.9133        65.0848

LDB: ============= START OF LOAD BALANCING ============== 341.179
LDB: ============== END OF LOAD BALANCING =============== 341.179
LDB: =============== DONE WITH MIGRATION ================ 341.179
LDB: ============= START OF LOAD BALANCING ============== 341.492
LDB: ============== END OF LOAD BALANCING =============== 341.492
LDB: =============== DONE WITH MIGRATION ================ 341.492
PRESSURE: 70200 1864.75 2339.03 -1074.67 2339.03 1899.34 1195.32 -1074.67 1195.32 3153.07
GPRESSURE: 70200 1759.97 14.8419 -691.249 1065.27 1736.35 693.265 223.465 66.0909 2021.11
PRESSAVG: 70200 115.269 -173.367 -866.427 -173.367 11.5824 195.84 -866.427 195.84 186.871
GPRESSAVG: 70200 182.36 -161.86 -837.742 -195.397 -34.3337 230.982 -777.705 175.849 196.99
ENERGY:   70200       225.7412       123.8304         0.0000         0.0000          -2968.1977       355.3830         0.0000         0.0000       626.6040          -1636.6391       300.7358     -2263.2431     -1630.3013       296.0168           2305.7214      1839.1437      6551.9627       104.5740       115.0056

PRESSURE: 70300 4442.66 -842.45 1254.08 -842.45 -1493.74 -1429.57 1254.08 -1429.57 1865.99
GPRESSURE: 70300 890.077 -1474.2 2065.96 -1007.04 1248.2 -481.752 1879.71 142.163 -266.869
PRESSAVG: 70300 743.449 -102.516 144.458 -102.516 13.7971 340.385 144.458 340.385 -697.878
GPRESSAVG: 70300 683.561 -129.869 112.85 -84.3026 35.5943 300.849 -2.07363 388.848 -669.885
ENERGY:   70300       238.8313       145.1877         0.0000         0.0000          -2973.7050       340.1116         0.0000         0.0000       612.4379          -1637.1365       293.9368     -2249.5744     -1632.1890       298.3203           1604.9687       623.8014      6644.3692        19.7894        16.4232

PRESSURE: 70400 2541.38 -1057.35 -1100.8 -1057.35 -1893.02 2017.37 -1100.8 2017.37 4245.83
GPRESSURE: 70400 2028.23 742.598 -109.561 -27.4949 -424.456 -450.094 -162.92 -819.113 1477.71
PRESSAVG: 70400 1272.76 113.19 -370.025 113.19 233.89 589.242 -370.025 589.242 -908.07
GPRESSAVG: 70400 1238.38 159.766 -307.732 153.468 291.791 596.506 -361.851 589.518 -947.964
ENERGY:   70400       227.9926       114.8750         0.0000         0.0000          -2949.9422       345.6173         0.0000         0.0000       616.3583          -1645.0989       295.8184     -2261.4573     -1638.7223       297.8540           1631.3977      1027.1606      6678.6551       199.5261       194.0696

PRESSURE: 70500 -3937.5 1800.09 3148.37 1800.09 3611.16 236.163 3148.37 236.163 3489.25
GPRESSURE: 70500 -937.729 887.309 842.272 91.2379 1928.82 -829.01 568.824 -51.9213 1092.98
PRESSAVG: 70500 766.795 -537.961 318.997 -537.961 -622.176 -72.4613 318.997 -72.4613 73.4512
GPRESSAVG: 70500 858.313 -472.094 218.277 -555.091 -599.748 -106.171 279.376 -109.061 -0.260172
ENERGY:   70500       220.5518       140.6976         0.0000         0.0000          -2977.1931       337.2621         0.0000         0.0000       633.1684          -1645.5132       303.8863     -2278.6816     -1639.1401       297.3770           1054.3014       694.6929      6624.7301        72.6899        86.1014

WRITING EXTENDED SYSTEM TO RESTART FILE AT STEP 70500
WRITING COORDINATES TO DCD FILE water_simulation.dcd AT STEP 70500
WRITING COORDINATES TO RESTART FILE AT STEP 70500
FINISHED WRITING RESTART COORDINATES
WRITING VELOCITIES TO DCD FILE AT STEP 70500
WRITING VELOCITIES TO RESTART FILE AT STEP 70500
FINISHED WRITING RESTART VELOCITIES
PRESSURE: 70600 2318.09 -47.647 -54.4153 -47.647 860.736 -1358.09 -54.4153 -1358.09 -3295.05
GPRESSURE: 70600 -352.943 -1145.65 -235.055 -686.253 237.362 217.249 -1021.51 216.027 16.6379
PRESSAVG: 70600 192.241 601.429 -314.376 601.429 599.852 -361.852 -314.376 -361.852 -401.87
GPRESSAVG: 70600 143.773 519.598 -290.733 574.488 489.08 -236.208 -233.876 -340.33 -261.572
ENERGY:   70600       225.4050       143.9232         0.0000         0.0000          -2943.2748       322.1561         0.0000         0.0000       617.2235          -1634.5669       296.2337     -2251.7904     -1628.9298       297.6429            -38.7434       -32.9811      6749.5335       130.0742       123.7600

PRESSURE: 70700 -251.432 -3930.51 -2380.07 -3930.51 372.567 1140.54 -2380.07 1140.54 -1708.73
GPRESSURE: 70700 -942.841 309.625 -1119.45 -1074.93 -418.255 318.013 -1875.59 203.295 -945.224
PRESSAVG: 70700 33.5104 -60.1238 -645.862 -60.1238 338.297 19.956 -645.862 19.956 -280.346
GPRESSAVG: 70700 -18.8769 76.2319 -596.057 -99.4723 461.069 -112.248 -731.22 -23.4407 -369.778
ENERGY:   70700       242.5842       140.7182         0.0000         0.0000          -2944.5460       310.3970         0.0000         0.0000       623.1816          -1627.6651       299.0932     -2250.8466     -1622.4522       296.7417           -529.1968      -768.7733      6772.5683        30.4871        24.1379

PRESSURE: 70800 -3059.24 -400.22 742.409 -400.22 2382.26 1015.7 742.409 1015.7 5104.42
GPRESSURE: 70800 918.209 471.48 -1059.8 65.4839 870.841 826.656 -1064.78 -662.162 1398.11
PRESSAVG: 70800 -130.266 -565.516 -859.313 -565.516 582.529 182.472 -859.313 182.472 -427.055
GPRESSAVG: 70800 -83.4083 -561.525 -873.238 -581.641 511.096 202.404 -825.853 264.323 -411.459
ENERGY:   70800       226.5699       140.7528         0.0000         0.0000          -2969.2296       347.5456         0.0000         0.0000       625.7900          -1628.5713       300.3451     -2254.3613     -1622.6564       302.3600           1475.8135      1062.3877      6695.1718         8.4028         5.4096

PRESSURE: 70900 171.971 2225.31 -664.065 2225.31 1595.42 -3196.93 -664.065 -3196.93 -1205.91
GPRESSURE: 70900 201.578 602.164 -182.813 -592.008 993.834 -803.063 -220.03 -695.806 -505.494
PRESSAVG: 70900 -356.148 279.43 -360.985 279.43 26.3639 198.695 -360.985 198.695 207.602
GPRESSAVG: 70900 -297.66 98.1361 -344.304 213.538 25.5258 279.659 -389.295 187.608 169.551
ENERGY:   70900       235.0751       132.6435         0.0000         0.0000          -2935.0840       325.0773         0.0000         0.0000       619.0274          -1623.2607       297.0994     -2242.2881     -1617.7724       300.1609            187.1587       229.9726      6760.1244       -40.7274       -34.1944

PRESSURE: 71000 838.357 -1825.95 -808.406 -1825.95 3132.03 -377.305 -808.406 -377.305 -77.6748
GPRESSURE: 71000 -356.244 -1021.27 -1938.87 -565.468 2812.46 572.962 -804.62 755.282 378.554
PRESSAVG: 71000 -938.053 -847.313 -121.07 -847.313 1415.87 -68.3327 -121.07 -68.3327 -409.79
GPRESSAVG: 71000 -956.35 -746.807 -109.513 -837.056 1406.13 -41.9836 -136.265 -128.839 -370.441
TIMING: 71000  CPU: 345.718, 0.005259/step  Wall: 345.718, 0.005259/step, 0.0425102 hours remaining, 6.441406 MB of memory in use.
ETITLE:      TS           BOND          ANGLE          DIHED          IMPRP               ELECT            VDW       BOUNDARY           MISC        KINETIC               TOTAL           TEMP      POTENTIAL         TOTAL3        TEMPAVG            PRESSURE      GPRESSURE         VOLUME       PRESSAVG      GPRESSAVG

ENERGY:   71000       223.6562       112.1848         0.0000         0.0000          -2917.8859       347.9925         0.0000         0.0000       615.2934          -1618.7589       295.3073     -2234.0523     -1611.7577       297.2899           1297.5699       944.9236      6857.0688        22.6763        26.4471

WRITING EXTENDED SYSTEM TO RESTART FILE AT STEP 71000
WRITING COORDINATES TO DCD FILE water_simulation.dcd AT STEP 71000
WRITING COORDINATES TO RESTART FILE AT STEP 71000
FINISHED WRITING RESTART COORDINATES
WRITING VELOCITIES TO DCD FILE AT STEP 71000
WRITING VELOCITIES TO RESTART FILE AT STEP 71000
FINISHED WRITING RESTART VELOCITIES
PRESSURE: 71100 -2968.57 1218.01 698.435 1218.01 -382.732 -1063.71 698.435 -1063.71 3351.32
GPRESSURE: 71100 -1364.86 1351.35 693.798 351.041 577.897 781.93 975.319 -502.585 37.5551
PRESSAVG: 71100 -366.346 -478.663 75.8095 -478.663 433.579 32.5917 75.8095 32.5917 154.713
GPRESSAVG: 71100 -407.329 -455.416 92.2736 -442.663 411.982 -105.635 162.808 14.3446 177.774
ENERGY:   71100       237.6895       137.4123         0.0000         0.0000          -2913.5505       328.1613         0.0000         0.0000       589.9985          -1620.2890       283.1671     -2210.2875     -1615.5858       293.6942              0.0057      -249.8015      6921.7083        73.9819        60.8092

PRESSURE: 71200 2038.23 -2350.24 -1233.23 -2350.24 2588.24 -295.3 -1233.23 -295.3 -1153.93
GPRESSURE: 71200 2814.56 -2054.31 -117.207 -816.768 1360.84 75.415 1084.56 372.602 1340.66
PRESSAVG: 71200 -62.1642 934.194 806.529 934.194 731.045 -695.647 806.529 -695.647 -159.116
GPRESSAVG: 71200 -13.7395 838.598 759.163 1015.75 756.445 -618.127 774.488 -501.625 -254.105
ENERGY:   71200       224.8760       147.6110         0.0000         0.0000          -2996.7399       376.5160         0.0000         0.0000       623.7607          -1623.9761       299.3712     -2247.7369     -1617.8195       298.1969           1157.5120      1838.6849      6757.0258       169.9216       162.8667

PRESSURE: 71300 3119.23 -488.751 700.338 -488.751 1905.51 -15.2815 700.338 -15.2815 -2330.56
GPRESSURE: 71300 1493.14 1252.15 100.612 250.066 2120.34 -118.134 -701.025 -182.64 1449.48
PRESSAVG: 71300 558.222 -119.662 -92.6647 -119.662 -386.642 624.614 -92.6647 624.614 -196.359
GPRESSAVG: 71300 516.447 -47.3953 2.06576 -148.97 -399.98 675.352 -34.2955 369.851 -118.025
ENERGY:   71300       241.4572       116.1202         0.0000         0.0000          -2960.0854       355.3619         0.0000         0.0000       633.6215          -1613.5247       304.1038     -2247.1461     -1608.7132       295.2500            898.0610      1687.6550      6642.2672        -8.2597        -0.5192

PRESSURE: 71400 -190.3 -1419.41 673.182 -1419.41 738.339 -790.461 673.182 -790.461 -453.002
GPRESSURE: 71400 313.83 -1594.97 -304.046 -983.186 822.506 -1532.61 -1324.77 -29.947 702.809
PRESSAVG: 71400 -101.044 633.057 -3.61949 633.057 -156.312 -933.675 -3.61949 -933.675 107.871
GPRESSAVG: 71400 -85.9746 558.619 -203.694 550.003 -114.856 -991.933 -67.8768 -860.102 119.768
ENERGY:   71400       229.4933       113.7065         0.0000         0.0000          -2867.2391       318.3748         0.0000         0.0000       597.1727          -1608.4919       286.6104     -2205.6645     -1603.0000       298.8534             31.6791       613.0486      6708.0380       -49.8282       -27.0209

PRESSURE: 71500 -1601.16 22.4107 159.595 22.4107 666.594 -1899.69 159.595 -1899.69 -422.73
GPRESSURE: 71500 -1144.06 -448.178 662.736 -598.214 1489.73 -443.182 -220.355 -629.814 -1359.14
PRESSAVG: 71500 627.58 165.97 -429.436 165.97 296.767 -488.039 -429.436 -488.039 -272.169
GPRESSAVG: 71500 621.272 86.0105 -290.183 245.555 305.615 -523.361 -427.579 -303.221 -292.085
ENERGY:   71500       231.8375       151.1541         0.0000         0.0000          -2920.4353       312.8644         0.0000         0.0000       616.5497          -1608.0297       295.9103     -2224.5794     -1602.0228       296.9801           -452.4334      -337.8223      6759.1977       217.3927       211.6007

WRITING EXTENDED SYSTEM TO RESTART FILE AT STEP 71500
WRITING COORDINATES TO DCD FILE water_simulation.dcd AT STEP 71500
WRITING COORDINATES TO RESTART FILE AT STEP 71500
FINISHED WRITING RESTART COORDINATES
WRITING VELOCITIES TO DCD FILE AT STEP 71500
WRITING VELOCITIES TO RESTART FILE AT STEP 71500
FINISHED WRITING RESTART VELOCITIES
PRESSURE: 71600 -4391.89 -1762.45 -915.832 -1762.45 2795.53 -2025.18 -915.832 -2025.18 -2467.55
GPRESSURE: 71600 -1632.76 -1887.73 -828.409 -1596.24 1480.7 -2086.32 -432.372 -675.83 -2485.98
PRESSAVG: 71600 -628.418 -467.012 -885.903 -467.012 1240.48 -438.291 -885.903 -438.291 -722.545
GPRESSAVG: 71600 -598.337 -337.737 -755.974 -420.878 1189.73 -422.642 -961.647 -579.767 -735.165
ENERGY:   71600       237.1812       128.0081         0.0000         0.0000          -2854.7790       288.1640         0.0000         0.0000       589.7167          -1611.7091       283.0319     -2201.4257     -1606.6269       293.1608          -1354.6351      -879.3478      6757.5952       -36.8278       -47.9255

PRESSURE: 71700 456.875 1374.01 -586.916 1374.01 -975.593 907.598 -586.916 907.598 -3381.25
GPRESSURE: 71700 -1069.28 93.8613 -411.799 866.244 -411.32 -646.376 -776.113 -48.1209 -484.83
PRESSAVG: 71700 -541.842 597.675 -532.448 597.675 730.751 -928.57 -532.448 -928.57 -145.626
GPRESSAVG: 71700 -579.075 580.584 -749.595 626.002 727.816 -906.038 -440.611 -918.601 -108.275
ENERGY:   71700       221.7698       115.3254         0.0000         0.0000          -2854.1534       295.3928         0.0000         0.0000       614.8289          -1606.8365       295.0844     -2221.6654     -1599.8512       292.1427          -1299.9903      -655.1444      6819.0739        14.4274        13.4890

PRESSURE: 71800 -1514.74 1016.96 724.716 1016.96 -2369.15 -745.164 724.716 -745.164 -2385.73
GPRESSURE: 71800 -1995.1 282.484 580.253 -14.0701 -1099 -4.08381 182.998 322.924 -3173.07
PRESSAVG: 71800 777.957 290.167 388.75 290.167 874.597 -994.352 388.75 -994.352 -2741.95
GPRESSAVG: 71800 728.872 295.256 537.289 170.521 940.701 -977.509 407.285 -950.964 -2788.38
ENERGY:   71800       244.8736       133.0602         0.0000         0.0000          -2885.6531       275.1497         0.0000         0.0000       635.1571          -1597.4125       304.8408     -2232.5696     -1592.5772       296.5582          -2089.8761     -2089.0607      6922.1617      -363.1335      -372.9342

PRESSURE: 71900 -1416.61 818.201 1932.84 818.201 -1846.41 2450.13 1932.84 2450.13 -2651.36
GPRESSURE: 71900 -683.957 -336.235 829.23 897.21 -321.199 -931.729 -343.938 -249.456 -4200.7
PRESSAVG: 71900 -135.879 113.48 -228.91 113.48 574.064 -140.81 -228.91 -140.81 -365.288
GPRESSAVG: 71900 -105.679 84.4318 -238.016 157.233 533.85 -239.908 -296.171 -209.108 -348.119
ENERGY:   71900       234.3559       127.5838         0.0000         0.0000          -2885.4218       281.0467         0.0000         0.0000       632.1552          -1610.2802       303.4001     -2242.4354     -1604.3787       301.0924          -1971.4597     -1735.2842      6845.0554        24.2993        26.6842

PRESSURE: 72000 -873.703 1608.96 2980.41 1608.96 923.413 -3100.18 2980.41 -3100.18 3555.35
GPRESSURE: 72000 1215.84 325.104 -8.0978 660.777 482.056 -511.251 54.339 -945.94 2271.66
PRESSAVG: 72000 477.029 -290.471 361.588 -290.471 541.968 -456.105 361.588 -456.105 -803.235
GPRESSAVG: 72000 481.199 -352.046 312.321 -247.565 622.392 -426.654 397.534 -388.837 -881.047
TIMING: 72000  CPU: 350.346, 0.004628/step  Wall: 350.346, 0.004628/step, 0.0361241 hours remaining, 6.441406 MB of memory in use.
ETITLE:      TS           BOND          ANGLE          DIHED          IMPRP               ELECT            VDW       BOUNDARY           MISC        KINETIC               TOTAL           TEMP      POTENTIAL         TOTAL3        TEMPAVG            PRESSURE      GPRESSURE         VOLUME       PRESSAVG      GPRESSAVG

ENERGY:   72000       234.6190       120.1038         0.0000         0.0000          -2976.0623       360.8263         0.0000         0.0000       647.9913          -1612.5219       311.0005     -2260.5132     -1605.6718       302.8850           1201.6856      1323.1839      6739.9044        71.9208        74.1812

WRITING EXTENDED SYSTEM TO RESTART FILE AT STEP 72000
WRITING COORDINATES TO DCD FILE water_simulation.dcd AT STEP 72000
WRITING COORDINATES TO RESTART FILE AT STEP 72000
FINISHED WRITING RESTART COORDINATES
WRITING VELOCITIES TO DCD FILE AT STEP 72000
WRITING VELOCITIES TO RESTART FILE AT STEP 72000
FINISHED WRITING RESTART VELOCITIES
PRESSURE: 72100 208.754 -861.287 2584.95 -861.287 1915.22 -1441.04 2584.95 -1441.04 -2448.24
GPRESSURE: 72100 1380.74 -346.277 2036.63 327.89 761.031 -448.71 674.449 -788.089 -1651.48
PRESSAVG: 72100 812.551 390.916 686.988 390.916 -388.136 -436.107 686.988 -436.107 -391.68
GPRESSAVG: 72100 818.517 414.775 668.265 372.44 -482.692 -334.512 695.055 -504.998 -322.378
ENERGY:   72100       239.8850       146.6489         0.0000         0.0000          -2998.7640       335.0159         0.0000         0.0000       649.7664          -1627.4478       311.8525     -2277.2143     -1622.0999       299.0309           -108.0887       163.4321      6664.0970        10.9113         4.4820

LDB: ============= START OF LOAD BALANCING ============== 351.182
LDB: ============== END OF LOAD BALANCING =============== 351.182
LDB: =============== DONE WITH MIGRATION ================ 351.182
LDB: ============= START OF LOAD BALANCING ============== 351.416
LDB: ============== END OF LOAD BALANCING =============== 351.416
LDB: =============== DONE WITH MIGRATION ================ 351.416
PRESSURE: 72200 -2473.63 385.406 -1221.88 385.406 -1246.36 526.067 -1221.88 526.067 -2016.06
GPRESSURE: 72200 -2011.42 181.907 -787.41 1103.38 880.455 552.036 -158.94 192.058 -1309.31
PRESSAVG: 72200 -148.03 327.816 1103.06 327.816 172.348 392.402 1103.06 392.402 -681.986
GPRESSAVG: 72200 -156.22 396.02 1076.24 270.711 239.798 344.462 1162.37 339.244 -720.41
ENERGY:   72200       239.8531       120.6873         0.0000         0.0000          -2925.0612       308.9260         0.0000         0.0000       623.0781          -1632.5167       299.0435     -2255.5947     -1626.7843       301.8578          -1912.0156      -813.4259      6831.2294      -219.2224      -212.2773

PRESSURE: 72300 -562.081 -762.11 -431.723 -762.11 -3118.44 -902.291 -431.723 -902.291 -1921.93
GPRESSURE: 72300 -1334.32 160.276 630.601 -49.9842 -418.924 -1420.15 1088.77 -685.554 683.139
PRESSAVG: 72300 -706.389 616.952 39.4812 616.952 -79.2228 -1072.88 39.4812 -1072.88 944.032
GPRESSAVG: 72300 -665.233 633.166 7.07439 680.731 -79.4957 -1080.44 36.7428 -892.313 978.572
ENERGY:   72300       246.6157       102.2717         0.0000         0.0000          -2929.9923       312.7392         0.0000         0.0000       635.2934          -1633.0723       304.9062     -2268.3657     -1628.1770       301.2905          -1867.4837      -356.7004      6719.0696        52.8070        77.9479

PRESSURE: 72400 110.734 -987.952 -1548.67 -987.952 879.223 2449.03 -1548.67 2449.03 1329.49
GPRESSURE: 72400 1518.71 -1220.68 -730.284 -1681.04 769.123 935.509 584.208 1554.15 867.052
PRESSAVG: 72400 -440.816 -335.617 -318.758 -335.617 261.8 -203.114 -318.758 -203.114 -185.973
GPRESSAVG: 72400 -425.594 -377.14 -237.258 -423.583 162.727 -253.943 -367.74 -322.377 -132.662
ENERGY:   72400       242.1782       162.5691         0.0000         0.0000          -2972.9486       342.9967         0.0000         0.0000       594.6083          -1630.5962       285.3796     -2225.2046     -1625.3747       297.3326            773.1503      1051.6276      6563.8621      -121.6631      -131.8430

PRESSURE: 72500 -2160.17 -544.692 2116.19 -544.692 -4782.11 135.296 2116.19 135.296 -2339.05
GPRESSURE: 72500 -1832.45 -1394.33 -194.543 455.598 -2669.38 -1091.34 326.771 621.5 -2779.27
PRESSAVG: 72500 924.919 -97.0671 828.257 -97.0671 -356.728 459.264 828.257 459.264 -610.444
GPRESSAVG: 72500 905.138 -168.027 790.885 8.15299 -311.352 505.34 803.136 460.924 -670.754
ENERGY:   72500       248.7887       139.3223         0.0000         0.0000          -2920.3132       274.3961         0.0000         0.0000       624.3995          -1633.4067       299.6777     -2257.8061     -1628.1975       294.6889          -3093.7788     -2427.0331      6785.6657       -14.0842       -25.6561

WRITING EXTENDED SYSTEM TO RESTART FILE AT STEP 72500
WRITING COORDINATES TO DCD FILE water_simulation.dcd AT STEP 72500
WRITING COORDINATES TO RESTART FILE AT STEP 72500
FINISHED WRITING RESTART COORDINATES
WRITING VELOCITIES TO DCD FILE AT STEP 72500
WRITING VELOCITIES TO RESTART FILE AT STEP 72500
FINISHED WRITING RESTART VELOCITIES
PRESSURE: 72600 1803.38 231.356 2102.53 231.356 -1353.3 1513.74 2102.53 1513.74 -1925.42
GPRESSURE: 72600 -296.126 129.682 -22.1503 725.235 -380.612 855.848 1075.08 1315.22 -440.556
PRESSAVG: 72600 -968.445 -477.575 -132.331 -477.575 572.161 283.413 -132.331 283.413 369.875
GPRESSAVG: 72600 -1008.69 -433.094 -71.3988 -406.628 576.006 275.571 -116.252 288.176 362.193
ENERGY:   72600       235.3914       127.4323         0.0000         0.0000          -2945.9546       318.2139         0.0000         0.0000       639.8145          -1625.1025       307.0761     -2264.9170     -1618.6221       298.2350           -491.7805      -372.4312      6741.4879        -8.8027       -23.4983

PRESSURE: 72700 727.774 1288.57 -2447.65 1288.57 -1642.24 -112.877 -2447.65 -112.877 4551.42
GPRESSURE: 72700 476.897 1040.51 -386.318 -328.606 464.745 1087.94 -1302.47 -42.3399 2730.92
PRESSAVG: 72700 286.927 1363.6 -472.94 1363.6 -115.105 168.049 -472.94 168.049 -702.556
GPRESSAVG: 72700 240.154 1411.06 -590.235 1241.25 -129.755 220.662 -548.842 197.148 -683.849
ENERGY:   72700       233.1146       141.3175         0.0000         0.0000          -2976.4239       343.6909         0.0000         0.0000       625.7705          -1632.5305       300.3358     -2258.3010     -1626.1103       297.5674           1212.3172      1224.1877      6554.1314      -176.9113      -191.1500

PRESSURE: 72800 -1850.8 1552.51 -444.875 1552.51 -2087.71 595.507 -444.875 595.507 1774
GPRESSURE: 72800 -212.606 -575.218 2531.62 -677.937 -387.433 -125.956 2090.89 -245.03 812.296
PRESSAVG: 72800 -149.276 472.295 -130.548 472.295 -769.432 -45.3851 -130.548 -45.3851 396.939
GPRESSAVG: 72800 -110.961 422.495 87.5543 518.063 -749.424 -34.031 52.9338 -40.3105 293.569
ENERGY:   72800       249.1128       130.4665         0.0000         0.0000          -2949.2376       320.8108         0.0000         0.0000       631.2500          -1617.5975       302.9656     -2248.8475     -1611.8438       302.4211           -721.5035        70.7527      6629.7853      -173.9229      -188.9387

PRESSURE: 72900 -4125.28 -1508.68 1168.89 -1508.68 -1562.03 -1051.33 1168.89 -1051.33 226.898
GPRESSURE: 72900 -259.939 -248.377 -4.87743 446.228 -2065.38 74.3763 581.462 -1167.33 122.076
PRESSAVG: 72900 -35.7408 305.007 24.5698 305.007 -1014.23 -5.0995 24.5698 -5.0995 605.273
GPRESSAVG: 72900 -19.7153 316.996 -105.108 225.715 -1064.91 -57.4042 -55.4042 -171.149 635.019
ENERGY:   72900       240.3688       127.3376         0.0000         0.0000          -2924.0867       296.5392         0.0000         0.0000       627.1636          -1632.6775       301.0044     -2259.8411     -1626.8722       301.6089          -1820.1382      -734.4158      6596.5358      -148.2335      -149.8682

PRESSURE: 73000 -3765.12 -1086.84 831.413 -1086.84 -2418.6 -2455.53 831.413 -2455.53 -2712.56
GPRESSURE: 73000 -2053.65 -878.8 -308.032 28.7672 -226.428 -1408.59 -627.052 -747.618 -1353.03
PRESSAVG: 73000 -256.285 -642.902 -92.7994 -642.902 -457.134 -1318.41 -92.7994 -1318.41 1226.96
GPRESSAVG: 73000 -259.417 -523.063 -126.944 -639.43 -479.396 -1207.98 -148.545 -1120.21 1326.26
TIMING: 73000  CPU: 355.367, 0.005021/step  Wall: 355.367, 0.005021/step, 0.037797 hours remaining, 6.441406 MB of memory in use.
ETITLE:      TS           BOND          ANGLE          DIHED          IMPRP               ELECT            VDW       BOUNDARY           MISC        KINETIC               TOTAL           TEMP      POTENTIAL         TOTAL3        TEMPAVG            PRESSURE      GPRESSURE         VOLUME       PRESSAVG      GPRESSAVG

ENERGY:   73000       235.2482       146.1918         0.0000         0.0000          -2918.4468       286.2827         0.0000         0.0000       615.4791          -1635.2451       295.3964     -2250.7242     -1629.0710       299.5751          -2965.4291     -1211.0361      6611.1219       171.1792       195.8159

WRITING EXTENDED SYSTEM TO RESTART FILE AT STEP 73000
WRITING COORDINATES TO DCD FILE water_simulation.dcd AT STEP 73000
WRITING COORDINATES TO RESTART FILE AT STEP 73000
FINISHED WRITING RESTART COORDINATES
WRITING VELOCITIES TO DCD FILE AT STEP 73000
WRITING VELOCITIES TO RESTART FILE AT STEP 73000
FINISHED WRITING RESTART VELOCITIES
PRESSURE: 73100 -2794.94 1084.38 -721.251 1084.38 -2698.96 -1363.22 -721.251 -1363.22 -3078.76
GPRESSURE: 73100 -1956.74 796.051 781.364 310.838 -1072.79 -1306.46 -248.626 -1002.62 -2415.13
PRESSAVG: 73100 350.37 272.335 179.851 272.335 -404.248 -464.852 179.851 -464.852 -281.486
GPRESSAVG: 73100 271.804 149.254 251.477 200.035 -301.15 -621.863 224.849 -523.719 -329.193
ENERGY:   73100       242.5630       131.2118         0.0000         0.0000          -2909.5895       277.9256         0.0000         0.0000       619.9164          -1637.9727       297.5261     -2257.8892     -1632.1533       297.7915          -2857.5527     -1814.8861      6691.8948      -111.7880      -119.5132

PRESSURE: 73200 -448.676 -1430.44 525.714 -1430.44 -1179.38 1381.28 525.714 1381.28 129.239
GPRESSURE: 73200 1641.44 -260.646 -830.435 75.1071 243.209 785.865 -552.312 248.737 705.547
PRESSAVG: 73200 -816.939 55.0355 -251.53 55.0355 -825.829 759.122 -251.53 759.122 1432.54
GPRESSAVG: 73200 -680.76 27.5145 -297.064 111.834 -911.646 753.852 -218.175 693.625 1406.86
ENERGY:   73200       248.6090       123.6860         0.0000         0.0000          -2970.7488       343.5323         0.0000         0.0000       611.9037          -1643.0177       293.6805     -2254.9215     -1637.6959       296.0395           -499.6045       863.4001      6635.2152       -70.0747       -61.8480

PRESSURE: 73300 -1995.68 -1083.78 -2240.44 -1083.78 -6575.98 -956.02 -2240.44 -956.02 -2251.89
GPRESSURE: 73300 -1181.19 1369.32 -1690.56 451.108 -1247.69 -203.337 -680.586 657.598 -1710.74
PRESSAVG: 73300 109.209 730.769 -1091.67 730.769 -635.001 -117.509 -1091.67 -117.509 48.9175
GPRESSAVG: 73300 48.5132 783.284 -1163.35 884.228 -527.705 -49.8942 -1185.48 40.9989 60.2907
ENERGY:   73300       248.0004       132.3018         0.0000         0.0000          -2940.2155       290.5699         0.0000         0.0000       626.0678          -1643.2757       300.4784     -2269.3435     -1637.6167       294.6883          -3607.8523     -1379.8723      6697.1709      -158.9580      -139.6337

PRESSURE: 73400 1021.53 1285.41 -4296.49 1285.41 -134.249 6.85475 -4296.49 6.85475 2222.65
GPRESSURE: 73400 2110.65 512.883 -33.4111 -457.435 1829.03 -397.659 -215.775 -607.637 3425.83
PRESSAVG: 73400 -422.761 -113.292 -98.8361 -113.292 -707.89 341.864 -98.8361 341.864 506.868
GPRESSAVG: 73400 -399.006 -138.793 34.8203 -185.238 -739.683 278.588 -18.2512 218.991 472.272
ENERGY:   73400       237.3410       135.2751         0.0000         0.0000          -3003.7975       373.7130         0.0000         0.0000       626.6870          -1630.7814       300.7756     -2257.4684     -1625.0379       301.1186           1036.6442      2455.1724      6543.6423      -207.9276      -222.1392

PRESSURE: 73500 1508.51 1520.32 216.504 1520.32 -3257.46 1341.98 216.504 1341.98 -5651.33
GPRESSURE: 73500 1120.38 -636.206 -1431.51 -165.168 -706.464 965.422 -1260.06 720.488 -1902.4
PRESSAVG: 73500 287.481 -151.225 -567.816 -151.225 -744.058 508.061 -567.816 508.061 84.5087
GPRESSAVG: 73500 248.976 -189.444 -629.612 -159.232 -770.581 599.556 -607.256 545.491 212.898
ENERGY:   73500       255.7420       126.3077         0.0000         0.0000          -2911.7695       306.6439         0.0000         0.0000       596.8857          -1626.1901       286.4726     -2223.0759     -1621.8220       299.0936          -2466.7606      -496.1632      6686.9610      -124.0226      -102.9024

WRITING EXTENDED SYSTEM TO RESTART FILE AT STEP 73500
WRITING COORDINATES TO DCD FILE water_simulation.dcd AT STEP 73500
WRITING COORDINATES TO RESTART FILE AT STEP 73500
FINISHED WRITING RESTART COORDINATES
WRITING VELOCITIES TO DCD FILE AT STEP 73500
WRITING VELOCITIES TO RESTART FILE AT STEP 73500
FINISHED WRITING RESTART VELOCITIES
PRESSURE: 73600 -2838.78 1095 -1208.43 1095 -2203.73 761.575 -1208.43 761.575 -230.093
GPRESSURE: 73600 657.86 -551.821 304.45 485.732 -1753.07 -510.668 218.774 261.453 -767.401
PRESSAVG: 73600 475.456 314.213 -465.173 314.213 -443.597 314.448 -465.173 314.448 -126.995
GPRESSAVG: 73600 508.107 294.565 -447.388 266.091 -516.592 319.71 -465.337 285.418 -139.641
ENERGY:   73600       220.7795       136.4995         0.0000         0.0000          -2928.9720       304.1953         0.0000         0.0000       650.0370          -1617.4607       311.9823     -2267.4977     -1611.0247       301.8026          -1757.5354      -620.8702      6727.9896       -31.7118       -49.3757

PRESSURE: 73700 -801.067 -775.106 -24.3203 -775.106 -1723.02 -2627.6 -24.3203 -2627.6 802.711
GPRESSURE: 73700 -801.727 252.401 -478.675 650.559 -388.252 -550.483 -831.238 63.8794 -351.883
PRESSAVG: 73700 -197.177 -47.8374 -985.647 -47.8374 -658.652 -549.51 -985.647 -549.51 1351.82
GPRESSAVG: 73700 -224.539 -40.3465 -1021.48 31.1471 -544.101 -640.63 -936.43 -487.927 1277.93
ENERGY:   73700       230.8632       124.5086         0.0000         0.0000          -2879.7078       300.1573         0.0000         0.0000       600.1332          -1624.0456       288.0312     -2224.1787     -1618.5799       301.8435           -573.7928      -513.9543      6704.6657       165.3290       169.7624

PRESSURE: 73800 -4307.38 1768.28 -2102.41 1768.28 782.904 -1753 -2102.41 -1753 -175.892
GPRESSURE: 73800 -1332.65 -594.128 -1502.7 -932.495 -1897.08 444.886 -1070.82 -1016.73 615.761
PRESSAVG: 73800 -75.6408 -268.019 -835.383 -268.019 605.851 -31.6621 -835.383 -31.6621 -67.1684
GPRESSAVG: 73800 -54.6848 -165.622 -873.202 -305.734 569.716 13.6997 -757.868 -36.2028 -41.313
ENERGY:   73800       236.4408       128.5251         0.0000         0.0000          -2899.5824       306.6065         0.0000         0.0000       601.2587          -1626.7514       288.5714     -2228.0101     -1621.3086       294.8961          -1233.4555      -871.3221      6851.1228       154.3472       157.9060

PRESSURE: 73900 1395.38 1859.6 -239.351 1859.6 -763.615 2395.6 -239.351 2395.6 -1506.56
GPRESSURE: 73900 -688.254 11.3567 257.937 1377.36 343.004 403.422 -559.634 495.292 492.661
PRESSAVG: 73900 -373.819 -289.129 -359.019 -289.129 541.362 -73.3463 -359.019 -73.3463 -550.633
GPRESSAVG: 73900 -364.351 -397.211 -309.56 -333.771 459.325 -59.0945 -467.271 -181.756 -501.824
ENERGY:   73900       235.6425       140.1122         0.0000         0.0000          -2991.9808       341.4833         0.0000         0.0000       649.3965          -1625.3463       311.6749     -2274.7428     -1618.3606       299.0156           -291.6004        49.1368      6829.2132      -127.6969      -135.6169

PRESSURE: 74000 -184.211 992.072 -146.083 992.072 -2608.91 -2669.23 -146.083 -2669.23 481.334
GPRESSURE: 74000 1664.45 -1050.25 98.2804 -466.512 -376.162 49.4712 691.692 -1631.29 43.5376
PRESSAVG: 74000 258.456 366.185 -345.322 366.185 -770.121 326.721 -345.322 326.721 501.568
GPRESSAVG: 74000 214.069 365.601 -464.571 350.818 -673.923 224.746 -283.068 439.081 421.807
TIMING: 74000  CPU: 360.051, 0.004684/step  Wall: 360.051, 0.004684/step, 0.033959 hours remaining, 6.441406 MB of memory in use.
ETITLE:      TS           BOND          ANGLE          DIHED          IMPRP               ELECT            VDW       BOUNDARY           MISC        KINETIC               TOTAL           TEMP      POTENTIAL         TOTAL3        TEMPAVG            PRESSURE      GPRESSURE         VOLUME       PRESSAVG      GPRESSAVG

ENERGY:   74000       242.8325       149.6576         0.0000         0.0000          -2957.6455       335.9965         0.0000         0.0000       596.8221          -1632.3369       286.4421     -2229.1590     -1627.5948       299.7605           -770.5948       443.9413      6739.9938        -3.3656       -12.6822

WRITING EXTENDED SYSTEM TO RESTART FILE AT STEP 74000
WRITING COORDINATES TO DCD FILE water_simulation.dcd AT STEP 74000
WRITING COORDINATES TO RESTART FILE AT STEP 74000
FINISHED WRITING RESTART COORDINATES
WRITING VELOCITIES TO DCD FILE AT STEP 74000
WRITING VELOCITIES TO RESTART FILE AT STEP 74000
FINISHED WRITING RESTART VELOCITIES
PRESSURE: 74100 -1861.15 -1390.59 -617.952 -1390.59 -1690.2 -1373.65 -617.952 -1373.65 -4532.35
GPRESSURE: 74100 -1135.87 777.556 -914.904 -454.714 -2131.77 -343.254 -247.367 1017.07 -479.746
PRESSAVG: 74100 -106.18 -340.049 196.67 -340.049 -610.145 397.185 196.67 397.185 762.074
GPRESSAVG: 74100 -64.0747 -298.086 377.423 -262.884 -656.102 440.751 89.2266 441.642 756.169
ENERGY:   74100       227.0689       129.0642         0.0000         0.0000          -2902.1388       298.3191         0.0000         0.0000       621.6970          -1625.9896       298.3807     -2247.6866     -1619.3301       292.9650          -2694.5702     -1249.1275      6912.1394        15.2495        11.9973

LDB: ============= START OF LOAD BALANCING ============== 360.777
LDB: ============== END OF LOAD BALANCING =============== 360.777
LDB: =============== DONE WITH MIGRATION ================ 360.777
LDB: ============= START OF LOAD BALANCING ============== 361.028
LDB: ============== END OF LOAD BALANCING =============== 361.029
LDB: =============== DONE WITH MIGRATION ================ 361.029
PRESSURE: 74200 -1894.78 2300.62 -2274.2 2300.62 -871.896 778.84 -2274.2 778.84 -4282.69
GPRESSURE: 74200 -1415.93 904.378 259.86 95.5092 -536.953 423.84 409.259 291.488 -1080.88
PRESSAVG: 74200 118.905 55.7563 -23.9085 55.7563 -79.9906 257.879 -23.9085 257.879 346.602
GPRESSAVG: 74200 118.876 65.0565 -94.4414 18.7311 -38.6377 349.663 25.4393 228.892 343.229
ENERGY:   74200       228.2790       120.4199         0.0000         0.0000          -2912.0636       303.9236         0.0000         0.0000       634.9381          -1624.5030       304.7357     -2259.4411     -1617.6234       295.7212          -2349.7896     -1011.2520      6918.4927       128.5054       141.1558

PRESSURE: 74300 -2343.21 459.395 -37.7243 459.395 -1185.73 -713.21 -37.7243 -713.21 -4636.74
GPRESSURE: 74300 -313.738 -1194.81 -238.752 -1824.32 1203.98 624.904 87.8521 -678.008 -2131.81
PRESSAVG: 74300 -239.958 -343.336 167.617 -343.336 179.49 539.579 167.617 539.579 -219.591
GPRESSAVG: 74300 -243.215 -359.965 126.148 -232.401 148.276 451.35 213.171 469.368 -164.711
ENERGY:   74300       239.3618       135.7018         0.0000         0.0000          -2911.8279       322.3010         0.0000         0.0000       600.3414          -1614.1219       288.1312     -2214.4633     -1607.9495       289.8665          -2721.8920      -413.8564      6967.7288       -93.3528       -86.5500

PRESSURE: 74400 -5115.75 -139.904 -119.332 -139.904 776.648 -277.601 -119.332 -277.601 -2074.75
GPRESSURE: 74400 845.588 -54.6131 142.424 146.835 -146.177 -1809.6 276.678 -143.143 -456.412
PRESSAVG: 74400 275.02 -206.203 -20.4771 -206.203 291.728 201.124 -20.4771 201.124 -811.411
GPRESSAVG: 74400 281.504 -300.647 38.0965 -285.3 339.765 191.166 -121.745 237.97 -796.766
ENERGY:   74400       259.3557       135.1593         0.0000         0.0000          -2990.6301       346.6932         0.0000         0.0000       634.3686          -1615.0533       304.4624     -2249.4219     -1611.1542       296.7589          -2137.9486        80.9995      6917.4044       -81.5546       -58.4991

PRESSURE: 74500 -3125.01 -18.4676 1550.97 -18.4676 2045.55 -849.47 1550.97 -849.47 -1002.21
GPRESSURE: 74500 -931.837 -402.279 172.219 -408.911 1472.6 -1061.9 91.3081 -260.862 738.076
PRESSAVG: 74500 -402.431 72.0509 657.893 72.0509 -521.063 -136.001 657.893 -136.001 920.41
GPRESSAVG: 74500 -318.862 188.395 629.38 46.1905 -615.114 -152.182 729.957 -154.106 879.628
ENERGY:   74500       227.7155       135.9811         0.0000         0.0000          -2947.4097       336.2728         0.0000         0.0000       627.4647          -1619.9757       301.1489     -2247.4403     -1614.3962       303.1079           -693.8884       426.2800      6880.1244        -1.0280       -18.1159

WRITING EXTENDED SYSTEM TO RESTART FILE AT STEP 74500
WRITING COORDINATES TO DCD FILE water_simulation.dcd AT STEP 74500
WRITING COORDINATES TO RESTART FILE AT STEP 74500
FINISHED WRITING RESTART COORDINATES
WRITING VELOCITIES TO DCD FILE AT STEP 74500
WRITING VELOCITIES TO RESTART FILE AT STEP 74500
FINISHED WRITING RESTART VELOCITIES
PRESSURE: 74600 3053.69 -1790.98 -1667.01 -1790.98 3297.03 -2327.46 -1667.01 -2327.46 1852.03
GPRESSURE: 74600 2311.07 -149.879 -670.615 -235.632 2810.08 -180.589 -1153.88 429.399 3913.36
PRESSAVG: 74600 -149.69 -369.456 180.755 -369.456 306.021 292.96 180.755 292.96 -444.99
GPRESSAVG: 74600 -278.486 -339.582 209.912 -358.536 427.642 438.151 66.0134 401.164 -407.212
ENERGY:   74600       233.6820       122.9594         0.0000         0.0000          -3005.1744       396.6555         0.0000         0.0000       633.7192          -1618.1583       304.1507     -2251.8775     -1613.0951       298.1449           2734.2473      3011.5048      6737.4503       -96.2195       -86.0188

PRESSURE: 74700 -418.78 -139.776 -443.008 -139.776 -903.454 -309.452 -443.008 -309.452 446.995
GPRESSURE: 74700 -1613.03 942.694 202.746 -850.942 -62.067 -341.398 -717.457 -515.077 315.256
PRESSAVG: 74700 -1086.24 1418.4 -176.06 1418.4 -126.541 -295.611 -176.06 -295.611 1083.56
GPRESSAVG: 74700 -1074.67 1366.72 -152.662 1509.54 -157.392 -338.655 -70.9178 -315.431 1115.37
ENERGY:   74700       226.0941       142.8270         0.0000         0.0000          -2920.4563       317.7908         0.0000         0.0000       608.4556          -1625.2889       292.0255     -2233.7445     -1619.7762       296.5849           -291.7462      -453.2818      6927.0223       -43.0748       -38.8994

PRESSURE: 74800 -3148.32 659.952 328.623 659.952 -3942.31 -943.027 328.623 -943.027 -1022.56
GPRESSURE: 74800 -2087.08 -234.077 540.91 354.795 -2645.78 -924.184 1650.74 -1869.37 -3128.55
PRESSAVG: 74800 711.792 -518.493 924.021 -518.493 270.892 -438.821 924.021 -438.821 -427.69
GPRESSAVG: 74800 720.54 -489.548 883.524 -571.942 278.076 -528.797 912.589 -497.273 -501.119
ENERGY:   74800       225.5508       117.1270         0.0000         0.0000          -2840.6583       261.8952         0.0000         0.0000       618.3168          -1617.7685       296.7584     -2236.0853     -1611.6219       296.5332          -2704.3965     -2620.4703      7016.1670       184.9982       165.8324

PRESSURE: 74900 -677.786 -453.178 -750.296 -453.178 1229.43 295.179 -750.296 295.179 -3226.85
GPRESSURE: 74900 747.471 -540.609 494.42 -182.042 -1702.95 185.314 659.62 -265.706 -836.575
PRESSAVG: 74900 253.397 -282.042 207.852 -282.042 -120.519 -294.699 207.852 -294.699 -106.541
GPRESSAVG: 74900 227.91 -291.35 247.465 -320.817 -75.018 -192.765 228.795 -259.163 -137.251
ENERGY:   74900       230.6427       134.6584         0.0000         0.0000          -2891.9835       303.6737         0.0000         0.0000       616.7821          -1606.2265       296.0218     -2223.0087     -1601.0706       295.5993           -891.7361      -597.3524      6808.8024         8.7790         5.2135

PRESSURE: 75000 -3334.63 58.5186 -1406.16 58.5186 243.256 -1629.77 -1406.16 -1629.77 -3407.5
GPRESSURE: 75000 -2169 -225.302 227.666 616.579 -58.3121 -772.304 833.107 -818.84 -1680.56
PRESSAVG: 75000 352.299 58.3199 609.545 58.3199 696.381 -618.589 609.545 -618.589 -1131.66
GPRESSAVG: 75000 368.553 -25.95 682.79 167.759 637.321 -740.529 637.303 -595.786 -1072.16
TIMING: 75000  CPU: 364.714, 0.004663/step  Wall: 364.714, 0.004663/step, 0.0325115 hours remaining, 6.441406 MB of memory in use.
ETITLE:      TS           BOND          ANGLE          DIHED          IMPRP               ELECT            VDW       BOUNDARY           MISC        KINETIC               TOTAL           TEMP      POTENTIAL         TOTAL3        TEMPAVG            PRESSURE      GPRESSURE         VOLUME       PRESSAVG      GPRESSAVG

ENERGY:   75000       236.7338       149.4756         0.0000         0.0000          -2912.9324       292.4430         0.0000         0.0000       632.9343          -1601.3456       303.7740     -2234.2799     -1596.0469       303.9006          -2166.2914     -1302.6225      6847.1272       -27.6596       -22.0949

WRITING EXTENDED SYSTEM TO RESTART FILE AT STEP 75000
WRITING COORDINATES TO DCD FILE water_simulation.dcd AT STEP 75000
WRITING COORDINATES TO RESTART FILE AT STEP 75000
FINISHED WRITING RESTART COORDINATES
WRITING VELOCITIES TO DCD FILE AT STEP 75000
WRITING VELOCITIES TO RESTART FILE AT STEP 75000
FINISHED WRITING RESTART VELOCITIES
PRESSURE: 75100 -3055.95 699.889 3409.62 699.889 -306.439 516.65 3409.62 516.65 -2093.07
GPRESSURE: 75100 -333.639 319.117 934.135 -789.757 -154.699 327.367 552.597 600.403 -405.024
PRESSAVG: 75100 964.863 333.117 650.614 333.117 -516.842 -125.048 650.614 -125.048 -450.33
GPRESSAVG: 75100 997.639 413.525 546.237 232.483 -571.684 -113.597 640.42 -236.463 -417.121
ENERGY:   75100       239.2915       122.1874         0.0000         0.0000          -2919.8574       311.0555         0.0000         0.0000       646.7170          -1600.6060       310.3889     -2247.3230     -1595.6802       305.5376          -1818.4841      -297.7873      6749.9643        -0.7693         2.9446

PRESSURE: 75200 -934.5 618.152 1347.89 618.152 1547.31 -266.22 1347.89 -266.22 -3546.19
GPRESSURE: 75200 991.041 1335.24 592.785 1605.49 768.366 -56.0672 318.275 -532.208 -824.657
PRESSAVG: 75200 249.79 3.97169 738.533 3.97169 189.886 495.956 738.533 495.956 -488.563
GPRESSAVG: 75200 212.181 2.30998 724.402 -5.16254 277.184 529.018 609.533 611.83 -533.433
ENERGY:   75200       245.4650       115.7634         0.0000         0.0000          -2936.1592       327.5420         0.0000         0.0000       638.3442          -1609.0447       306.3705     -2247.3889     -1603.6650       306.3498           -977.7928       311.5835      6735.6325       -16.2957       -14.6891

PRESSURE: 75300 -1783.4 -772.186 -891.048 -772.186 570.411 1794.36 -891.048 1794.36 -590.306
GPRESSURE: 75300 -570.036 1163.17 -139.674 -54.3423 1364.55 651.753 -388.386 783.563 594.431
PRESSAVG: 75300 -411.541 314.115 615.491 314.115 737.975 384.863 615.491 384.863 -402.204
GPRESSAVG: 75300 -368.475 290.685 600.569 361.446 719.91 432.367 670.733 383.826 -391.095
ENERGY:   75300       230.8967       128.7563         0.0000         0.0000          -2968.2484       338.8391         0.0000         0.0000       664.6885          -1605.0678       319.0143     -2269.7563     -1598.2467       303.9899           -601.0970       462.9812      6757.0640       -25.2565       -13.2199

PRESSURE: 75400 -301.741 1545.18 950.647 1545.18 -1806.94 1316.74 950.647 1316.74 1784.28
GPRESSURE: 75400 799.746 1097.3 327.756 784.764 923.564 45.7961 123.084 -291.2 1259.78
PRESSAVG: 75400 690.616 361.775 -143.013 361.775 -79.7676 230.103 -143.013 230.103 210.254
GPRESSAVG: 75400 695.68 418.688 -95.0702 308.078 -97.2938 195.444 -133.068 78.9549 199.188
ENERGY:   75400       223.0966       142.0249         0.0000         0.0000          -2949.4113       347.9623         0.0000         0.0000       633.9501          -1602.3775       304.2615     -2236.3276     -1596.0809       303.6208           -108.1357       994.3622      6800.2357       273.7009       265.8582

PRESSURE: 75500 -1565.22 951.16 1666.01 951.16 -969.134 -3394.21 1666.01 -3394.21 795.662
GPRESSURE: 75500 -842.571 -1229.62 458.874 -1036.11 -686.833 -209.369 2387.47 -241.81 384.328
PRESSAVG: 75500 -386.645 524.325 -327.295 524.325 417.328 128.15 -327.295 128.15 -203.295
GPRESSAVG: 75500 -450.27 418.141 -368.376 546.205 463.843 126.185 -336.295 237.408 -173.73
ENERGY:   75500       223.2516       125.3115         0.0000         0.0000          -2894.3582       314.6825         0.0000         0.0000       619.0922          -1612.0205       297.1305     -2231.1126     -1606.4273       293.4516           -579.5623      -381.6920      6868.0469       -57.5376       -53.3857

WRITING EXTENDED SYSTEM TO RESTART FILE AT STEP 75500
WRITING COORDINATES TO DCD FILE water_simulation.dcd AT STEP 75500
WRITING COORDINATES TO RESTART FILE AT STEP 75500
FINISHED WRITING RESTART COORDINATES
WRITING VELOCITIES TO DCD FILE AT STEP 75500
WRITING VELOCITIES TO RESTART FILE AT STEP 75500
FINISHED WRITING RESTART VELOCITIES
PRESSURE: 75600 -135.907 764.615 1094.46 764.615 3015.43 287.868 1094.46 287.868 817.962
GPRESSURE: 75600 476.31 1516.25 -231.522 936.229 1809.96 -82.219 898.494 -417.971 92.3575
PRESSAVG: 75600 -291.527 -510.265 651.957 -510.265 188.677 -367.402 651.957 -367.402 -200.188
GPRESSAVG: 75600 -246.822 -507.341 724.706 -536.499 117.295 -238.9 759.554 -420.61 -206.013
ENERGY:   75600       224.5267       125.5017         0.0000         0.0000          -2921.4935       339.8656         0.0000         0.0000       624.2620          -1607.3374       299.6118     -2231.5994     -1602.1334       294.5483           1232.4936       792.8749      6840.0231      -101.0126      -111.8463

PRESSURE: 75700 -2125.89 -2842.01 -2383.51 -2842.01 -1620.68 2073.99 -2383.51 2073.99 1684.42
GPRESSURE: 75700 -1149.12 -879.736 -382.445 28.2064 46.7441 11.2651 -1497.2 191.27 259.798
PRESSAVG: 75700 16.4994 -490.228 -651.241 -490.228 -115.117 562.536 -651.241 562.536 182.649
GPRESSAVG: 75700 -18.8604 -335.947 -717.011 -475.335 8.85404 443.062 -646.828 652.082 112.96
ENERGY:   75700       226.7018       149.4391         0.0000         0.0000          -2923.3346       317.0245         0.0000         0.0000       616.4920          -1613.6772       295.8826     -2230.1692     -1608.0973       298.0755           -687.3832      -280.8597      6834.8848        28.0106        34.3180

PRESSURE: 75800 -3651.18 -1780.65 -451.286 -1780.65 -1124.41 2730.62 -451.286 2730.62 -407.75
GPRESSURE: 75800 -909.513 -579.435 139.797 -533.577 -1796.09 -60.8295 480.059 102.425 -1006.34
PRESSAVG: 75800 -404.358 128.551 -788.986 128.551 -307.031 -776.443 -788.986 -776.443 618.763
GPRESSAVG: 75800 -346.21 68.1411 -718.51 133.68 -362.342 -863.999 -839.433 -880.439 644.59
ENERGY:   75800       224.5983       124.8477         0.0000         0.0000          -2896.3377       296.1282         0.0000         0.0000       636.3037          -1614.4598       305.3911     -2250.7635     -1607.8912       297.4643          -1727.7776     -1237.3134      6904.0583       -30.8752       -21.3207

PRESSURE: 75900 1322.13 -244.274 950.578 -244.274 -126.047 -1307.81 950.578 -1307.81 -3073.46
GPRESSURE: 75900 1849.55 -457.429 -508.014 -593.798 -188.79 -437.554 -21.9302 -164.649 -579.837
PRESSAVG: 75900 746.311 -184.605 -279.188 -184.605 616.507 -743.852 -279.188 -743.852 -1038.69
GPRESSAVG: 75900 697.399 -168.476 -306.413 -161.409 627.008 -720.361 -304.498 -695.209 -967.625
ENERGY:   75900       226.8791       123.1943         0.0000         0.0000          -2909.4933       324.1947         0.0000         0.0000       623.7870          -1611.4382       299.3838     -2235.2252     -1605.1978       302.3844           -625.7910       360.3087      6777.1452       108.0426       118.9272

PRESSURE: 76000 -3409.08 -1266.81 -646.782 -1266.81 -942.696 -2752.63 -646.782 -2752.63 695.138
GPRESSURE: 76000 -371.955 -359.352 1299.35 -955.667 291.65 -1422.2 -3.63905 -1776.42 -778.917
PRESSAVG: 76000 627.48 71.7271 363.103 71.7271 -522.384 -333.37 363.103 -333.37 -115.286
GPRESSAVG: 76000 680.226 44.0872 292.863 57.3801 -525.014 -244.89 354.27 -290.041 -177.549
TIMING: 76000  CPU: 369.878, 0.005164/step  Wall: 369.878, 0.005164/step, 0.0345701 hours remaining, 6.441406 MB of memory in use.
ETITLE:      TS           BOND          ANGLE          DIHED          IMPRP               ELECT            VDW       BOUNDARY           MISC        KINETIC               TOTAL           TEMP      POTENTIAL         TOTAL3        TEMPAVG            PRESSURE      GPRESSURE         VOLUME       PRESSAVG      GPRESSAVG

ENERGY:   76000       238.3781       132.9140         0.0000         0.0000          -2926.0217       314.8643         0.0000         0.0000       634.0351          -1605.8302       304.3023     -2239.8653     -1600.1246       301.7035          -1218.8801      -286.4076      6795.8034        -3.3966        -7.4455

WRITING EXTENDED SYSTEM TO RESTART FILE AT STEP 76000
WRITING COORDINATES TO DCD FILE water_simulation.dcd AT STEP 76000
WRITING COORDINATES TO RESTART FILE AT STEP 76000
FINISHED WRITING RESTART COORDINATES
WRITING VELOCITIES TO DCD FILE AT STEP 76000
WRITING VELOCITIES TO RESTART FILE AT STEP 76000
FINISHED WRITING RESTART VELOCITIES
PRESSURE: 76100 -415.468 1054.39 -1165.58 1054.39 -2603.68 852.831 -1165.58 852.831 -2124.38
GPRESSURE: 76100 -453.82 1035.46 113.759 1413.44 -409.793 154.232 -534.375 616.196 -666.077
PRESSAVG: 76100 36.8776 248.178 154.323 248.178 41.558 -19.4408 154.323 -19.4408 -437.551
GPRESSAVG: 76100 135.57 206.503 256.104 253.846 -15.2532 -96.0143 169.502 -60.9438 -406.561
ENERGY:   76100       232.8409       133.4055         0.0000         0.0000          -2922.6412       316.3205         0.0000         0.0000       645.1341          -1594.9403       309.6292     -2240.0744     -1589.2182       306.6186          -1714.5108      -509.8965      6882.8541      -119.7051       -95.4147

LDB: ============= START OF LOAD BALANCING ============== 370.598
LDB: ============== END OF LOAD BALANCING =============== 370.598
LDB: =============== DONE WITH MIGRATION ================ 370.598
LDB: ============= START OF LOAD BALANCING ============== 370.822
LDB: ============== END OF LOAD BALANCING =============== 370.822
LDB: =============== DONE WITH MIGRATION ================ 370.822
PRESSURE: 76200 3078.35 457.252 1144.74 457.252 -1261.39 1051.17 1144.74 1051.17 -2109.51
GPRESSURE: 76200 2240.29 -299.459 -162.424 -475.66 1405.17 258.167 -378.965 190.648 494.944
PRESSAVG: 76200 796.601 84.5901 -116.497 84.5901 -224.624 -106.772 -116.497 -106.772 -872.059
GPRESSAVG: 76200 670.453 97.5349 -200.065 127.92 -117.432 23.912 -87.2472 -87.5638 -839.618
ENERGY:   76200       230.6787       138.0395         0.0000         0.0000          -2927.6577       343.3332         0.0000         0.0000       621.0555          -1594.5510       298.0728     -2215.6064     -1588.6933       302.8797            -97.5169      1380.1373      6724.6965      -100.0276       -95.5322

PRESSURE: 76300 -1256.26 -568.663 -1253.17 -568.663 -1220.21 750.455 -1253.17 750.455 -1274.97
GPRESSURE: 76300 1086.48 -2343.19 -500.109 -1902.98 -935.593 -198.636 -805.544 525.261 -1958.46
PRESSAVG: 76300 257.238 -1113.63 -707.1 -1113.63 529.391 359.976 -707.1 359.976 -444.797
GPRESSAVG: 76300 301.507 -1154.94 -687.153 -1085.42 490.276 233.925 -720.058 286.147 -462.13
ENERGY:   76300       240.2399       149.6187         0.0000         0.0000          -2933.3437       310.6273         0.0000         0.0000       628.7748          -1604.0829       301.7777     -2232.8578     -1598.3425       298.3113          -1250.4778      -602.5246      6795.2891       113.9441       109.8843

PRESSURE: 76400 -2584.87 -767.054 -1444.97 -767.054 1430.64 -1969.49 -1444.97 -1969.49 -64.5268
GPRESSURE: 76400 -415.642 868.189 -902.016 -611.851 -32.2909 1014.5 -1294.9 -105.582 -190.285
PRESSAVG: 76400 -110.332 -84.9359 -413.523 -84.9359 856.322 -744.076 -413.523 -744.076 -403.044
GPRESSAVG: 76400 -41.5305 -103.099 -459.698 -248.143 861.926 -673.083 -403.102 -546.348 -486.759
ENERGY:   76400       232.2519       127.6588         0.0000         0.0000          -2884.1123       310.5954         0.0000         0.0000       623.7069          -1589.8993       299.3454     -2213.6062     -1583.9720       302.5692           -406.2545      -212.7392      6865.5370       114.3154       111.2122

PRESSURE: 76500 1251.85 -1762.35 -394.832 -1762.35 217.967 1048.61 -394.832 1048.61 -838.319
GPRESSURE: 76500 -11.4823 -1223.79 853.294 117.508 -584.549 -1571.82 56.4217 -1051.32 589.173
PRESSAVG: 76500 -246.731 -264.651 -82.3146 -264.651 -176.693 -763.663 -82.3146 -763.663 704.596
GPRESSAVG: 76500 -302.882 -135.923 -3.36919 -162.453 -190.975 -787.653 -61.8361 -849.54 801.563
ENERGY:   76500       242.9487       127.7526         0.0000         0.0000          -2899.5142       319.2932         0.0000         0.0000       621.4672          -1588.0525       298.2704     -2209.5197     -1583.2890       304.2726            210.5004        -2.2861      6867.2981        93.7241       102.5688

WRITING EXTENDED SYSTEM TO RESTART FILE AT STEP 76500
WRITING COORDINATES TO DCD FILE water_simulation.dcd AT STEP 76500
WRITING COORDINATES TO RESTART FILE AT STEP 76500
FINISHED WRITING RESTART COORDINATES
WRITING VELOCITIES TO DCD FILE AT STEP 76500
WRITING VELOCITIES TO RESTART FILE AT STEP 76500
FINISHED WRITING RESTART VELOCITIES
PRESSURE: 76600 2500.63 199.6 2078.61 199.6 395.388 1437.88 2078.61 1437.88 1081.29
GPRESSURE: 76600 183.203 910.653 1028.65 562.338 1964.29 894.284 216.524 1015.31 94.4934
PRESSAVG: 76600 344.109 109.968 965.33 109.968 1240.37 -686.425 965.33 -686.425 -1221.58
GPRESSAVG: 76600 339.788 52.2384 1012.71 69.1652 1256.71 -723.349 849.127 -745.08 -1307.07
ENERGY:   76600       232.3807       136.7924         0.0000         0.0000          -2961.2272       349.7222         0.0000         0.0000       657.0106          -1585.3213       315.3293     -2242.3319     -1579.5445       303.6147           1325.7667       747.3302      6853.9152       120.9679        96.4752

PRESSURE: 76700 1859.59 1827.72 -612.712 1827.72 3804.3 -4580.46 -612.712 -4580.46 -256.943
GPRESSURE: 76700 843.731 1151.86 730.855 1617.98 2278.75 -1023.02 46.0693 -15.7343 -1645.79
PRESSAVG: 76700 556.66 667.303 315.893 667.303 22.3731 5.09282 315.893 5.09282 -561.361
GPRESSAVG: 76700 548.457 657.08 258.304 680.746 8.92538 67.0105 379.394 88.572 -519.13
ENERGY:   76700       219.8456       149.1169         0.0000         0.0000          -2945.4223       333.4195         0.0000         0.0000       653.2940          -1589.7462       313.5456     -2243.0403     -1583.6301       312.3624           1802.3131       492.2274      6738.1468         5.8907        12.7510

PRESSURE: 76800 690.922 -1295.63 -64.0939 -1295.63 5023.8 -164.593 -64.0939 -164.593 -4467.47
GPRESSURE: 76800 -90.3615 -1031.74 652.734 -43.4755 1401.63 -304.174 -20.8065 -601.813 -1818.4
PRESSAVG: 76800 -33.6755 -457.799 593.377 -457.799 362.919 -287.585 593.377 -287.585 -1450.65
GPRESSAVG: 76800 -40.168 -405.033 679.337 -358.412 339.35 -303.199 602.56 -316.646 -1382.03
ENERGY:   76800       219.4973       118.1028         0.0000         0.0000          -2871.9167       310.5138         0.0000         0.0000       639.2751          -1584.5277       306.8172     -2223.8028     -1578.0299       300.9178            415.7483      -169.0430      6821.9706      -373.8036      -360.9502

PRESSURE: 76900 123.188 1079.74 2239.13 1079.74 -1545.5 487.92 2239.13 487.92 -135.418
GPRESSURE: 76900 -1589.59 877.408 838.388 118.697 -2392.03 -522.861 22.0559 -481.353 -2078.39
PRESSAVG: 76900 332.979 53.6412 24.6338 53.6412 1373.79 422.346 24.6338 422.346 -1086.83
GPRESSAVG: 76900 323.68 -0.516401 -41.516 -141.435 1378.89 389.257 -25.5491 326.208 -1101.24
ENERGY:   76900       227.3351       126.4966         0.0000         0.0000          -2829.1178       269.8119         0.0000         0.0000       627.1636          -1578.3107       301.0043     -2205.4742     -1573.2603       308.3003           -519.2430     -2020.0005      6965.0660       206.6468       200.4407

PRESSURE: 77000 276.995 -560.301 -2243.39 -560.301 -1707.76 -133.708 -2243.39 -133.708 3665.16
GPRESSURE: 77000 361.026 -25.9844 -576.393 -612.374 -152.142 144.4 -901.226 327.932 1447.28
PRESSAVG: 77000 235.679 489.46 122.363 489.46 -567.578 -148.185 122.363 -148.185 385.053
GPRESSAVG: 77000 309.754 421.38 50.3647 534.431 -534.42 -171.448 158.704 -44.635 273.348
TIMING: 77000  CPU: 374.552, 0.004674/step  Wall: 374.552, 0.004674/step, 0.0299915 hours remaining, 6.441406 MB of memory in use.
ETITLE:      TS           BOND          ANGLE          DIHED          IMPRP               ELECT            VDW       BOUNDARY           MISC        KINETIC               TOTAL           TEMP      POTENTIAL         TOTAL3        TEMPAVG            PRESSURE      GPRESSURE         VOLUME       PRESSAVG      GPRESSAVG

ENERGY:   77000       235.2890       155.5769         0.0000         0.0000          -2915.1279       333.8075         0.0000         0.0000       616.9174          -1573.5372       296.0867     -2190.4546     -1567.7828       303.1375            744.7987       552.0549      6832.8027        17.7180        16.2274

WRITING EXTENDED SYSTEM TO RESTART FILE AT STEP 77000
WRITING COORDINATES TO DCD FILE water_simulation.dcd AT STEP 77000
WRITING COORDINATES TO RESTART FILE AT STEP 77000
FINISHED WRITING RESTART COORDINATES
WRITING VELOCITIES TO DCD FILE AT STEP 77000
WRITING VELOCITIES TO RESTART FILE AT STEP 77000
FINISHED WRITING RESTART VELOCITIES
PRESSURE: 77100 2764.88 1201.52 1386.8 1201.52 4372.93 -241.404 1386.8 -241.404 -3846.86
GPRESSURE: 77100 1113.7 1318.08 636.574 1560.04 696.181 468.016 1167.01 -1185.53 219.675
PRESSAVG: 77100 -653.519 1282.24 -71.1421 1282.24 222.246 -279.793 -71.1421 -279.793 -76.6566
GPRESSAVG: 77100 -682.388 1293.37 1.60404 1364.94 169.422 -228.832 24.4668 -196.632 13.4057
ENERGY:   77100       225.3088       128.6705         0.0000         0.0000          -2864.7286       324.4039         0.0000         0.0000       606.5270          -1579.8183       291.0999     -2186.3454     -1574.3841       298.9110           1096.9858       676.5175      6781.7673      -169.3097      -166.5203

PRESSURE: 77200 184.101 2347.09 -163.303 2347.09 2477.07 961.923 -163.303 961.923 -2534.63
GPRESSURE: 77200 -559.446 2340.48 1370.13 1099.92 1284.9 -456.967 558.591 -121.427 -1156.99
PRESSAVG: 77200 36.0043 694.891 1049.31 694.891 524.013 161.497 1049.31 161.497 -820.452
GPRESSAVG: 77200 15.3411 834.878 1052.51 636.761 554.569 99.3378 929.449 -47.3257 -791.856
ENERGY:   77200       225.1268       132.5075         0.0000         0.0000          -2846.4510       308.2689         0.0000         0.0000       620.5970          -1559.9509       297.8528     -2180.5479     -1554.6106       302.1444             42.1801      -143.8444      6837.8320       -86.8117       -73.9820

PRESSURE: 77300 -375.93 -345.442 -982.072 -345.442 -1502.28 -1385.7 -982.072 -1385.7 1915.89
GPRESSURE: 77300 -1361.37 -108.413 1029.97 -446.221 -1664.33 -321.2 -936.003 570.435 -1789.17
PRESSAVG: 77300 -44.8306 -334.053 338.329 -334.053 203.072 286.396 338.329 286.396 -686.44
GPRESSAVG: 77300 -26.0683 -394.714 274.382 -367.158 168.669 376.617 394.268 368.846 -729.183
ENERGY:   77300       219.4864       130.7355         0.0000         0.0000          -2812.3429       274.1470         0.0000         0.0000       633.0493          -1554.9248       303.8292     -2187.9740     -1548.6268       308.4043             12.5600     -1604.9587      6947.4824      -176.0662      -195.5274

PRESSURE: 77400 6740.01 1387.83 -254.32 1387.83 258.273 1856.22 -254.32 1856.22 -479.815
GPRESSURE: 77400 -216.506 125.117 1787.68 716.744 -538.698 -388.533 1851.55 -1423.42 -2263.03
PRESSAVG: 77400 804.435 387.049 267.017 387.049 683.994 -799.045 267.017 -799.045 -701.379
GPRESSAVG: 77400 735.635 306.507 361.93 485.344 796.806 -848.67 221.347 -753.572 -739.626
ENERGY:   77400       210.8486       119.7450         0.0000         0.0000          -2839.0484       277.6650         0.0000         0.0000       667.2734          -1563.5165       320.2549     -2230.7898     -1557.3621       303.1262           2172.8226     -1006.0785      6791.2587       262.3500       264.2720

PRESSURE: 77500 3674.11 2992.92 2965.84 2992.92 4046.68 861.772 2965.84 861.772 185.368
GPRESSURE: 77500 239.588 -203.005 -15.8027 641.521 997.235 -71.951 199.461 64.7464 -1620.35
PRESSAVG: 77500 910.141 -365.018 106.317 -365.018 796.907 -266.987 106.317 -266.987 -1593.68
GPRESSAVG: 77500 900.181 -352.229 8.98211 -433.823 779.778 -282.424 148.343 -314.006 -1546.7
ENERGY:   77500       196.6974       133.8959         0.0000         0.0000          -2813.8722       299.6936         0.0000         0.0000       624.4670          -1559.1182       299.7101     -2183.5852     -1552.1424       301.0337           2635.3860      -127.8424      6933.6996        37.7886        44.4195

WRITING EXTENDED SYSTEM TO RESTART FILE AT STEP 77500
WRITING COORDINATES TO DCD FILE water_simulation.dcd AT STEP 77500
WRITING COORDINATES TO RESTART FILE AT STEP 77500
FINISHED WRITING RESTART COORDINATES
WRITING VELOCITIES TO DCD FILE AT STEP 77500
WRITING VELOCITIES TO RESTART FILE AT STEP 77500
FINISHED WRITING RESTART VELOCITIES
PRESSURE: 77600 2874.78 1008.56 685.133 1008.56 128.453 -194.222 685.133 -194.222 4805.46
GPRESSURE: 77600 1376.04 -111.083 -76.8496 -509.332 -678.529 -508.65 -239.238 7.58048 1585.25
PRESSAVG: 77600 -84.7414 332.303 495.011 332.303 268.031 -372.773 495.011 -372.773 -645.146
GPRESSAVG: 77600 -62.0374 371.704 543.505 290.998 227.03 -367.315 444.085 -392.494 -690.338
ENERGY:   77600       223.2499       141.0187         0.0000         0.0000          -2873.7640       320.4792         0.0000         0.0000       625.9576          -1563.0586       300.4255     -2189.0162     -1557.6989       307.0826           2602.8964       760.9194      6818.6419      -153.9522      -175.1154

PRESSURE: 77700 1966.89 -2590.91 -1827.76 -2590.91 4838.65 1310.71 -1827.76 1310.71 5436.78
GPRESSURE: 77700 1305.99 -269.316 5.45421 -15.4889 1273.57 -1086.22 507.837 -109.72 1369.62
PRESSAVG: 77700 514.601 886.285 360.28 886.285 -1083.61 -101.091 360.28 -101.091 780.621
GPRESSAVG: 77700 541.779 838.955 392.212 971.56 -1128.83 -157.261 399.545 -137.173 770.23
ENERGY:   77700       198.5309       147.7583         0.0000         0.0000          -2903.8195       346.7351         0.0000         0.0000       638.1924          -1572.6028       306.2976     -2210.7953     -1565.5121       300.5913           4080.7742      1316.3949      6819.0533        70.5360        61.0584

PRESSURE: 77800 3125.32 -1838.44 1139.62 -1838.44 2289.18 -794.663 1139.62 -794.663 4467.71
GPRESSURE: 77800 957.713 -906.621 -641.447 5.24211 107.552 306.353 -167.939 143.598 2534.16
PRESSAVG: 77800 -173.761 -240.951 86.5064 -240.951 27.0153 -586.312 86.5064 -586.312 504.48
GPRESSAVG: 77800 -177.813 -148.214 80.3271 -149.742 6.43232 -537.51 80.9164 -584.886 528.234
ENERGY:   77800       226.6509       145.4979         0.0000         0.0000          -2906.5122       342.0268         0.0000         0.0000       617.4610          -1574.8757       296.3476     -2192.3366     -1570.5451       307.9156           3294.0673      1199.8080      6832.4263       119.2446       118.9511

PRESSURE: 77900 3855.58 332.623 992.431 332.623 842.004 -2483.34 992.431 -2483.34 6997.13
GPRESSURE: 77900 2036.67 -160.313 -539.443 -704.674 763.19 491.757 -250.799 -488.55 3002.66
PRESSAVG: 77900 787.549 20.1042 637.278 20.1042 -1297.48 -192.406 637.278 -192.406 465.95
GPRESSAVG: 77900 699.522 -19.5829 568.118 -94.2603 -1200.43 -175.627 661.815 -158.029 449.288
ENERGY:   77900       212.7135       141.6999         0.0000         0.0000          -2939.9289       364.0190         0.0000         0.0000       633.5151          -1587.9814       304.0527     -2221.4965     -1581.0875       306.1663           3898.2399      1934.1740      6750.4834       -14.6618       -17.2081

PRESSURE: 78000 530.821 -2015.08 -1076.43 -2015.08 3588.74 -5033.83 -1076.43 -5033.83 4296.09
GPRESSURE: 78000 2064.07 -612.446 65.3906 704.987 2382.66 -2432.66 -667.395 -2542.47 2026.36
PRESSAVG: 78000 204.039 -789.957 534.61 -789.957 -302.234 -496.52 534.61 -496.52 -70.3487
GPRESSAVG: 78000 237.173 -836.021 578.983 -658.425 -335.595 -470.627 552.923 -593.573 -16.7756
TIMING: 78000  CPU: 379.16, 0.004608/step  Wall: 379.16, 0.004608/step, 0.028288 hours remaining, 6.441406 MB of memory in use.
ETITLE:      TS           BOND          ANGLE          DIHED          IMPRP               ELECT            VDW       BOUNDARY           MISC        KINETIC               TOTAL           TEMP      POTENTIAL         TOTAL3        TEMPAVG            PRESSURE      GPRESSURE         VOLUME       PRESSAVG      GPRESSAVG

ENERGY:   78000       218.3494       122.4776         0.0000         0.0000          -2894.2660       355.8366         0.0000         0.0000       599.0672          -1598.5353       287.5196     -2197.6025     -1592.9760       296.3534           2805.2171      2157.6983      6724.1601       -56.1813       -38.3992

WRITING EXTENDED SYSTEM TO RESTART FILE AT STEP 78000
WRITING COORDINATES TO DCD FILE water_simulation.dcd AT STEP 78000
WRITING COORDINATES TO RESTART FILE AT STEP 78000
FINISHED WRITING RESTART COORDINATES
WRITING VELOCITIES TO DCD FILE AT STEP 78000
WRITING VELOCITIES TO RESTART FILE AT STEP 78000
FINISHED WRITING RESTART VELOCITIES
PRESSURE: 78100 110.587 -1494.75 -2039.76 -1494.75 2599.04 160.468 -2039.76 160.468 1896.33
GPRESSURE: 78100 419.416 759.706 483.456 -351.634 -622.509 516.503 -1193.93 1778.86 1142.42
PRESSAVG: 78100 218.626 -338.309 -482.123 -338.309 -705.999 -790.292 -482.123 -790.292 189.09
GPRESSAVG: 78100 267.666 -320.153 -446.32 -500.912 -727.888 -735.972 -604.398 -639.147 171.47
ENERGY:   78100       227.4464       154.5256         0.0000         0.0000          -2916.6358       323.1041         0.0000         0.0000       604.3154          -1607.2443       290.0385     -2211.5597     -1601.6504       297.5362           1535.3202       313.1092      6719.0605       -99.4279       -96.2506

LDB: ============= START OF LOAD BALANCING ============== 379.867
LDB: ============== END OF LOAD BALANCING =============== 379.868
LDB: =============== DONE WITH MIGRATION ================ 379.868
LDB: ============= START OF LOAD BALANCING ============== 380.105
LDB: ============== END OF LOAD BALANCING =============== 380.105
LDB: =============== DONE WITH MIGRATION ================ 380.105
PRESSURE: 78200 858.962 -798.548 1023.02 -798.548 3990.57 782.868 1023.02 782.868 3163.27
GPRESSURE: 78200 -134.579 116.568 1077.45 1224.06 339.662 -275.592 1466.66 -365.021 148.65
PRESSAVG: 78200 -173.387 89.6401 257.806 89.6401 -620.645 429.49 257.806 429.49 484.936
GPRESSAVG: 78200 -135.798 215.665 245.739 181.336 -707.6 424.703 378.364 362.379 506.425
ENERGY:   78200       212.9490       121.7770         0.0000         0.0000          -2898.5719       323.7719         0.0000         0.0000       624.2156          -1615.8585       299.5895     -2240.0741     -1609.3630       292.8425           2670.9327       117.9111      6793.5157      -103.0318      -112.3244

PRESSURE: 78300 1961.03 1169.11 1096.6 1169.11 -1784.47 830.317 1096.6 830.317 2695.82
GPRESSURE: 78300 -217.885 -288.558 -288.355 -469.534 -3191.42 -41.9989 881.014 -815.363 -413.238
PRESSAVG: 78300 1312.26 -90.3322 247.166 -90.3322 -1260.89 11.081 247.166 11.081 367.709
GPRESSAVG: 78300 1298.75 -274.42 229.838 -117.329 -1211.36 -61.4423 189.115 24.2071 342.858
ENERGY:   78300       221.3395       127.4190         0.0000         0.0000          -2854.3785       287.5829         0.0000         0.0000       602.3898          -1615.6474       289.1143     -2218.0372     -1609.9278       295.5731            957.4605     -1274.1824      6887.5251       139.6918       143.4167

PRESSURE: 78400 350.371 950.216 2050.22 950.216 111.245 1654.38 2050.22 1654.38 4111.85
GPRESSURE: 78400 -1151.64 -185.376 203.002 -97.718 -1739.5 1204.58 -370.202 238.218 1219.52
PRESSAVG: 78400 421.596 255.955 -16.4186 255.955 -375.687 -65.2927 -16.4186 -65.2927 214.67
GPRESSAVG: 78400 373.397 311.492 -100.49 247.649 -289.841 12.859 -9.24033 -62.7644 164.402
ENERGY:   78400       221.8164       127.5496         0.0000         0.0000          -2889.2280       313.7535         0.0000         0.0000       601.4311          -1624.6775       288.6542     -2226.1086     -1620.5043       295.0910           1524.4876      -557.2061      6983.1352        86.8596        82.6527

PRESSURE: 78500 -916.687 3032.42 -2203.47 3032.42 6205.73 207.27 -2203.47 207.27 2979.75
GPRESSURE: 78500 56.3198 1689.52 -267.103 484.418 1081.77 -1438.11 -906.743 -1543.1 -609.613
PRESSAVG: 78500 -478.523 485.984 -991.563 485.984 220.538 163.832 -991.563 163.832 -281.496
GPRESSAVG: 78500 -421.475 444.982 -940.657 467.026 153.285 44.7875 -1015.49 85.8643 -252.575
ENERGY:   78500       214.4605       136.5877         0.0000         0.0000          -2941.8905       328.0253         0.0000         0.0000       629.4977          -1633.3193       302.1246     -2262.8170     -1627.6510       294.0125           2756.2656       176.1603      6837.5280      -179.8269      -173.5881

WRITING EXTENDED SYSTEM TO RESTART FILE AT STEP 78500
WRITING COORDINATES TO DCD FILE water_simulation.dcd AT STEP 78500
WRITING COORDINATES TO RESTART FILE AT STEP 78500
FINISHED WRITING RESTART COORDINATES
WRITING VELOCITIES TO DCD FILE AT STEP 78500
WRITING VELOCITIES TO RESTART FILE AT STEP 78500
FINISHED WRITING RESTART VELOCITIES
PRESSURE: 78600 2537.7 -1589.78 217.426 -1589.78 881.573 -1235.89 217.426 -1235.89 855.232
GPRESSURE: 78600 -249.919 595.942 579.773 951.297 -553.331 265.074 10.5144 -252.244 145.085
PRESSAVG: 78600 455.335 -53.0608 294.466 -53.0608 -535.406 -243.419 294.466 -243.419 200.177
GPRESSAVG: 78600 481.884 -43.3631 311.262 -99.0829 -504.39 -185.835 285.498 -141.689 127.333
ENERGY:   78600       218.1456       148.0163         0.0000         0.0000          -2964.7004       326.4765         0.0000         0.0000       639.0637          -1632.9984       306.7158     -2272.0621     -1626.9358       293.6983           1424.8345      -219.3881      6787.9540        40.0353        34.9424

PRESSURE: 78700 1031.51 1648.56 2650.86 1648.56 2953.65 -1468.1 2650.86 -1468.1 1321.95
GPRESSURE: 78700 -1644.69 -115.918 1033.52 -332.346 -1153.19 -228.922 1897.05 -403.927 591.838
PRESSAVG: 78700 345.605 58.2609 -493.392 58.2609 137.467 -133.459 -493.392 -133.459 -300.601
GPRESSAVG: 78700 271.842 101.271 -504.253 220.95 72.9844 -100.24 -499.886 -79.9403 -157.679
ENERGY:   78700       206.0301       137.1529         0.0000         0.0000          -2911.9034       309.1378         0.0000         0.0000       633.8580          -1625.7246       304.2173     -2259.5826     -1619.7886       290.6909           1769.0400      -735.3484      6905.5273        60.8236        62.3826

PRESSURE: 78800 395.87 -641.346 1676.75 -641.346 -709.18 2739.54 1676.75 2739.54 4074.55
GPRESSURE: 78800 -1039.66 -1030.08 1438.52 -757.213 -1513.73 863.279 620.63 717.774 -1320.37
PRESSAVG: 78800 833.974 -1058.49 159.987 -1058.49 65.4872 -45.2227 159.987 -45.2227 -479.034
GPRESSAVG: 78800 889.529 -1004.37 148.318 -1207.91 73.2834 -109.547 207.581 -176.442 -495.555
ENERGY:   78800       207.4276       131.5892         0.0000         0.0000          -2878.6846       295.7285         0.0000         0.0000       611.9074          -1632.0319       293.6822     -2243.9392     -1625.3766       294.7509           1253.7467     -1291.2542      6951.7805       140.1425       155.7525

PRESSURE: 78900 2437.5 -1234.46 -1297.28 -1234.46 4070.02 303.558 -1297.28 303.558 2630.18
GPRESSURE: 78900 1074.26 -45.0191 620.495 -172.781 624.438 -165.379 -126.691 -963.423 1299.21
PRESSAVG: 78900 -301.351 -288.323 -360.616 -288.323 37.7615 48.3092 -360.616 48.3092 -515.85
GPRESSAVG: 78900 -303.99 -325.156 -395.769 -161.579 59.527 36.9504 -326.083 139.855 -597.908
ENERGY:   78900       224.0775       148.3286         0.0000         0.0000          -2963.1840       348.9860         0.0000         0.0000       595.4721          -1646.3197       285.7942     -2241.7918     -1641.0104       290.8173           3045.8982       999.3007      6716.4376      -259.8134      -280.7903

PRESSURE: 79000 3677.04 1115.28 -1445.32 1115.28 6044.97 3560.82 -1445.32 3560.82 -251.235
GPRESSURE: 79000 1128.73 -162.827 -681.693 -347.938 552.582 494.613 653.021 1172.31 -26.5611
PRESSAVG: 79000 34.1871 -585.481 623.619 -585.481 410.418 -444.369 623.619 -444.369 -54.9135
GPRESSAVG: 79000 33.7464 -538.11 645.581 -633.679 323.849 -372.979 522.305 -416.222 35.0307
TIMING: 79000  CPU: 384.008, 0.004848/step  Wall: 384.008, 0.004848/step, 0.0284147 hours remaining, 6.441406 MB of memory in use.
ETITLE:      TS           BOND          ANGLE          DIHED          IMPRP               ELECT            VDW       BOUNDARY           MISC        KINETIC               TOTAL           TEMP      POTENTIAL         TOTAL3        TEMPAVG            PRESSURE      GPRESSURE         VOLUME       PRESSAVG      GPRESSAVG

ENERGY:   79000       215.2669       117.1477         0.0000         0.0000          -2947.6208       332.1495         0.0000         0.0000       642.0479          -1641.0088       308.1480     -2283.0567     -1636.5675       293.3421           3156.9254       551.5843      6636.9709       129.8971       130.8755

WRITING EXTENDED SYSTEM TO RESTART FILE AT STEP 79000
WRITING COORDINATES TO DCD FILE water_simulation.dcd AT STEP 79000
WRITING COORDINATES TO RESTART FILE AT STEP 79000
FINISHED WRITING RESTART COORDINATES
WRITING VELOCITIES TO DCD FILE AT STEP 79000
WRITING VELOCITIES TO RESTART FILE AT STEP 79000
FINISHED WRITING RESTART VELOCITIES
PRESSURE: 79100 2179.09 1965.65 -1111.73 1965.65 2569.69 1925.92 -1111.73 1925.92 3725.37
GPRESSURE: 79100 -48.5245 -1290.53 -208.188 -532.391 1500.66 -238.545 -489.669 -474.354 -171.467
PRESSAVG: 79100 272.259 -43.396 -399.714 -43.396 177.123 28.7012 -399.714 28.7012 -908.926
GPRESSAVG: 79100 253.386 -120.182 -387.213 -129.484 291.473 -41.5063 -227.791 -45.1228 -976.663
ENERGY:   79100       207.5862       131.2922         0.0000         0.0000          -2914.5497       321.7907         0.0000         0.0000       608.1255          -1645.7551       291.8671     -2253.8806     -1639.2733       288.4200           2824.7173       426.8901      6639.3706      -153.1814      -143.9345

PRESSURE: 79200 -556.386 1057.69 2010.9 1057.69 6598.57 304.159 2010.9 304.159 2907.06
GPRESSURE: 79200 541.129 -227.221 -744.451 -672.829 -1044.77 499.871 -731.472 938.074 467.022
PRESSAVG: 79200 272.213 -445.416 52.1142 -445.416 -426.096 -381.242 52.1142 -381.242 318.923
GPRESSAVG: 79200 312.285 -445.392 33.1375 -385.379 -465.252 -431.974 -71.7846 -319.765 257.809
ENERGY:   79200       203.8149       153.2444         0.0000         0.0000          -2933.9880       317.9437         0.0000         0.0000       618.4618          -1640.5232       296.8280     -2258.9850     -1634.2017       296.0042           2983.0794       -12.2047      6677.0577        55.0133        34.9474

PRESSURE: 79300 379.609 -3862.47 1824.03 -3862.47 4519.68 -1596.43 1824.03 -1596.43 515.368
GPRESSURE: 79300 -800.123 -1504.81 -850.287 -1957.07 -321.644 17.3514 350.722 -38.971 -596.032
PRESSAVG: 79300 -415.668 -601.129 136.737 -601.129 310.7 47.7305 136.737 47.7305 45.3636
GPRESSAVG: 79300 -418.9 -564.961 146.754 -595.336 215.613 126.808 68.8623 -5.17871 116.254
ENERGY:   79300       208.5765       128.4984         0.0000         0.0000          -2866.6335       293.2585         0.0000         0.0000       596.2500          -1640.0501       286.1675     -2236.3001     -1634.1337       288.4694           1804.8867      -572.5995      6736.5810       -19.8682       -29.0111

PRESSURE: 79400 2445.15 -1380.79 -20.0432 -1380.79 1367.35 1370.98 -20.0432 1370.98 2523.63
GPRESSURE: 79400 746.275 -123.729 1164.52 -223.825 84.4496 570.996 1824.02 184.884 167.879
PRESSAVG: 79400 -189.266 -586.186 170.325 -586.186 570.155 -137.633 170.325 -137.633 777.585
GPRESSAVG: 79400 -254.95 -532.172 114.591 -505.493 655.034 -110.178 119.062 -67.3117 757.056
ENERGY:   79400       208.9212       132.4440         0.0000         0.0000          -2939.5335       326.9679         0.0000         0.0000       638.4076          -1632.7928       306.4009     -2271.2004     -1627.0920       299.4510           2112.0429       332.8678      6703.2494       386.1580       385.7133

PRESSURE: 79500 1865.98 2431.45 -1278.99 2431.45 4490.22 4203.71 -1278.99 4203.71 1426.56
GPRESSURE: 79500 1348.05 -607.725 908.198 -388.395 1121.85 1010.38 588.997 1290.6 -308.034
PRESSAVG: 79500 532.627 -272.904 -99.5939 -272.904 -126.865 437.214 -99.5939 437.214 -625.291
GPRESSAVG: 79500 569.792 -447.098 -12.1359 -402.953 -169.048 422.86 43.0983 335.864 -602.145
ENERGY:   79500       237.2055       134.1479         0.0000         0.0000          -2962.1979       345.4620         0.0000         0.0000       606.4089          -1638.9735       291.0433     -2245.3825     -1634.7375       300.2891           2594.2533       720.6222      6748.6539       -73.1762       -67.1337

WRITING EXTENDED SYSTEM TO RESTART FILE AT STEP 79500
WRITING COORDINATES TO DCD FILE water_simulation.dcd AT STEP 79500
WRITING COORDINATES TO RESTART FILE AT STEP 79500
FINISHED WRITING RESTART COORDINATES
WRITING VELOCITIES TO DCD FILE AT STEP 79500
WRITING VELOCITIES TO RESTART FILE AT STEP 79500
FINISHED WRITING RESTART VELOCITIES
PRESSURE: 79600 677.645 -1232.16 -588.258 -1232.16 -2334.89 -2686.47 -588.258 -2686.47 3727.07
GPRESSURE: 79600 601.776 -431.176 680.347 -707.977 -3270.24 -1035.2 651.452 -738.773 337.338
PRESSAVG: 79600 900.699 1.90697 1283.5 1.90697 -912.758 -341.128 1283.5 -341.128 235.972
GPRESSAVG: 79600 884.432 109.571 1270.58 -49.3906 -891.371 -451.521 1339.75 -290.561 199.68
ENERGY:   79600       216.0471       133.6666         0.0000         0.0000          -2929.5022       311.9643         0.0000         0.0000       619.5531          -1648.2711       297.3517     -2267.8242     -1642.9368       297.3809            689.9422      -777.0420      6876.1941        74.6375        64.2467

PRESSURE: 79700 3405.19 -2104.85 785.179 -2104.85 -531.145 707.986 785.179 707.986 4130.73
GPRESSURE: 79700 2510.71 -744.692 -891.638 -1174.18 -780.956 929.755 808.966 2332.17 2153.4
PRESSAVG: 79700 186.535 -664.544 165.008 -664.544 -189.216 84.8613 165.008 84.8613 87.151
GPRESSAVG: 79700 211.773 -720.908 194.895 -509.484 -211.387 213.699 46.3934 84.8476 82.4788
ENERGY:   79700       227.6824       128.5379         0.0000         0.0000          -2953.3794       349.2882         0.0000         0.0000       587.5797          -1660.2912       282.0063     -2247.8709     -1655.6996       293.4691           2334.9253      1294.3840      6649.7936        28.1567        27.6218

PRESSURE: 79800 3124.16 150.671 -1340.92 150.671 -3560.39 1046.1 -1340.92 1046.1 3650.41
GPRESSURE: 79800 -66.4767 -831.096 -1427.89 -444.954 -1800.96 519.153 -881.16 448.194 1615.95
PRESSAVG: 79800 384.212 127.359 -223.88 127.359 175.272 292.131 -223.88 292.131 -161.335
GPRESSAVG: 79800 331.502 142.783 -315.817 86.0991 199.008 265.665 -156.306 260.198 -144.713
ENERGY:   79800       231.9069       128.8085         0.0000         0.0000          -2965.1981       328.7758         0.0000         0.0000       605.8078          -1669.8992       290.7547     -2275.7070     -1665.0096       294.5303           1071.3924       -83.8288      6735.4256       132.7164       128.5993

PRESSURE: 79900 -1012.09 375.868 -2086.99 375.868 2246.16 -2425.95 -2086.99 -2425.95 -1000.32
GPRESSURE: 79900 591.388 -355.72 -62.9209 -683.2 -558.879 -707.557 44.3312 -1012.82 -556.745
PRESSAVG: 79900 -128.792 -367.586 -326.256 -367.586 -148.528 2.56397 -326.256 2.56397 532.597
GPRESSAVG: 79900 -150.453 -337.512 -242.316 -311.94 -140.596 -24.8375 -321.408 29.0439 556.629
ENERGY:   79900       232.2271       155.6750         0.0000         0.0000          -2982.3472       333.1836         0.0000         0.0000       598.4268          -1662.8347       287.2123     -2261.2615     -1657.4969       290.4274             77.9143      -174.7452      6757.7186        85.0922        88.5268

PRESSURE: 80000 403.063 -348.617 -2055.42 -348.617 3554.57 -674.008 -2055.42 -674.008 -864.353
GPRESSURE: 80000 -717.99 547.06 -1082.71 553.323 237.79 -757.661 -697.883 -198.555 -672.027
PRESSAVG: 80000 -504.889 -574.645 -590.209 -574.645 -700.662 198.272 -590.209 198.272 1022.15
GPRESSAVG: 80000 -442.958 -635.296 -663.343 -609.806 -765.211 215.604 -648.142 201.618 1020.36
TIMING: 80000  CPU: 388.838, 0.00483/step  Wall: 388.838, 0.00483/step, 0.0269675 hours remaining, 6.441406 MB of memory in use.
ETITLE:      TS           BOND          ANGLE          DIHED          IMPRP               ELECT            VDW       BOUNDARY           MISC        KINETIC               TOTAL           TEMP      POTENTIAL         TOTAL3        TEMPAVG            PRESSURE      GPRESSURE         VOLUME       PRESSAVG      GPRESSAVG

ENERGY:   80000       218.7118       121.6050         0.0000         0.0000          -2942.1191       322.0342         0.0000         0.0000       616.5286          -1663.2396       295.9001     -2279.7682     -1656.8754       296.0408           1031.0925      -384.0757      6827.8367       -61.1344       -62.6014

WRITING EXTENDED SYSTEM TO RESTART FILE AT STEP 80000
WRITING COORDINATES TO DCD FILE water_simulation.dcd AT STEP 80000
WRITING COORDINATES TO RESTART FILE AT STEP 80000
FINISHED WRITING RESTART COORDINATES
WRITING VELOCITIES TO DCD FILE AT STEP 80000
WRITING VELOCITIES TO RESTART FILE AT STEP 80000
FINISHED WRITING RESTART VELOCITIES
PRESSURE: 80100 2033.39 112.668 1240.43 112.668 665.564 -978.319 1240.43 -978.319 1779.39
GPRESSURE: 80100 -1235.02 -39.5144 1979.04 948.641 -270.83 -1478.06 1229.5 -2116.42 518.284
PRESSAVG: 80100 -189.39 632.094 241.054 632.094 -455.697 -172.755 241.054 -172.755 816.713
GPRESSAVG: 80100 -214.447 661.489 282.162 675.088 -350.7 -136.858 272.171 -170.033 791.957
ENERGY:   80100       211.5065       113.2496         0.0000         0.0000          -2949.3919       326.0445         0.0000         0.0000       637.1155          -1661.4759       305.7807     -2298.5913     -1655.4302       294.7242           1492.7812      -329.1881      6814.2309        57.2087        75.6031

LDB: ============= START OF LOAD BALANCING ============== 389.558
LDB: ============== END OF LOAD BALANCING =============== 389.558
LDB: =============== DONE WITH MIGRATION ================ 389.558
LDB: ============= START OF LOAD BALANCING ============== 389.787
LDB: ============== END OF LOAD BALANCING =============== 389.787
LDB: =============== DONE WITH MIGRATION ================ 389.787
PRESSURE: 80200 2260 2293.18 -638.289 2293.18 264.148 1321.58 -638.289 1321.58 1977.21
GPRESSURE: 80200 645.044 549.211 -658.662 433.654 -1570.32 -524.461 -751.647 -55.5538 1768.19
PRESSAVG: 80200 -8.78914 278.13 263.161 278.13 -115.661 397.918 263.161 397.918 4.87576
GPRESSAVG: 80200 -2.27013 197.457 228.646 175.83 -175.73 341.015 216.646 334.426 84.4615
ENERGY:   80200       225.5971       146.4113         0.0000         0.0000          -2997.8938       343.1933         0.0000         0.0000       617.1391          -1665.5530       296.1931     -2282.6921     -1659.8253       291.2176           1500.4544       280.9717      6698.0363       -39.8582       -31.1796

PRESSURE: 80300 1417.2 -5289.32 472.95 -5289.32 4629.77 -1589.37 472.95 -1589.37 4657.64
GPRESSURE: 80300 1688.17 -621.776 33.9499 -833.425 3846.83 -25.007 -182.177 153.23 2583.45
PRESSAVG: 80300 517.123 -191.104 326.38 -191.104 -580.019 -388.929 326.38 -388.929 -113.169
GPRESSAVG: 80300 565.876 -151.417 326.369 -154.49 -555.162 -381.499 391.724 -271.672 -141.353
ENERGY:   80300       223.7110       135.0211         0.0000         0.0000          -3028.4208       395.1420         0.0000         0.0000       604.6427          -1669.9039       290.1956     -2274.5466     -1663.6256       293.8298           3568.2064      2706.1497      6624.4553       -58.6882       -43.5464

PRESSURE: 80400 4684.14 -2046.92 2106.72 -2046.92 -2529.73 -1248.65 2106.72 -1248.65 -780.609
GPRESSURE: 80400 1566.72 -1126.74 2155.58 -644.101 -439.291 514.651 9.8032 354.072 71.3366
PRESSAVG: 80400 314.812 -27.3682 133.255 -27.3682 -345.462 -89.298 133.255 -89.298 -412.923
GPRESSAVG: 80400 291.724 122.36 155.774 33.5845 -288.653 -95.4706 112.777 -120.552 -424.783
ENERGY:   80400       231.7305       128.2390         0.0000         0.0000          -2987.2966       349.3655         0.0000         0.0000       615.1974          -1662.7643       295.2612     -2277.9617     -1657.3263       294.3175            457.9336       399.5888      6898.1467      -147.8579      -140.5703

PRESSURE: 80500 413.708 125.889 -2456.62 125.889 966.337 1824.76 -2456.62 1824.76 -457.145
GPRESSURE: 80500 -1106.83 497.05 -433.433 892.79 -362.026 482.686 -1520.81 -338.293 237.284
PRESSAVG: 80500 796.248 -389.952 -760.241 -389.952 -78.7938 -641.635 -760.241 -641.635 -560.965
GPRESSAVG: 80500 756.26 -585.158 -738.496 -469.911 -100 -628.939 -748.247 -608.275 -503.776
ENERGY:   80500       237.8582       144.1372         0.0000         0.0000          -2964.2605       326.1790         0.0000         0.0000       605.2091          -1650.8769       290.4674     -2256.0861     -1646.4109       294.9244            307.6337      -410.5225      6890.6120        52.1631        50.8279

WRITING EXTENDED SYSTEM TO RESTART FILE AT STEP 80500
WRITING COORDINATES TO DCD FILE water_simulation.dcd AT STEP 80500
WRITING COORDINATES TO RESTART FILE AT STEP 80500
FINISHED WRITING RESTART COORDINATES
WRITING VELOCITIES TO DCD FILE AT STEP 80500
WRITING VELOCITIES TO RESTART FILE AT STEP 80500
FINISHED WRITING RESTART VELOCITIES
PRESSURE: 80600 4162.08 -1025.09 -618.486 -1025.09 778.712 1458.31 -618.486 1458.31 -1641.95
GPRESSURE: 80600 419.74 623.193 -793.637 -235.54 -35.8805 524.428 -621.413 55.9714 -1534.78
PRESSAVG: 80600 50.1425 772.533 -518.811 772.533 215.241 -412.742 -518.811 -412.742 461.289
GPRESSAVG: 80600 84.4907 875.911 -541.75 789.472 161.487 -535.553 -591.3 -502.173 469.484
ENERGY:   80600       214.8276       130.0997         0.0000         0.0000          -2893.4608       317.4077         0.0000         0.0000       584.6538          -1646.4720       280.6020     -2231.1258     -1639.9296       291.5884           1099.6130      -383.6400      6880.5829       242.2241       238.4874

PRESSURE: 80700 827.093 1656.58 -2200.11 1656.58 2073.49 -2912.92 -2200.11 -2912.92 2725.98
GPRESSURE: 80700 -310.745 1005.1 -1823.25 1359.09 312.117 -375.976 -1542.23 -47.2775 313.227
PRESSAVG: 80700 541.2 477.148 -741.244 477.148 -782.298 -369.613 -741.244 -369.613 577.228
GPRESSAVG: 80700 478.635 414.78 -828.289 497.701 -671.643 -228.132 -604.897 -363.492 542.352
ENERGY:   80700       219.9094       119.5841         0.0000         0.0000          -2894.6231       324.8957         0.0000         0.0000       588.4191          -1641.8148       282.4091     -2230.2339     -1635.6005       290.4727           1875.5207       104.8665      6794.8882       112.0436       116.4481

PRESSURE: 80800 -699.336 -818.247 -490.475 -818.247 1460.01 -930.353 -490.475 -930.353 7397.12
GPRESSURE: 80800 1156.01 -500.954 -526.574 -375.092 -251.71 -440.35 -353.647 -810.854 4846.58
PRESSAVG: 80800 -533.646 597.561 -1071.42 597.561 -1156.81 302.041 -1071.42 302.041 1879.91
GPRESSAVG: 80800 -423.395 642.629 -933.906 599.903 -1258.7 321.629 -1132.12 319.113 1829.56
ENERGY:   80800       228.8500       125.7288         0.0000         0.0000          -2986.7501       373.0136         0.0000         0.0000       628.7050          -1630.4527       301.7442     -2259.1578     -1624.5857       291.4886           2719.2633      1916.9597      6716.2059        63.1517        49.1533

PRESSURE: 80900 1205.92 -2521.18 420.657 -2521.18 211.958 203.656 420.657 203.656 578.732
GPRESSURE: 80900 -108.059 -1244.98 565.229 -1586.52 2215.01 -1255.25 814.04 -162.674 -60.5967
PRESSAVG: 80900 -318.609 -302.722 230.092 -302.722 -24.2161 -328.267 230.092 -328.267 101.336
GPRESSAVG: 80900 -373.827 -341.058 109.013 -328.262 41.9294 -485.798 178.779 -346.906 163.298
ENERGY:   80900       221.5142       117.4131         0.0000         0.0000          -2942.7938       346.0253         0.0000         0.0000       629.3825          -1628.4588       302.0693     -2257.8413     -1621.9684       293.4232            665.5353       682.1165      6829.7705       -80.4963       -56.2001

PRESSURE: 81000 -1689.99 2081.19 -489.463 2081.19 1925.2 -127.443 -489.463 -127.443 2120.84
GPRESSURE: 81000 118.238 172.92 -706.311 333.883 539.939 -985.047 -420.452 40.3961 1250.43
PRESSAVG: 81000 551.983 269.781 -339.653 269.781 -613.858 -116.722 -339.653 -116.722 437.305
GPRESSAVG: 81000 544.579 352.793 -211.801 265.046 -621.042 -33.0047 -296.51 -33.1428 432.764
TIMING: 81000  CPU: 393.476, 0.004638/step  Wall: 393.476, 0.004638/step, 0.0246072 hours remaining, 6.441406 MB of memory in use.
ETITLE:      TS           BOND          ANGLE          DIHED          IMPRP               ELECT            VDW       BOUNDARY           MISC        KINETIC               TOTAL           TEMP      POTENTIAL         TOTAL3        TEMPAVG            PRESSURE      GPRESSURE         VOLUME       PRESSAVG      GPRESSAVG

ENERGY:   81000       236.2711       135.9649         0.0000         0.0000          -2957.5108       339.1474         0.0000         0.0000       623.2919          -1622.8355       299.1461     -2246.1273     -1617.6444       300.6732            785.3521       636.2010      6786.0474       125.1435       118.7669

WRITING EXTENDED SYSTEM TO RESTART FILE AT STEP 81000
WRITING COORDINATES TO DCD FILE water_simulation.dcd AT STEP 81000
WRITING COORDINATES TO RESTART FILE AT STEP 81000
FINISHED WRITING RESTART COORDINATES
WRITING VELOCITIES TO DCD FILE AT STEP 81000
WRITING VELOCITIES TO RESTART FILE AT STEP 81000
FINISHED WRITING RESTART VELOCITIES
PRESSURE: 81100 -60.3687 65.6144 883.882 65.6144 -306.388 -1287.73 883.882 -1287.73 2766.51
GPRESSURE: 81100 856.981 845.547 -278.052 57.7086 1033.3 1388.9 -1280.84 273.533 430.67
PRESSAVG: 81100 327.96 75.8912 -203.389 75.8912 375.931 963.31 -203.389 963.31 -79.8539
GPRESSAVG: 81100 373.787 -46.4163 -326.645 89.6008 330.836 980.996 -227.446 852.301 -99.7735
ENERGY:   81100       228.6430       113.5749         0.0000         0.0000          -2911.6460       338.5662         0.0000         0.0000       611.2813          -1619.5806       293.3817     -2230.8619     -1613.5596       298.9489            799.9189       773.6506      6816.5204       208.0122       201.6166

PRESSURE: 81200 805.881 -1467.54 -1777.34 -1467.54 -1292.28 115.892 -1777.34 115.892 -453.069
GPRESSURE: 81200 493.45 -2.34743 727.313 -670.157 -732.338 894.636 584.495 959.953 14.3802
PRESSAVG: 81200 99.3886 8.56016 -236.286 8.56016 450.359 242.774 -236.286 242.774 -732.889
GPRESSAVG: 81200 49.658 116.657 -93.6857 19.4178 515.214 257.929 -208.124 329.954 -755.419
ENERGY:   81200       242.8343       123.9976         0.0000         0.0000          -2954.3405       337.1424         0.0000         0.0000       622.1993          -1628.1669       298.6218     -2250.3662     -1623.0416       294.1409           -313.1568       -74.8360      6918.3083       -61.0470       -63.5158

PRESSURE: 81300 546.774 580.976 1326.7 580.976 2554.67 1287.75 1326.7 1287.75 213.186
GPRESSURE: 81300 2215.61 1124.86 913.606 -697.232 1229.45 975.447 1603.73 1316.17 -344.037
PRESSAVG: 81300 12.4816 628.575 -850.253 628.575 148.353 288.244 -850.253 288.244 -434.147
GPRESSAVG: 81300 0.922354 618.286 -962.093 642.019 101.687 263.186 -882.985 264.244 -402.086
ENERGY:   81300       227.6849       119.0058         0.0000         0.0000          -2952.9191       361.7720         0.0000         0.0000       619.6815          -1624.7750       297.4134     -2244.4565     -1618.8413       296.1456           1104.8780      1033.6726      6896.3819       -91.1041       -99.8256

PRESSURE: 81400 -3048.73 4634.01 -3540.06 4634.01 -514.615 510.539 -3540.06 510.539 2172.38
GPRESSURE: 81400 -320.577 1648.17 -1764.86 1558.26 -1506.95 -323.763 -2565.39 -249.403 -434.353
PRESSAVG: 81400 606.891 705.328 -260.593 705.328 213.767 207.612 -260.593 207.612 -809.478
GPRESSAVG: 81400 659.028 767.653 -154.747 713.428 168.524 124.738 -265.866 181.476 -835.14
ENERGY:   81400       231.6715       131.2836         0.0000         0.0000          -2928.5388       314.5752         0.0000         0.0000       615.1424          -1635.8661       295.2348     -2251.0085     -1630.2934       292.1724           -463.6542      -753.9590      6856.9915         3.7267        -2.5294

PRESSURE: 81500 2981.31 2286.22 1864.87 2286.22 1102.94 -459.572 1864.87 -459.572 1042.89
GPRESSURE: 81500 -1026.31 1765.09 1205 1294.04 2308.22 -756.78 1437.63 -494.398 2702.89
PRESSAVG: 81500 -439.587 841.86 297.944 841.86 491.465 508.476 297.944 508.476 312.077
GPRESSAVG: 81500 -500.106 659.908 208.559 801.386 485.77 565.077 315.332 486.302 349.001
ENERGY:   81500       226.1864       122.7984         0.0000         0.0000          -2970.1413       357.3365         0.0000         0.0000       613.4995          -1650.3205       294.4464     -2263.8200     -1644.3928       292.9371           1709.0453      1328.2660      6739.3129       121.3181       111.5549

WRITING EXTENDED SYSTEM TO RESTART FILE AT STEP 81500
WRITING COORDINATES TO DCD FILE water_simulation.dcd AT STEP 81500
WRITING COORDINATES TO RESTART FILE AT STEP 81500
FINISHED WRITING RESTART COORDINATES
WRITING VELOCITIES TO DCD FILE AT STEP 81500
WRITING VELOCITIES TO RESTART FILE AT STEP 81500
FINISHED WRITING RESTART VELOCITIES
PRESSURE: 81600 200.521 -803.759 -385.118 -803.759 -1512.17 47.9923 -385.118 47.9923 -455.334
GPRESSURE: 81600 -783.557 1295.44 -463.483 635.208 -158.01 -246.07 377.907 583.42 -921.031
PRESSAVG: 81600 -941.936 868.004 447.956 868.004 -76.3181 -492.676 447.956 -492.676 1371.23
GPRESSAVG: 81600 -935.219 1030.74 510.35 921.918 -12.2164 -469.015 337.751 -442.889 1318.14
ENERGY:   81600       238.2156       123.8859         0.0000         0.0000          -2923.6408       324.3986         0.0000         0.0000       583.1933          -1653.9474       279.9010     -2237.1407     -1648.4381       291.8738           -588.9946      -620.8660      6969.9259       117.6587       123.5676

PRESSURE: 81700 1141.63 1404 -559.067 1404 130.534 -2707.37 -559.067 -2707.37 -1916.56
GPRESSURE: 81700 -502.858 2302.64 -382.88 1360.66 -486.613 -566.541 101.167 452.381 67.521
PRESSAVG: 81700 -286.688 131.024 -293.498 131.024 -100.213 -13.5256 -293.498 -13.5256 99.5887
GPRESSAVG: 81700 -333.42 113.941 -331.207 115.96 -115.635 -60.47 -237.394 50.5762 147.194
ENERGY:   81700       237.3675       127.7911         0.0000         0.0000          -2945.6762       326.5748         0.0000         0.0000       612.7669          -1641.1758       294.0947     -2253.9427     -1634.6728       289.5697           -214.7985      -307.3169      6913.8452       -95.7708      -100.6204

PRESSURE: 81800 -3291.61 -1578.17 796.6 -1578.17 2233.67 -1200.28 796.6 -1200.28 -5393.42
GPRESSURE: 81800 -2031.91 -513.531 -457.569 -527.839 -867.002 141.412 555.316 -0.161352 -1622.61
PRESSAVG: 81800 29.9605 645.801 124.657 645.801 -215.256 -356.914 124.657 -356.914 303.09
GPRESSAVG: 81800 98.9399 650.741 148.017 659.009 -283.325 -296.367 154.078 -419.815 281.47
ENERGY:   81800       233.8134       135.5407         0.0000         0.0000          -2920.8008       302.8082         0.0000         0.0000       608.4563          -1640.1822       292.0259     -2248.6385     -1634.2047       292.7701          -2150.4554     -1507.1724      7063.7804        39.2646        32.3616

PRESSURE: 81900 -1473.96 -2530.48 2547.91 -2530.48 578.256 3077.76 2547.91 3077.76 -3179.25
GPRESSURE: 81900 1077.51 -389.88 -672.694 -2165.47 -125.532 922.793 -536.288 390.981 -284.957
PRESSAVG: 81900 -968.984 -763.915 92.93 -763.915 361.19 601.39 92.93 601.39 321.657
GPRESSAVG: 81900 -952.482 -780.61 19.6646 -796.463 372.596 537.788 77.1511 611.539 330.273
ENERGY:   81900       239.9301       130.0166         0.0000         0.0000          -2955.2038       341.1240         0.0000         0.0000       610.1852          -1633.9479       292.8557     -2244.1331     -1627.9389       295.5065          -1358.3163       222.3391      6934.0621       -95.3792       -83.2040

PRESSURE: 82000 919.24 -562.687 2733.05 -562.687 -4246.62 -437.122 2733.05 -437.122 1244.81
GPRESSURE: 82000 356.494 -193.722 890.393 -1047.48 1188.69 -333.328 837.391 -376.357 2195.36
PRESSAVG: 82000 -627.387 -74.0767 102.318 -74.0767 582.765 -511.45 102.318 -511.45 46.5391
GPRESSAVG: 82000 -682.49 -5.19345 196.761 -147.448 623.054 -506.444 0.387517 -531.058 54.8213
TIMING: 82000  CPU: 398.068, 0.004592/step  Wall: 398.068, 0.004592/step, 0.0230876 hours remaining, 6.441406 MB of memory in use.
ETITLE:      TS           BOND          ANGLE          DIHED          IMPRP               ELECT            VDW       BOUNDARY           MISC        KINETIC               TOTAL           TEMP      POTENTIAL         TOTAL3        TEMPAVG            PRESSURE      GPRESSURE         VOLUME       PRESSAVG      GPRESSAVG

ENERGY:   82000       248.9683       134.7417         0.0000         0.0000          -3009.6354       377.4961         0.0000         0.0000       614.0964          -1634.3329       294.7328     -2248.4293     -1628.6309       300.5838           -694.1905      1246.8476      6933.5210         0.6392        -1.5380

WRITING EXTENDED SYSTEM TO RESTART FILE AT STEP 82000
WRITING COORDINATES TO DCD FILE water_simulation.dcd AT STEP 82000
WRITING COORDINATES TO RESTART FILE AT STEP 82000
FINISHED WRITING RESTART COORDINATES
WRITING VELOCITIES TO DCD FILE AT STEP 82000
WRITING VELOCITIES TO RESTART FILE AT STEP 82000
FINISHED WRITING RESTART VELOCITIES
PRESSURE: 82100 -803.25 976.773 1152.73 976.773 -1917.18 -1717.27 1152.73 -1717.27 -2209.68
GPRESSURE: 82100 571.939 1294.41 1208.92 418.714 -791.74 -351.908 1110.07 393.485 623.322
PRESSAVG: 82100 -1465.83 53.4021 760.014 53.4021 298.109 -1282.54 760.014 -1282.54 307.008
GPRESSAVG: 82100 -1459.14 5.20359 770.398 216.377 303.369 -1288.78 906.21 -1249.02 270.992
ENERGY:   82100       249.1380       124.7131         0.0000         0.0000          -3017.6384       349.1920         0.0000         0.0000       660.0830          -1634.5123       316.8039     -2294.5953     -1628.5792       303.8146          -1643.3704       134.5072      6846.6741      -286.9028      -294.9273

LDB: ============= START OF LOAD BALANCING ============== 398.894
LDB: ============== END OF LOAD BALANCING =============== 398.894
LDB: =============== DONE WITH MIGRATION ================ 398.894
LDB: ============= START OF LOAD BALANCING ============== 399.225
LDB: ============== END OF LOAD BALANCING =============== 399.225
LDB: =============== DONE WITH MIGRATION ================ 399.225
PRESSURE: 82200 -5097.47 2077.35 3172.25 2077.35 -1516.92 821.008 3172.25 821.008 261.212
GPRESSURE: 82200 -2435.75 1344.24 -29.9463 988.16 93.1197 -14.491 1556.73 -651.509 536.583
PRESSAVG: 82200 -169.348 321.937 673.947 321.937 436.361 -351.15 673.947 -351.15 -83.0442
GPRESSAVG: 82200 -193.725 247.368 627.658 213.112 453.355 -265.72 613.461 -394.343 -60.9444
ENERGY:   82200       248.8074       140.1034         0.0000         0.0000          -2981.2641       326.7062         0.0000         0.0000       630.7606          -1634.8865       302.7307     -2265.6471     -1629.4402       297.6999          -2117.7255      -602.0142      6943.1781        61.3231        66.2288

PRESSURE: 82300 -1976.18 -766.356 2376.15 -766.356 -535.959 -799.778 2376.15 -799.778 1025.85
GPRESSURE: 82300 -241.228 4.77473 182.629 470.208 1437.18 301.674 325.959 -303.942 1131.15
PRESSAVG: 82300 -1833.76 435.44 326.399 435.44 1768.91 -117.358 326.399 -117.358 294.554
GPRESSAVG: 82300 -1790.12 473.445 314.166 422.784 1792.21 -148.598 368.411 -58.5569 201.632
ENERGY:   82300       247.8697       144.8334         0.0000         0.0000          -3027.8139       366.7969         0.0000         0.0000       632.2161          -1636.0976       303.4293     -2268.3138     -1631.3050       305.2285           -495.4319       775.6993      6892.1185        76.5655        67.9074

PRESSURE: 82400 2346.1 277.324 70.8276 277.324 -4378.07 1455.76 70.8276 1455.76 -334.105
GPRESSURE: 82400 -750.373 -540.834 75.2656 501.311 1309.91 1291 1070.28 538.892 663.63
PRESSAVG: 82400 25.501 -521.094 532.252 -521.094 -107.651 268.706 532.252 268.706 114.639
GPRESSAVG: 82400 -42.502 -458.574 519.768 -471.225 -120.461 266.894 423.378 182.029 188.353
ENERGY:   82400       250.1067       129.0675         0.0000         0.0000          -2957.8681       344.4419         0.0000         0.0000       590.6219          -1643.6301       283.4663     -2234.2520     -1638.1055       297.3567           -788.6922       407.7219      6826.3003        10.8297         8.4633

PRESSURE: 82500 -220.572 -26.1329 -1411.86 -26.1329 328.455 2176.58 -1411.86 2176.58 1620.2
GPRESSURE: 82500 1328.38 -128.833 1130.53 637.188 -483.52 1767.19 1111.77 1482.27 2618.13
PRESSAVG: 82500 -1098.81 188.378 -243.616 188.378 281.858 612.932 -243.616 612.932 1401.15
GPRESSAVG: 82500 -1118.18 99.1498 -188.172 258.305 267.482 569.823 -148 659.29 1426.88
ENERGY:   82500       236.9491       128.9668         0.0000         0.0000          -3017.5458       366.4780         0.0000         0.0000       646.5164          -1638.6354       310.2927     -2285.1518     -1632.4268       302.4221            576.0274      1154.3296      6788.5079       194.7310       192.0589

WRITING EXTENDED SYSTEM TO RESTART FILE AT STEP 82500
WRITING COORDINATES TO DCD FILE water_simulation.dcd AT STEP 82500
WRITING COORDINATES TO RESTART FILE AT STEP 82500
FINISHED WRITING RESTART COORDINATES
WRITING VELOCITIES TO DCD FILE AT STEP 82500
WRITING VELOCITIES TO RESTART FILE AT STEP 82500
FINISHED WRITING RESTART VELOCITIES
PRESSURE: 82600 111.799 814.311 1957.03 814.311 -2985.39 -2808.57 1957.03 -2808.57 910.394
GPRESSURE: 82600 1330.26 -419.448 746.356 -1357.15 423.456 -353.446 158.821 74.9743 1272.42
PRESSAVG: 82600 -160.673 -714.807 472.859 -714.807 -340.812 1.18987 472.859 1.18987 623.992
GPRESSAVG: 82600 -190.909 -772.358 414.461 -807.732 -341.236 30.5608 377.133 -23.0858 669.112
ENERGY:   82600       250.2785       150.9730         0.0000         0.0000          -3010.8645       366.8413         0.0000         0.0000       622.3616          -1620.4101       298.6997     -2242.7717     -1615.5946       306.9848           -654.3982      1008.7127      6884.1005        40.8356        45.6559

PRESSURE: 82700 -1326.35 2858.4 -601.687 2858.4 -2632.66 -1111.7 -601.687 -1111.7 684.377
GPRESSURE: 82700 2439.94 97.1088 -1285.39 1259 -816.251 -1152.99 -1220.97 -1010.79 669.992
PRESSAVG: 82700 -139.321 76.9094 -112.661 76.9094 -958.379 -47.2572 -112.661 -47.2572 -38.5683
GPRESSAVG: 82700 -51.8846 137.384 -95.4229 47.9031 -1010.59 -67.6391 -36.5383 -48.0387 -97.5022
ENERGY:   82700       245.0411       120.1608         0.0000         0.0000          -2961.3049       349.4251         0.0000         0.0000       615.5613          -1631.1165       295.4359     -2246.6779     -1625.2060       303.4055          -1091.5463       764.5614      6811.4991      -378.7561      -386.6587

PRESSURE: 82800 823.795 -1083.55 718.669 -1083.55 -1050.64 1568.7 718.669 1568.7 -731.278
GPRESSURE: 82800 1845.25 1452.74 -396.685 708.012 1475.21 92.5883 515.168 797.984 568.141
PRESSAVG: 82800 484.298 -97.4994 -377.516 -97.4994 -163.592 -168.115 -377.516 -168.115 -323.578
GPRESSAVG: 82800 466.871 -61.6979 -318.698 -92.9619 -104.237 -165.582 -367.669 -134.665 -312.237
ENERGY:   82800       255.2690       137.3994         0.0000         0.0000          -3007.7277       365.7154         0.0000         0.0000       617.8108          -1631.5331       296.5156     -2249.3439     -1626.1191       294.5661           -319.3755      1296.1989      6797.3836        -0.9572        16.7986

PRESSURE: 82900 -4392.46 32.1327 -1648.18 32.1327 958.902 817.347 -1648.18 817.347 -4598.99
GPRESSURE: 82900 1113.04 -551.189 -1012.55 398.286 -1291.51 541.054 -625.749 -697.985 1087.65
PRESSAVG: 82900 -218.812 634.568 -149.904 634.568 -733.185 -698.8 -149.904 -698.8 736.044
GPRESSAVG: 82900 -225.889 683.227 -201.513 635.119 -747.789 -714.868 -189.946 -715.541 764.658
ENERGY:   82900       257.5941       145.8737         0.0000         0.0000          -3016.6868       351.3297         0.0000         0.0000       627.0129          -1634.8765       300.9320     -2261.8894     -1628.8206       302.7270          -2677.5149       303.0584      6829.0421       -71.9843       -69.6730

PRESSURE: 83000 -3656.1 -1514.13 -1467.61 -1514.13 -7439.39 -1552.73 -1467.61 -1552.73 -547.886
GPRESSURE: 83000 -1493.46 994.382 -310.503 744.851 -1211.94 -116.527 645.308 -489.421 -8.25591
PRESSAVG: 83000 733.442 293.876 275.317 293.876 196.975 -296.105 275.317 -296.105 -1063.56
GPRESSAVG: 83000 775.057 206.609 282.599 327.253 151.323 -257.67 360.462 -281.172 -1087.1
TIMING: 83000  CPU: 402.849, 0.004781/step  Wall: 402.849, 0.004781/step, 0.0227097 hours remaining, 6.375000 MB of memory in use.
ETITLE:      TS           BOND          ANGLE          DIHED          IMPRP               ELECT            VDW       BOUNDARY           MISC        KINETIC               TOTAL           TEMP      POTENTIAL         TOTAL3        TEMPAVG            PRESSURE      GPRESSURE         VOLUME       PRESSAVG      GPRESSAVG

ENERGY:   83000       251.1010       123.7881         0.0000         0.0000          -2941.5182       319.1594         0.0000         0.0000       604.3558          -1643.1139       290.0579     -2247.4697     -1637.4879       297.6898          -3881.1246      -904.5526      6929.4005       -44.3809       -53.5737

WRITING EXTENDED SYSTEM TO RESTART FILE AT STEP 83000
WRITING COORDINATES TO DCD FILE water_simulation.dcd AT STEP 83000
WRITING COORDINATES TO RESTART FILE AT STEP 83000
FINISHED WRITING RESTART COORDINATES
WRITING VELOCITIES TO DCD FILE AT STEP 83000
WRITING VELOCITIES TO RESTART FILE AT STEP 83000
FINISHED WRITING RESTART VELOCITIES
PRESSURE: 83100 -404.438 -1.55336 290.276 -1.55336 -7645.09 1319.06 290.276 1319.06 -930.079
GPRESSURE: 83100 987.922 1270.98 173.433 1443.24 -1511.58 -493.715 7.21006 -163.764 293.362
PRESSAVG: 83100 722.382 571.74 -463.877 571.74 -1406.67 650.989 -463.877 650.989 304.246
GPRESSAVG: 83100 707.758 631.453 -488.346 545.586 -1277.93 609.634 -390.612 664.916 246.301
ENERGY:   83100       240.1886       137.6689         0.0000         0.0000          -2983.9967       328.4785         0.0000         0.0000       635.2454          -1642.4154       304.8832     -2277.6608     -1635.4438       300.4956          -2993.2013       -76.7660      6733.5509      -126.6810      -107.9556

PRESSURE: 83200 -783.863 127.564 1314.29 127.564 -3485.78 1078.54 1314.29 1078.54 -4269.69
GPRESSURE: 83200 1565.54 -1112.49 -287.969 -425.487 774.901 -578.152 404.524 551.876 -617.362
PRESSAVG: 83200 -573.645 501.983 -364.869 501.983 390.177 -723.176 -364.869 -723.176 -24.7347
GPRESSAVG: 83200 -596.552 487.24 -377.23 525.61 347.212 -691.972 -481.054 -734.804 58.9744
ENERGY:   83200       263.1914       125.8534         0.0000         0.0000          -2980.1358       347.2721         0.0000         0.0000       605.4103          -1638.4087       290.5640     -2243.8190     -1633.5331       298.6500          -2846.4439       574.3606      6794.6310       -69.4010       -63.4551

PRESSURE: 83300 -3127.55 3283.78 -998.403 3283.78 -4023.12 -314.699 -998.403 -314.699 -2458.68
GPRESSURE: 83300 -545.68 1182.26 -1241.79 965.747 -30.7067 451.669 -1758.09 -780.439 -851.481
PRESSAVG: 83300 182.636 11.6509 -605.224 11.6509 24.6273 -0.758224 -605.224 -0.758224 -598.163
GPRESSAVG: 83300 177.971 -67.5262 -677.917 -87.7047 100.254 -22.4513 -581.052 -23.6075 -681.299
ENERGY:   83300       251.0174       120.7689         0.0000         0.0000          -2957.9220       328.1346         0.0000         0.0000       612.6177          -1645.3835       294.0231     -2258.0012     -1639.4886       293.2150          -3203.1165      -475.9559      6911.7092      -130.2997      -134.3578

PRESSURE: 83400 -2968.24 -886.287 -2122.62 -886.287 -5209.18 1500.78 -2122.62 1500.78 -1187.97
GPRESSURE: 83400 157.124 -302.73 -142.101 -930.764 -1573.09 -38.3016 -718.957 1781.61 169.48
PRESSAVG: 83400 -775.813 113.928 -307.693 113.928 612.45 385.349 -307.693 385.349 -620.651
GPRESSAVG: 83400 -701.748 186.317 -181.98 106.595 564.58 427.166 -253.932 380.122 -613.324
ENERGY:   83400       245.0340       137.0167         0.0000         0.0000          -2956.0160       339.6187         0.0000         0.0000       592.5686          -1641.7779       284.4007     -2234.3465     -1635.9548       291.6524          -3121.7966      -415.4960      7036.5718      -261.3381      -250.1637

PRESSURE: 83500 -780.874 -909.858 -3049.8 -909.858 -1134.6 -624.627 -3049.8 -624.627 -7593.28
GPRESSURE: 83500 -737.552 -356.065 -1441.93 133.749 395.432 351.12 -646.747 -45.5792 -1326.38
PRESSAVG: 83500 148.703 142.777 -761.241 142.777 662.032 -77.7943 -761.241 -77.7943 -463.817
GPRESSAVG: 83500 93.649 139.765 -847.987 252.07 626.262 -124.026 -751.749 57.8464 -401.624
ENERGY:   83500       256.5682       137.9151         0.0000         0.0000          -2977.3355       330.6867         0.0000         0.0000       608.0355          -1644.1300       291.8239     -2252.1654     -1639.1463       295.7719          -3169.5842      -556.1677      6976.4080       115.6392       106.0955

WRITING EXTENDED SYSTEM TO RESTART FILE AT STEP 83500
WRITING COORDINATES TO DCD FILE water_simulation.dcd AT STEP 83500
WRITING COORDINATES TO RESTART FILE AT STEP 83500
FINISHED WRITING RESTART COORDINATES
WRITING VELOCITIES TO DCD FILE AT STEP 83500
WRITING VELOCITIES TO RESTART FILE AT STEP 83500
FINISHED WRITING RESTART VELOCITIES
PRESSURE: 83600 -2545.24 -457.924 2316.41 -457.924 -3255.19 4064.19 2316.41 4064.19 3332.64
GPRESSURE: 83600 108.697 -324.357 285.741 -56.5103 -1570.15 1779.33 378.146 1444.91 1598.16
PRESSAVG: 83600 146.439 -342.91 404.215 -342.91 -68.6945 486.529 404.215 486.529 305.363
GPRESSAVG: 83600 171.325 -288.009 466.231 -420.404 -93.7972 449.16 382.55 399.462 263.326
ENERGY:   83600       243.6118       123.1061         0.0000         0.0000          -2983.1138       346.3228         0.0000         0.0000       630.3508          -1639.7223       302.5341     -2270.0731     -1633.8078       290.4874           -822.5967        45.5705      6966.7015       127.7027       113.6180

PRESSURE: 83700 -2050.37 -29.2642 1725.9 -29.2642 -1009.47 -2146.68 1725.9 -2146.68 3474.88
GPRESSURE: 83700 306.612 -220.913 1160.59 -320.412 974.312 -1181.52 246.048 -307.812 3177.31
PRESSAVG: 83700 -192.732 120.964 -170.828 120.964 318.284 410.522 -170.828 410.522 150.792
GPRESSAVG: 83700 -254.349 79.3194 -202.863 172.244 317.432 456.972 -227.315 390.472 186.862
ENERGY:   83700       235.9953       138.2166         0.0000         0.0000          -2988.3244       375.0557         0.0000         0.0000       600.7050          -1638.3520       288.3057     -2239.0569     -1632.1876       293.5147            138.3474      1486.0787      6914.5085        92.1145        83.3149

PRESSURE: 83800 -2784.36 589.155 287.208 589.155 -905.069 -2604.87 287.208 -2604.87 588.601
GPRESSURE: 83800 -412.39 -133.859 -575.681 -442.3 -274.973 -758.273 478.471 -702.28 607.774
PRESSAVG: 83800 -637.055 -653.349 92.4182 -653.349 -750.515 105.427 92.4182 105.427 834.608
GPRESSAVG: 83800 -574.156 -705.435 98.9204 -630.643 -738.721 78.973 173.428 157.732 797.113
ENERGY:   83800       230.9534       113.0748         0.0000         0.0000          -2928.6954       332.0922         0.0000         0.0000       616.0221          -1636.5529       295.6571     -2252.5750     -1630.4113       294.0714          -1033.6085       -26.5296      7008.6271      -184.3208      -171.9214

PRESSURE: 83900 -1809.09 -439.437 -472.65 -439.437 -3131.97 98.9507 -472.65 98.9507 -3863.35
GPRESSURE: 83900 -2350.57 -726.433 -220.961 -1167.74 -1787.45 138.475 -1194.08 1149.73 -1843.21
PRESSAVG: 83900 440.943 425.247 420.568 425.247 -130.49 240.869 420.568 240.869 612.142
GPRESSAVG: 83900 399.369 463.573 486.314 335.185 -118.216 234.526 388.415 250.806 656.728
ENERGY:   83900       241.0080       147.0290         0.0000         0.0000          -2945.6261       297.5391         0.0000         0.0000       619.8034          -1640.2466       297.4719     -2260.0500     -1634.4248       294.8981          -2934.8023     -1993.7431      7006.3096       307.5315       312.6267

PRESSURE: 84000 -3346.83 -234.092 -510.904 -234.092 -1232.9 -3007.08 -510.904 -3007.08 1300.82
GPRESSURE: 84000 -596.061 -155.366 538.988 380.134 -141.034 -869.546 738.47 -933.968 1623.63
PRESSAVG: 84000 -434.297 111.678 -528.178 111.678 -594.152 -1084.92 -528.178 -1084.92 683.629
GPRESSAVG: 84000 -416.771 117.104 -615.006 155.555 -639.264 -1030.15 -509.684 -1111.19 683.945
TIMING: 84000  CPU: 407.727, 0.004878/step  Wall: 407.727, 0.004878/step, 0.0218155 hours remaining, 6.375000 MB of memory in use.
ETITLE:      TS           BOND          ANGLE          DIHED          IMPRP               ELECT            VDW       BOUNDARY           MISC        KINETIC               TOTAL           TEMP      POTENTIAL         TOTAL3        TEMPAVG            PRESSURE      GPRESSURE         VOLUME       PRESSAVG      GPRESSAVG

ENERGY:   84000       248.8745       136.0891         0.0000         0.0000          -3003.7539       358.3723         0.0000         0.0000       631.8848          -1628.5332       303.2703     -2260.4180     -1623.8416       299.6410          -1092.9703       295.5126      6988.2706      -114.9400      -124.0301

WRITING EXTENDED SYSTEM TO RESTART FILE AT STEP 84000
WRITING COORDINATES TO DCD FILE water_simulation.dcd AT STEP 84000
WRITING COORDINATES TO RESTART FILE AT STEP 84000
FINISHED WRITING RESTART COORDINATES
WRITING VELOCITIES TO DCD FILE AT STEP 84000
WRITING VELOCITIES TO RESTART FILE AT STEP 84000
FINISHED WRITING RESTART VELOCITIES
PRESSURE: 84100 -76.4164 296.8 -998.206 296.8 838.976 251.92 -998.206 251.92 -584.61
GPRESSURE: 84100 2117.31 -324.554 233.126 -233.495 -751.284 -399.666 -33.0891 -712.212 1556.12
PRESSAVG: 84100 -32.9228 151.309 -88.1196 151.309 -798.933 -272.508 -88.1196 -272.508 817.954
GPRESSAVG: 84100 -47.8256 107.487 2.8291 144.94 -693.383 -173.784 -72.3224 -227.48 747.987
ENERGY:   84100       215.3742       125.5267         0.0000         0.0000          -2948.6330       346.0310         0.0000         0.0000       633.0148          -1628.6863       303.8126     -2261.7012     -1621.8210       295.0273             59.3165       974.0481      6804.7759        -4.6341         2.2595

LDB: ============= START OF LOAD BALANCING ============== 408.404
LDB: ============== END OF LOAD BALANCING =============== 408.404
LDB: =============== DONE WITH MIGRATION ================ 408.404
LDB: ============= START OF LOAD BALANCING ============== 408.649
LDB: ============== END OF LOAD BALANCING =============== 408.649
LDB: =============== DONE WITH MIGRATION ================ 408.649
PRESSURE: 84200 -1339.77 -1337.52 -842.365 -1337.52 1883.54 5390.66 -842.365 5390.66 -981.116
GPRESSURE: 84200 -872.574 -628.663 -1910.04 -384.715 615.247 981.766 -1574.06 1195.5 527.559
PRESSAVG: 84200 419.932 130.186 -737.806 130.186 -800.591 -105.676 -737.806 -105.676 302.268
GPRESSAVG: 84200 480.419 263.415 -798.134 165.217 -927.828 -197.323 -813.321 -229.255 389.262
ENERGY:   84200       242.2258       152.6422         0.0000         0.0000          -2982.3963       339.7012         0.0000         0.0000       606.3712          -1641.4560       291.0251     -2247.8272     -1635.4284       296.0880           -145.7825        90.0774      6806.9800       -26.1305       -19.3825

PRESSURE: 84300 -267.887 1104.03 87.1784 1104.03 -2094.05 -1005.91 87.1784 -1005.91 76.2895
GPRESSURE: 84300 1458.4 -1428.58 386.699 -648.877 -1781.31 360.682 492.367 -732.298 379.978
PRESSAVG: 84300 1028.9 -297.445 107.139 -297.445 -482.938 412.459 107.139 412.459 -301.176
GPRESSAVG: 84300 968.279 -413.849 123.636 -359.109 -403.13 363.003 230.858 471.687 -316.698
ENERGY:   84300       230.3847       131.2081         0.0000         0.0000          -2944.3089       324.3347         0.0000         0.0000       611.8381          -1646.5432       293.6490     -2258.3813     -1641.0657       293.0610           -761.8822        19.0225      6737.3509        81.5941        82.8171

PRESSURE: 84400 -870.784 -3320.45 2419.87 -3320.45 -211.802 -495.641 2419.87 -495.641 -725.167
GPRESSURE: 84400 -944.571 -1486.34 583.464 -2401.43 15.9234 352.482 262.679 174.627 1835.83
PRESSAVG: 84400 -87.7586 -569.867 -479.813 -569.867 -495.642 173.964 -479.813 173.964 392.238
GPRESSAVG: 84400 -40.4883 -543.65 -544.896 -500.424 -509.308 239.682 -539.436 244.102 378.992
ENERGY:   84400       235.7243       137.2313         0.0000         0.0000          -3022.8629       343.8610         0.0000         0.0000       657.5061          -1648.5403       315.5671     -2306.0464     -1641.5907       298.5815           -602.5844       302.3944      6716.4680       -63.7209       -56.9349

PRESSURE: 84500 205.206 -440.659 1378.41 -440.659 -2716.04 1711.76 1378.41 1711.76 -3444.28
GPRESSURE: 84500 -544.137 -385.628 1065.87 -1335.89 -1351.2 35.1649 588.025 -344.016 -1787.64
PRESSAVG: 84500 191.928 -785.485 102.138 -785.485 315.071 22.2761 102.138 22.2761 -344.288
GPRESSAVG: 84500 171.951 -764.748 101.241 -769.96 299.636 -10.5527 14.3468 -118.779 -324.505
ENERGY:   84500       239.1485       139.6235         0.0000         0.0000          -2937.5339       306.5402         0.0000         0.0000       600.6329          -1651.5888       288.2711     -2252.2217     -1646.4741       299.4957          -1985.0395     -1227.6581      6907.1831        54.2370        49.0274

WRITING EXTENDED SYSTEM TO RESTART FILE AT STEP 84500
WRITING COORDINATES TO DCD FILE water_simulation.dcd AT STEP 84500
WRITING COORDINATES TO RESTART FILE AT STEP 84500
FINISHED WRITING RESTART COORDINATES
WRITING VELOCITIES TO DCD FILE AT STEP 84500
WRITING VELOCITIES TO RESTART FILE AT STEP 84500
FINISHED WRITING RESTART VELOCITIES
PRESSURE: 84600 -286.106 206.287 1015.2 206.287 494.831 -1376.7 1015.2 -1376.7 -2894.74
GPRESSURE: 84600 524.804 765.603 1123.41 366.127 -1048.67 -1733.26 704.661 -1430.87 -1187.08
PRESSAVG: 84600 305.453 -756.718 -87.3684 -756.718 651.25 -783.004 -87.3684 -783.004 -294.456
GPRESSAVG: 84600 201.132 -679.373 22.2298 -842.762 658.623 -807.844 -47.2742 -715.964 -233.214
ENERGY:   84600       239.4800       136.9494         0.0000         0.0000          -3009.6309       331.0560         0.0000         0.0000       641.4602          -1660.6854       307.8660     -2302.1456     -1655.2904       301.0951           -895.3383      -570.3178      6778.2199       220.7489       208.8469

PRESSURE: 84700 166.202 -559.112 -546.811 -559.112 213.039 87.0228 -546.811 87.0228 1771.61
GPRESSURE: 84700 128.345 -1239.19 -1590.39 79.0995 2410.22 18.7878 -1683.13 1582.31 1064.83
PRESSAVG: 84700 281.89 -614.389 351.217 -614.389 -29.3595 -659.997 351.217 -659.997 437.021
GPRESSAVG: 84700 392.701 -746.035 281.339 -619.371 -96.0428 -632.197 437.191 -578.102 374.088
ENERGY:   84700       213.3887       122.5154         0.0000         0.0000          -2979.7867       355.7252         0.0000         0.0000       629.8472          -1658.3103       302.2923     -2288.1575     -1651.0757       291.5246            716.9488      1201.1317      6752.8550       229.8505       223.5819

PRESSURE: 84800 -2256.94 -2465.7 2328.52 -2465.7 -3490.67 -2034.85 2328.52 -2034.85 -3207.48
GPRESSURE: 84800 -5.56626 -825.056 252.977 423.435 -650.727 -1068.51 -871.444 -989.806 -837.248
PRESSAVG: 84800 -510.329 -1422.01 341.927 -1422.01 73.1166 241.236 341.927 241.236 715.91
GPRESSAVG: 84800 -593.241 -1366.1 275.861 -1357.99 175.505 166.411 230.246 185.585 750.588
ENERGY:   84800       261.1978       144.2758         0.0000         0.0000          -2973.8298       323.7156         0.0000         0.0000       581.6826          -1662.9579       279.1760     -2244.6406     -1659.6205       293.3977          -2985.0298      -497.8470      6733.8945        92.8994       110.9509

PRESSURE: 84900 -5304.14 -409.354 1115.08 -409.354 -1577.5 -3013.75 1115.08 -3013.75 -2993.1
GPRESSURE: 84900 591.912 249.521 539.118 -161.312 893.888 -2377.28 627.276 -1282.74 -2450.16
PRESSAVG: 84900 19.4572 -362.64 -564.739 -362.64 626.871 -1248.78 -564.739 -1248.78 -390.225
GPRESSAVG: 84900 78.2208 -388.129 -502.409 -352.722 608.143 -1227.65 -533.702 -1183.44 -422.121
ENERGY:   84900       239.3980       135.2725         0.0000         0.0000          -2983.9588       318.6549         0.0000         0.0000       625.4047          -1665.2286       300.1602     -2290.6333     -1658.6943       297.4347          -3291.5820      -321.4522      6633.2882        85.3677        88.0809

PRESSURE: 85000 -910.084 224.216 364.121 224.216 -2677.65 -484.898 364.121 -484.898 -1114.66
GPRESSURE: 85000 1765.06 -507.893 -618.215 -267.189 1529.68 -144.044 -1085.58 146.735 925.18
PRESSAVG: 85000 -426.062 -24.1772 -35.5206 -24.1772 357.166 -374.41 -35.5206 -374.41 -334.324
GPRESSAVG: 85000 -437.063 58.2892 -85.6966 -4.01441 417.504 -339.972 -5.34093 -518.469 -342.91
TIMING: 85000  CPU: 412.331, 0.004604/step  Wall: 412.331, 0.004604/step, 0.0193112 hours remaining, 6.375000 MB of memory in use.
ETITLE:      TS           BOND          ANGLE          DIHED          IMPRP               ELECT            VDW       BOUNDARY           MISC        KINETIC               TOTAL           TEMP      POTENTIAL         TOTAL3        TEMPAVG            PRESSURE      GPRESSURE         VOLUME       PRESSAVG      GPRESSAVG

ENERGY:   85000       241.5977       132.9353         0.0000         0.0000          -2992.0858       356.8853         0.0000         0.0000       596.6512          -1664.0163       286.3601     -2260.6675     -1658.7472       295.7663          -1567.4643      1406.6381      6597.6349      -134.4065      -120.8232

WRITING EXTENDED SYSTEM TO RESTART FILE AT STEP 85000
WRITING COORDINATES TO DCD FILE water_simulation.dcd AT STEP 85000
WRITING COORDINATES TO RESTART FILE AT STEP 85000
FINISHED WRITING RESTART COORDINATES
WRITING VELOCITIES TO DCD FILE AT STEP 85000
WRITING VELOCITIES TO RESTART FILE AT STEP 85000
FINISHED WRITING RESTART VELOCITIES
PRESSURE: 85100 -4795.11 3640.37 276.932 3640.37 2440.9 2121.93 276.932 2121.93 -1771.47
GPRESSURE: 85100 514.592 1245.48 -907.489 1254.91 2534.71 1981.82 -55.9761 1498.35 687.685
PRESSAVG: 85100 -353.456 331.237 104.105 331.237 1640.95 558.904 104.105 558.904 -825.572
GPRESSAVG: 85100 -332.395 161.388 224.18 274.209 1571.13 530.06 55.2053 631.354 -780.884
ENERGY:   85100       240.7215       130.2260         0.0000         0.0000          -3028.3440       352.6506         0.0000         0.0000       635.6482          -1669.0976       305.0765     -2304.7458     -1663.0692       293.9290          -1375.2270      1245.6630      6532.3967       153.9741       152.6163

PRESSURE: 85200 -2148.84 3336.98 714.459 3336.98 -4464.28 1528.71 714.459 1528.71 -4072.58
GPRESSURE: 85200 -1002.54 806.502 405.754 1512.14 143.417 -1585.54 143.196 -691.421 -38.1549
PRESSAVG: 85200 -241.643 782.579 58.0555 782.579 830.677 283.317 58.0555 283.317 -482.516
GPRESSAVG: 85200 -210.724 936.521 7.91025 711.859 846.344 256.937 13.8361 267.935 -474.883
ENERGY:   85200       256.7745       131.8139         0.0000         0.0000          -2960.1810       318.1823         0.0000         0.0000       589.6859          -1663.7244       283.0171     -2253.4102     -1658.8684       292.5940          -3561.9026      -299.0912      6603.1429        35.5060        53.5790

PRESSURE: 85300 -323.44 1059.47 -1400.19 1059.47 -886.15 -2625.23 -1400.19 -2625.23 -2368.14
GPRESSURE: 85300 -137.252 747.908 -61.6442 -336.024 3186.85 -1099.35 -703.805 -1284.95 857.035
PRESSAVG: 85300 -638.282 376.305 383.779 376.305 244.153 -114.392 383.779 -114.392 646.476
GPRESSAVG: 85300 -702.187 291.611 316.035 389.253 286.066 -0.103311 485.825 -104.32 652.86
ENERGY:   85300       236.6829       139.9634         0.0000         0.0000          -2985.9347       349.9282         0.0000         0.0000       588.4769          -1670.8833       282.4369     -2259.3602     -1664.7992       286.7773          -1192.5773      1302.2100      6532.4039        84.1155        78.9126

PRESSURE: 85400 -3468.96 -114.714 -1326.87 -114.714 -1017.57 -26.214 -1326.87 -26.214 -1540.73
GPRESSURE: 85400 -949.022 -157.21 -1555.38 408.084 992.942 -1093.65 307.606 -1910.81 1030.28
PRESSAVG: 85400 -357.012 -443.4 -223.051 -443.4 -772.224 309.961 -223.051 309.961 474.287
GPRESSAVG: 85400 -314.033 -402.704 -105.7 -359.999 -797.496 204.803 -274.93 366.98 429.622
ENERGY:   85400       226.1788       115.5480         0.0000         0.0000          -2945.9032       330.4973         0.0000         0.0000       596.5227          -1677.1564       286.2984     -2273.6791     -1670.7308       286.0898          -2009.0882       358.0676      6568.9832      -218.3162      -227.3022

PRESSURE: 85500 -3229.08 5.41409 61.8432 5.41409 -1566.21 -1831.33 61.8432 -1831.33 -3164.76
GPRESSURE: 85500 -348.928 -1476.9 -63.0151 -876.621 -694.112 448.058 -402.641 1014.22 -1655.15
PRESSAVG: 85500 -384.022 -116.47 -52.3144 -116.47 1268.51 275.574 -52.3144 275.574 -388.302
GPRESSAVG: 85500 -350.734 -194.831 -114.775 -126.482 1202.79 342.112 17.2054 131.83 -341.835
ENERGY:   85500       240.2536       147.6252         0.0000         0.0000          -2970.2871       313.5182         0.0000         0.0000       597.0561          -1671.8339       286.5544     -2268.8900     -1666.5814       288.9313          -2653.3490      -899.3954      6716.3412       165.3957       170.0745

WRITING EXTENDED SYSTEM TO RESTART FILE AT STEP 85500
WRITING COORDINATES TO DCD FILE water_simulation.dcd AT STEP 85500
WRITING COORDINATES TO RESTART FILE AT STEP 85500
FINISHED WRITING RESTART COORDINATES
WRITING VELOCITIES TO DCD FILE AT STEP 85500
WRITING VELOCITIES TO RESTART FILE AT STEP 85500
FINISHED WRITING RESTART VELOCITIES
PRESSURE: 85600 70.9478 -1536.61 -1023.23 -1536.61 -1901.61 806.308 -1023.23 806.308 -1764.71
GPRESSURE: 85600 1033.29 1102.44 298.064 442.753 1606.43 325.789 408.948 -738.859 254.537
PRESSAVG: 85600 742.099 723.621 198.994 723.621 -371.893 226.198 198.994 226.198 -275.785
GPRESSAVG: 85600 685.291 794.309 246.788 713.696 -326.862 264.325 124.903 291.855 -297.224
ENERGY:   85600       233.0022       132.8475         0.0000         0.0000          -3002.8013       354.5840         0.0000         0.0000       609.0437          -1673.3240       292.3078     -2282.3676     -1667.5003       288.5012          -1198.4563       964.7539      6653.4048        31.4735        20.4021

PRESSURE: 85700 -3183.58 333.478 198.69 333.478 -5156.92 -97.5331 198.69 -97.5331 -772.687
GPRESSURE: 85700 -467.657 485.389 -1406.51 -50.4993 -957.406 -147.236 -273.61 328.714 -357.958
PRESSAVG: 85700 -291.045 380.537 324.883 380.537 23.8816 125.693 324.883 125.693 1306.08
GPRESSAVG: 85700 -224.07 380.066 253.43 310.974 88.6632 -72.4891 448.324 183.109 1237.12
ENERGY:   85700       232.2501       134.5732         0.0000         0.0000          -2957.8244       314.8188         0.0000         0.0000       611.2423          -1664.9399       293.3630     -2276.1822     -1659.0069       287.7179          -3037.7304      -594.3406      6652.0580       346.3054       367.2381

PRESSURE: 85800 -2639.36 1972.28 -1445.8 1972.28 2584.67 -2365.95 -1445.8 -2365.95 -6217.56
GPRESSURE: 85800 -536.691 1408.03 -131.119 326.576 1527.84 265.035 538.41 894.021 -1300.76
PRESSAVG: 85800 -239.336 451.073 -418.542 451.073 1426.71 247.13 -418.542 247.13 -982.998
GPRESSAVG: 85800 -209.059 474.884 -320.445 495.29 1402.96 472.641 -588.341 195.822 -973.819
ENERGY:   85800       248.2666       145.0083         0.0000         0.0000          -2974.6706       320.1878         0.0000         0.0000       597.2450          -1663.9630       286.6451     -2261.2080     -1659.9435       287.6399          -2090.7480      -103.2009      6668.1404        68.1238        73.3620

PRESSURE: 85900 -2334.65 -534.62 923.641 -534.62 1021.25 1463.06 923.641 1463.06 -1886.77
GPRESSURE: 85900 -122.542 409.34 305.5 869.612 483.964 -30.7505 1854.87 -151.389 -641.069
PRESSAVG: 85900 -165.359 788.644 35.8026 788.644 881.846 389.439 35.8026 389.439 -141.389
GPRESSAVG: 85900 -185.185 739.168 -56.9129 806.886 803.867 352.978 68.8364 398.472 -61.1891
ENERGY:   85900       219.6473       147.2348         0.0000         0.0000          -2983.9014       325.7398         0.0000         0.0000       622.5199          -1668.7597       298.7756     -2291.2796     -1662.5396       286.7897          -1066.7265       -93.2159      6674.2429       191.6995       185.8309

PRESSURE: 86000 -1544.67 1450.48 -1710.41 1450.48 1531.42 44.1769 -1710.41 44.1769 2012.4
GPRESSURE: 86000 342.711 61.0504 -1488.17 538.694 2640.63 712.687 -1676.09 1439.64 1623.5
PRESSAVG: 86000 -1565.57 322.905 -476.168 322.905 971.993 393.595 -476.168 393.595 224.4
GPRESSAVG: 86000 -1601.79 302.092 -472.162 409.981 1022.6 385.428 -467.165 326.549 218.301
TIMING: 86000  CPU: 417.43, 0.005099/step  Wall: 417.43, 0.005099/step, 0.0199711 hours remaining, 6.375000 MB of memory in use.
ETITLE:      TS           BOND          ANGLE          DIHED          IMPRP               ELECT            VDW       BOUNDARY           MISC        KINETIC               TOTAL           TEMP      POTENTIAL         TOTAL3        TEMPAVG            PRESSURE      GPRESSURE         VOLUME       PRESSAVG      GPRESSAVG

ENERGY:   86000       225.8445       124.3838         0.0000         0.0000          -2984.6686       359.6280         0.0000         0.0000       599.2765          -1675.5357       287.6201     -2274.8122     -1670.5950       288.9288            666.3841      1535.6139      6660.1103      -123.0591      -120.2959

WRITING EXTENDED SYSTEM TO RESTART FILE AT STEP 86000
WRITING COORDINATES TO DCD FILE water_simulation.dcd AT STEP 86000
WRITING COORDINATES TO RESTART FILE AT STEP 86000
FINISHED WRITING RESTART COORDINATES
WRITING VELOCITIES TO DCD FILE AT STEP 86000
WRITING VELOCITIES TO RESTART FILE AT STEP 86000
FINISHED WRITING RESTART VELOCITIES
PRESSURE: 86100 3766.16 53.1022 3777.12 53.1022 -693.522 -147.843 3777.12 -147.843 13.0703
GPRESSURE: 86100 1909.19 -1509.37 659.21 -721.138 -772.19 319.761 265.918 -1687.17 1811.64
PRESSAVG: 86100 -928.583 -327.218 932.623 -327.218 794.274 -782.458 932.623 -782.458 343.871
GPRESSAVG: 86100 -886.637 -237.432 1047.96 -405.07 762.183 -789.861 927.643 -726.972 286.305
ENERGY:   86100       225.2851       127.3048         0.0000         0.0000          -2938.0812       338.7124         0.0000         0.0000       580.3747          -1666.4041       278.5483     -2246.7789     -1660.5644       286.8269           1028.5689       982.8783      6694.8420        69.8538        53.9504

LDB: ============= START OF LOAD BALANCING ============== 418.145
LDB: ============== END OF LOAD BALANCING =============== 418.145
LDB: =============== DONE WITH MIGRATION ================ 418.145
LDB: ============= START OF LOAD BALANCING ============== 418.388
LDB: ============== END OF LOAD BALANCING =============== 418.388
LDB: =============== DONE WITH MIGRATION ================ 418.388
PRESSURE: 86200 1117.5 1684.3 -189.248 1684.3 -999.499 -804.867 -189.248 -804.867 -3060.92
GPRESSURE: 86200 -721.478 515.126 800.087 -15.9178 -1226.91 -460.057 165.918 370.425 -245.869
PRESSAVG: 86200 895.321 -234.698 675.357 -234.698 -222.595 398.008 675.357 398.008 -419.871
GPRESSAVG: 86200 844.815 -261.441 564.067 -270.71 -204.254 386.682 671.215 444.743 -371.496
ENERGY:   86200       214.0168       146.0755         0.0000         0.0000          -2940.3460       306.8209         0.0000         0.0000       598.5721          -1674.8608       287.2820     -2273.4328     -1670.1209       289.6497           -980.9737      -731.4183      6714.4149        84.2852        89.6883

PRESSURE: 86300 1438.48 0.958935 -835.75 0.958935 -412.842 -1525.93 -835.75 -1525.93 2546.88
GPRESSURE: 86300 1602.49 551.013 60.5144 -240.791 -454.602 -1281.58 48.5319 -1938.07 -517.922
PRESSAVG: 86300 383.329 172.511 96.1563 172.511 -845.836 -27.8732 96.1563 -27.8732 116.496
GPRESSAVG: 86300 378.26 87.7908 66.0551 243.788 -899.237 -101.066 182.431 -83.6595 125.823
ENERGY:   86300       210.3393       131.4705         0.0000         0.0000          -2947.4074       323.2278         0.0000         0.0000       609.5501          -1672.8197       292.5508     -2282.3698     -1666.2872       286.8274           1190.8365       209.9890      6665.7430      -115.3372      -131.7179

PRESSURE: 86400 1359.33 -1053.01 2125.88 -1053.01 522.807 -3979.76 2125.88 -3979.76 2337.06
GPRESSURE: 86400 499.528 -435.477 -393.372 -530.86 -595.333 -912.413 191.145 -1060.64 -468.664
PRESSAVG: 86400 388.073 127.389 703.005 127.389 190.395 -987.829 703.005 -987.829 -246.002
GPRESSAVG: 86400 421.359 122.95 693.161 140.869 208.456 -954.379 660.075 -949.939 -346.411
ENERGY:   86400       221.1697       132.9403         0.0000         0.0000          -2960.1205       326.5483         0.0000         0.0000       605.5760          -1673.8862       290.6435     -2279.4622     -1669.1064       292.7200           1406.3986      -188.1562      6784.7948       110.8222        94.4680

PRESSURE: 86500 2090.77 1338.51 -647.543 1338.51 426.578 -197.171 -647.543 -197.171 -161.344
GPRESSURE: 86500 -0.983705 1147.18 298.924 726.909 297.179 -1805.69 636.966 -1979.75 -1210.32
PRESSAVG: 86500 314.739 -159.288 115.636 -159.288 -357.419 -41.4957 115.636 -41.4957 -227.317
GPRESSAVG: 86500 271.057 -72.652 160.778 -170.834 -354.681 -84.9723 78.9988 -45.9373 -171.509
ENERGY:   86500       207.0254       130.0799         0.0000         0.0000          -2893.9419       302.8834         0.0000         0.0000       594.9425          -1659.0107       285.5400     -2253.9532     -1653.7384       288.8775            785.3338      -304.7069      6749.4930       -89.9990       -85.0443

WRITING EXTENDED SYSTEM TO RESTART FILE AT STEP 86500
WRITING COORDINATES TO DCD FILE water_simulation.dcd AT STEP 86500
WRITING COORDINATES TO RESTART FILE AT STEP 86500
FINISHED WRITING RESTART COORDINATES
WRITING VELOCITIES TO DCD FILE AT STEP 86500
WRITING VELOCITIES TO RESTART FILE AT STEP 86500
FINISHED WRITING RESTART VELOCITIES
PRESSURE: 86600 822.702 1292.88 -659.647 1292.88 -3148.77 -463.029 -659.647 -463.029 2848.91
GPRESSURE: 86600 -664.893 -310.226 -727.954 -141.714 -1015.49 118.954 247.087 -675.696 1219.7
PRESSAVG: 86600 135.423 952.38 -497.87 952.38 257.722 -551.699 -497.87 -551.699 13.3734
GPRESSAVG: 86600 133.577 840.316 -468.81 881.365 332.69 -447.519 -462.631 -524.513 -38.5913
ENERGY:   86600       209.4592       136.2459         0.0000         0.0000          -2880.9609       304.8448         0.0000         0.0000       584.6620          -1645.7491       280.6059     -2230.4110     -1640.2195       281.2464            174.2813      -153.5627      6718.8701       135.5059       142.5585

PRESSURE: 86700 -710.615 -1748.33 47.5658 -1748.33 6.64611 -335.636 47.5658 -335.636 -2628.2
GPRESSURE: 86700 -1561.16 731.966 -775.91 288.782 -1104.57 323.458 -495.181 -21.9978 -1907.88
PRESSAVG: 86700 -100.263 428.036 -205.273 428.036 -360.238 146.766 -205.273 146.766 307.707
GPRESSAVG: 86700 -53.1279 479.874 -188.522 513.226 -458.771 127.166 -256.877 101.885 378.858
ENERGY:   86700       215.3888       125.7679         0.0000         0.0000          -2860.3868       277.3903         0.0000         0.0000       592.4258          -1649.4139       284.3321     -2241.8397     -1644.3017       290.4527          -1110.7233     -1524.5346      6823.4084       -50.9312       -44.3471

PRESSURE: 86800 1685.82 -186.573 -275.195 -186.573 -711.831 1376.37 -275.195 1376.37 1892.49
GPRESSURE: 86800 -920.612 -68.7056 1439.73 772.985 731.101 144.322 -50.688 671.72 764.993
PRESSAVG: 86800 202.602 -274.49 623.846 -274.49 69.4412 488.778 623.846 488.778 -120.385
GPRESSAVG: 86800 115.455 -218.024 583.036 -338.919 124.386 477.499 659.636 462.413 -113.012
ENERGY:   86800       215.7332       141.7188         0.0000         0.0000          -2949.3561       325.2060         0.0000         0.0000       615.5884          -1651.1097       295.4489     -2266.6981     -1645.7931       290.2833            955.4937       191.8275      6689.5903        50.5528        42.2761

PRESSURE: 86900 490.941 410.472 627.694 410.472 -1632.41 920.223 627.694 920.223 -210.087
GPRESSURE: 86900 607.473 502.118 -75.0249 1273.84 -440.537 -509.946 -823.853 -541.805 -36.7963
PRESSAVG: 86900 -530.46 389.638 251.394 389.638 -163.756 540.764 251.394 540.764 654.357
GPRESSAVG: 86900 -478.248 374.472 229.457 383.202 -115.497 526.131 215.478 449.317 578.001
ENERGY:   86900       221.5849       139.3381         0.0000         0.0000          -2941.6812       323.0736         0.0000         0.0000       603.7948          -1653.8897       289.7886     -2257.6845     -1648.9548       288.6988           -450.5180        43.3799      6730.0980       -13.2863        -5.2481

PRESSURE: 87000 2157.1 -887.578 -1319.39 -887.578 1905.15 -4186.87 -1319.39 -4186.87 -3303.06
GPRESSURE: 87000 1718.43 1572.29 544.078 1561.65 1370.5 -807.107 -185.254 1134.35 -1458.72
PRESSAVG: 87000 394.021 617.185 742.314 617.185 870.649 608.329 742.314 608.329 -936.211
GPRESSAVG: 87000 444.209 612.463 752.827 644.78 796.23 573.466 773.883 697.008 -868.384
TIMING: 87000  CPU: 422.089, 0.004659/step  Wall: 422.089, 0.004659/step, 0.0169536 hours remaining, 6.375000 MB of memory in use.
ETITLE:      TS           BOND          ANGLE          DIHED          IMPRP               ELECT            VDW       BOUNDARY           MISC        KINETIC               TOTAL           TEMP      POTENTIAL         TOTAL3        TEMPAVG            PRESSURE      GPRESSURE         VOLUME       PRESSAVG      GPRESSAVG

ENERGY:   87000       217.6858       128.0309         0.0000         0.0000          -2951.7003       335.8194         0.0000         0.0000       623.6110          -1646.5532       299.2993     -2270.1642     -1640.5653       294.8999            253.0622       543.4007      6802.4231       109.4866       124.0186

WRITING EXTENDED SYSTEM TO RESTART FILE AT STEP 87000
WRITING COORDINATES TO DCD FILE water_simulation.dcd AT STEP 87000
WRITING COORDINATES TO RESTART FILE AT STEP 87000
FINISHED WRITING RESTART COORDINATES
WRITING VELOCITIES TO DCD FILE AT STEP 87000
WRITING VELOCITIES TO RESTART FILE AT STEP 87000
FINISHED WRITING RESTART VELOCITIES
PRESSURE: 87100 -92.3563 623.131 246.629 623.131 -2064.75 442.292 246.629 442.292 4295.94
GPRESSURE: 87100 444.132 320.595 860.323 809.891 -315.143 527.16 1704.96 2.73887 1065.21
PRESSAVG: 87100 626.132 519.407 326.347 519.407 329.1 108.71 326.347 108.71 -628.654
GPRESSAVG: 87100 543.755 528.405 335.224 473.453 404.261 179.93 335.965 207.428 -649.499
ENERGY:   87100       246.7752       150.7729         0.0000         0.0000          -2990.4793       351.1176         0.0000         0.0000       593.7821          -1648.0315       284.9831     -2241.8137     -1644.3368       298.0529            712.9427       398.0663      6855.4503       108.8595        99.5056

PRESSURE: 87200 1553.6 829.555 1222.46 829.555 1217.33 791.4 1222.46 791.4 -345.966
GPRESSURE: 87200 93.4984 1744.87 -568.211 156.86 -511.314 355.161 -368.448 1211.79 -793.59
PRESSAVG: 87200 -320.662 381.758 -88.2666 381.758 467.663 148.914 -88.2666 148.914 -21.715
GPRESSAVG: 87200 -290.752 367.515 -67.7551 345.586 449.615 78.1214 -73.36 120.263 -76.5884
ENERGY:   87200       215.4095       120.1130         0.0000         0.0000          -2915.3087       309.1721         0.0000         0.0000       625.0223          -1645.5918       299.9766     -2270.6141     -1639.8258       292.2916            808.3198      -403.8021      6811.8289        41.7621        27.4247

PRESSURE: 87300 944.074 988.736 -339.799 988.736 -399.256 1245.59 -339.799 1245.59 -1216.73
GPRESSURE: 87300 -1265.58 918.004 -148.498 2279.95 -1245.78 -594.847 831.206 -11.447 -942.645
PRESSAVG: 87300 489.234 425.586 -489.642 425.586 277.866 585.694 -489.642 585.694 -811.681
GPRESSAVG: 87300 518.068 487.259 -509.74 519.731 253.072 656.673 -520.593 520.664 -759.202
ENERGY:   87300       224.7649       122.9677         0.0000         0.0000          -2887.2983       295.0476         0.0000         0.0000       595.5277          -1648.9904       285.8209     -2244.5182     -1644.0379       295.8974           -223.9712     -1151.3341      6873.2162       -14.8603         3.9795

PRESSURE: 87400 2997.99 922.08 -2501.54 922.08 -1771.82 1819.04 -2501.54 1819.04 2551.62
GPRESSURE: 87400 1201.18 1154.52 -687.237 1170.36 -314.389 992.944 -825.296 844.974 2108.25
PRESSAVG: 87400 -325.164 470.325 -216.674 470.325 -205.496 -550.574 -216.674 -550.574 1092.35
GPRESSAVG: 87400 -339.347 365.975 -191.902 438.876 -176.497 -593.034 -186.995 -572.686 1091.3
ENERGY:   87400       225.4504       143.3145         0.0000         0.0000          -2979.6485       352.6598         0.0000         0.0000       616.6015          -1641.6224       295.9351     -2258.2239     -1636.2268       297.9381           1259.2637       998.3481      6747.9878       187.2305       191.8180

PRESSURE: 87500 -1222.81 2591.71 -4440.4 2591.71 -4561.06 -869.813 -4440.4 -869.813 688.162
GPRESSURE: 87500 -1229.8 827.106 -940.45 1186.25 -1407.5 -1477.34 -1374.25 -1568.31 -1903.16
PRESSAVG: 87500 304.794 522.397 -250.597 522.397 279.637 630.354 -250.597 630.354 -1034.46
GPRESSAVG: 87500 272.129 542.744 -228.835 465.212 283.979 638.488 -251.432 607.347 -998.783
ENERGY:   87500       230.1596       124.7376         0.0000         0.0000          -2905.6275       295.7723         0.0000         0.0000       607.6192          -1647.3388       291.6241     -2254.9580     -1642.1648       297.8462          -1698.5722     -1513.4890      6907.2713      -150.0083      -147.5584

WRITING EXTENDED SYSTEM TO RESTART FILE AT STEP 87500
WRITING COORDINATES TO DCD FILE water_simulation.dcd AT STEP 87500
WRITING COORDINATES TO RESTART FILE AT STEP 87500
FINISHED WRITING RESTART COORDINATES
WRITING VELOCITIES TO DCD FILE AT STEP 87500
WRITING VELOCITIES TO RESTART FILE AT STEP 87500
FINISHED WRITING RESTART VELOCITIES
PRESSURE: 87600 -1339.66 2040.31 -1181.8 2040.31 -3523.14 -2222.4 -1181.8 -2222.4 840.432
GPRESSURE: 87600 -378.322 721.07 1023.95 516.506 -1080.24 -1473.31 471.487 -205.627 1212.31
PRESSAVG: 87600 -175.646 602.752 -404.745 602.752 -256.663 -348.096 -404.745 -348.096 241.159
GPRESSAVG: 87600 -131.597 729.725 -403.341 607.915 -189.299 -394.435 -420.831 -267.54 191.921
ENERGY:   87600       223.3296       123.9108         0.0000         0.0000          -2953.7370       328.9398         0.0000         0.0000       625.6106          -1651.9461       300.2590     -2277.5566     -1644.9702       297.0655          -1340.7889       -82.0854      6775.8787       -63.7168       -42.9916

PRESSURE: 87700 -603.229 -636.225 -1163.35 -636.225 1468.94 -2301.93 -1163.35 -2301.93 -5976.17
GPRESSURE: 87700 -85.1983 1167.31 -541.832 704.585 361.76 -1353.72 1049.4 -1883.22 -1842.11
PRESSAVG: 87700 175.576 1089.82 -132.695 1089.82 804.339 -916.161 -132.695 -916.161 -276.492
GPRESSAVG: 87700 208.082 942.563 -80.0583 1066.18 676.256 -837.912 -123.275 -976.651 -152.278
ENERGY:   87700       233.8743       134.4233         0.0000         0.0000          -2916.4692       310.5004         0.0000         0.0000       585.6211          -1652.0501       281.0662     -2237.6712     -1646.2849       293.0201          -1703.4842      -521.8501      6782.8192       234.4744       244.0197

PRESSURE: 87800 -3414.69 -1746.58 152.452 -1746.58 -1521.75 -536.721 152.452 -536.721 -80.9156
GPRESSURE: 87800 -2871.72 -163.646 -1208.47 523.096 -702.527 211.002 -878.764 504.775 577.959
PRESSAVG: 87800 -575.516 419.315 17.4475 419.315 344.835 -497.885 17.4475 -497.885 489.113
GPRESSAVG: 87800 -602.81 512.605 -122.496 479.415 422.195 -530.092 44.2441 -426.915 409.663
ENERGY:   87800       235.3750       131.4889         0.0000         0.0000          -2960.4950       311.9015         0.0000         0.0000       624.0539          -1657.6758       299.5119     -2281.7297     -1652.7193       287.2788          -1672.4508      -998.7622      6794.4131        86.1439        76.3494

PRESSURE: 87900 -1809.16 -203.712 -1009.67 -203.712 -1126.17 100.052 -1009.67 100.052 -2256.12
GPRESSURE: 87900 -623.853 1482.38 -955.071 844.316 -101.311 -67.9516 -1167.27 515.216 -588.127
PRESSAVG: 87900 -135.081 1185.97 -580.028 1185.97 -62.6897 390.027 -580.028 390.027 280.394
GPRESSAVG: 87900 -115.269 1232.43 -446.438 1208.15 -23.2676 419.933 -633.549 378.678 209.67
ENERGY:   87900       243.5919       129.2462         0.0000         0.0000          -2928.5280       316.0347         0.0000         0.0000       586.9844          -1652.6709       281.7205     -2239.6553     -1647.8441       288.4385          -1730.4846      -437.7633      6792.8777        27.5408        23.7110

PRESSURE: 88000 -1580.49 1518.1 2595.49 1518.1 2577.16 -227.777 2595.49 -227.777 -1443.26
GPRESSURE: 88000 -1173.05 431.7 1419.94 388.226 782.159 658.732 688.109 492.118 -659.641
PRESSAVG: 88000 -944.968 194.747 125.449 194.747 769.699 620.457 125.449 620.457 122.238
GPRESSAVG: 88000 -1029.81 144.093 -7.99072 286.387 708.04 533.137 88.5983 562.596 293.374
TIMING: 88000  CPU: 426.676, 0.004587/step  Wall: 426.676, 0.004587/step, 0.0154174 hours remaining, 6.375000 MB of memory in use.
ETITLE:      TS           BOND          ANGLE          DIHED          IMPRP               ELECT            VDW       BOUNDARY           MISC        KINETIC               TOTAL           TEMP      POTENTIAL         TOTAL3        TEMPAVG            PRESSURE      GPRESSURE         VOLUME       PRESSAVG      GPRESSAVG

ENERGY:   88000       220.0354       112.2069         0.0000         0.0000          -2921.5387       315.3539         0.0000         0.0000       617.6284          -1656.3140       296.4280     -2273.9425     -1650.3549       295.4087           -148.8614      -350.1776      6801.3180       -17.6773        -9.4654

WRITING EXTENDED SYSTEM TO RESTART FILE AT STEP 88000
WRITING COORDINATES TO DCD FILE water_simulation.dcd AT STEP 88000
WRITING COORDINATES TO RESTART FILE AT STEP 88000
FINISHED WRITING RESTART COORDINATES
WRITING VELOCITIES TO DCD FILE AT STEP 88000
WRITING VELOCITIES TO RESTART FILE AT STEP 88000
FINISHED WRITING RESTART VELOCITIES
PRESSURE: 88100 -1526.17 3060.97 29.374 3060.97 -2093.3 -4301.45 29.374 -4301.45 2777.89
GPRESSURE: 88100 1154.86 783.522 -856.33 970.585 -828.76 500.061 -1175.88 -518.725 618.733
PRESSAVG: 88100 482.994 55.2314 -705.853 55.2314 -226.57 293.694 -705.853 293.694 -464.634
GPRESSAVG: 88100 592.074 63.397 -654.309 -4.74423 -150.759 448.65 -693.633 371.801 -598.595
ENERGY:   88100       237.3998       141.3453         0.0000         0.0000          -2993.0827       342.6366         0.0000         0.0000       614.9083          -1656.7927       295.1225     -2271.7010     -1652.1878       293.9476           -280.5259       314.9431      6775.6182       -69.4037       -52.4266

LDB: ============= START OF LOAD BALANCING ============== 427.402
LDB: ============== END OF LOAD BALANCING =============== 427.402
LDB: =============== DONE WITH MIGRATION ================ 427.402
LDB: ============= START OF LOAD BALANCING ============== 427.636
LDB: ============== END OF LOAD BALANCING =============== 427.636
LDB: =============== DONE WITH MIGRATION ================ 427.636
PRESSURE: 88200 332.24 -132.406 -1377.61 -132.406 -2310.36 -245.185 -1377.61 -245.185 2106.16
GPRESSURE: 88200 -447.906 169.243 -514.944 439.954 -864.608 -555.396 321.702 -233.582 2045.54
PRESSAVG: 88200 253.174 244.555 -6.59333 244.555 -109.073 -302.101 -6.59333 -302.101 -645.863
GPRESSAVG: 88200 289.958 264.306 20.0648 160.181 -210.491 -346.324 29.1533 -266.163 -639.954
ENERGY:   88200       219.6897       145.5526         0.0000         0.0000          -2995.4145       338.8746         0.0000         0.0000       629.4806          -1661.8170       302.1164     -2291.2976     -1654.2313       299.5784             42.6805       244.3410      6675.3186      -167.2542      -186.8289

PRESSURE: 88300 2344.68 1210.71 1141.14 1210.71 -2314.35 2460.32 1141.14 2460.32 -1891.46
GPRESSURE: 88300 -2055.52 904.482 335.807 570.344 -1188.87 300.411 56.0981 103.276 -107.924
PRESSAVG: 88300 -780.614 365.3 -513.144 365.3 1171.18 142.67 -513.144 142.67 539.752
GPRESSAVG: 88300 -867.43 318.919 -464.753 409.269 1189.92 158.863 -607.231 28.1965 558.668
ENERGY:   88300       240.3915       125.8790         0.0000         0.0000          -2935.5309       298.7561         0.0000         0.0000       620.9029          -1649.6013       297.9996     -2270.5043     -1644.3096       295.1156           -620.3775     -1117.4379      6725.7529       310.1075       293.7190

PRESSURE: 88400 -198.813 2127.63 566.861 2127.63 1245.11 1481.79 566.861 1481.79 747.232
GPRESSURE: 88400 1779.04 566.783 76.557 605.846 -577.973 465.403 -412.715 717.245 1136.79
PRESSAVG: 88400 619.385 1219.12 715.449 1219.12 -1041.4 -247.416 715.449 -247.416 549.383
GPRESSAVG: 88400 589.591 1179.49 672.101 1145.07 -1018.11 -305.72 792.704 -181.171 569.697
ENERGY:   88400       221.7261       124.8845         0.0000         0.0000          -2935.1478       333.4252         0.0000         0.0000       616.5371          -1638.5749       295.9042     -2255.1120     -1631.9917       294.1781            597.8414       779.2869      6672.2535        42.4563        47.0580

PRESSURE: 88500 -1446.02 -581.972 449.079 -581.972 1120.92 -1267.44 449.079 -1267.44 -884.247
GPRESSURE: 88500 -780.062 269.205 514.745 202.381 -569.479 -1467.58 1361.23 -1786.75 -149.267
PRESSAVG: 88500 -124.5 -625.179 738.6 -625.179 -214.363 -989.342 738.6 -989.342 -306.126
GPRESSAVG: 88500 -106.315 -534.943 716.072 -562.42 -246.517 -958.621 804.034 -1001.73 -269.028
ENERGY:   88500       235.7957       119.6341         0.0000         0.0000          -2929.4046       318.1036         0.0000         0.0000       624.8383          -1631.0329       299.8884     -2255.8712     -1625.0411       294.9951           -403.1160      -499.6026      6835.9403      -214.9961      -207.2867

WRITING EXTENDED SYSTEM TO RESTART FILE AT STEP 88500
WRITING COORDINATES TO DCD FILE water_simulation.dcd AT STEP 88500
WRITING COORDINATES TO RESTART FILE AT STEP 88500
FINISHED WRITING RESTART COORDINATES
WRITING VELOCITIES TO DCD FILE AT STEP 88500
WRITING VELOCITIES TO RESTART FILE AT STEP 88500
FINISHED WRITING RESTART VELOCITIES
PRESSURE: 88600 -2516.74 -1103.68 2128.72 -1103.68 1388.01 -660.961 2128.72 -660.961 2230.64
GPRESSURE: 88600 -214.342 491.024 301.281 488.54 -54.4952 -957.189 539.74 -354.257 1074.38
PRESSAVG: 88600 -475.985 6.96985 508.073 6.96985 -574.436 -534.264 508.073 -534.264 368.179
GPRESSAVG: 88600 -452.135 10.0464 527.219 85.4436 -660.682 -550.077 401.526 -643.081 396.512
ENERGY:   88600       233.9332       121.7598         0.0000         0.0000          -2985.6132       345.1740         0.0000         0.0000       650.0290          -1634.7172       311.9785     -2284.7462     -1628.9468       303.4310            367.3049       268.5137      6892.9599      -227.4140      -238.7687

PRESSURE: 88700 -492.372 -394.284 -641.225 -394.284 -3769.22 -1061.13 -641.225 -1061.13 2560.23
GPRESSURE: 88700 -1211.16 -194.494 897.717 -98.2034 -1865.54 -1798.62 1783.93 -1554.27 -250.401
PRESSAVG: 88700 28.5135 387.75 624.812 387.75 -18.9609 -687.439 624.812 -687.439 -402.994
GPRESSAVG: 88700 69.1805 353.391 578.284 428.004 58.767 -660.474 656.304 -567.521 -535.465
ENERGY:   88700       234.2723       131.0782         0.0000         0.0000          -2919.5195       301.6604         0.0000         0.0000       608.1774          -1644.3313       291.8920     -2252.5086     -1639.2013       301.9267           -567.1200     -1109.0336      6933.5225      -131.1470      -135.8391

PRESSURE: 88800 -712.964 1997.57 -1182.68 1997.57 -463.443 -2217.43 -1182.68 -2217.43 1444.77
GPRESSURE: 88800 -2079.25 -769.818 -692.555 -29.9778 695.821 -692.242 -143.245 -280.421 -498.515
PRESSAVG: 88800 -92.8025 -214.114 -390.141 -214.114 -19.6081 -31.5917 -390.141 -31.5917 697.309
GPRESSAVG: 88800 -179.793 -206.887 -347.105 -367.6 -33.6508 -35.9727 -358.023 -45.3047 798.031
ENERGY:   88800       222.4661       117.4193         0.0000         0.0000          -2926.3576       315.6785         0.0000         0.0000       623.9364          -1646.8572       299.4555     -2270.7937     -1640.3423       292.9102             89.4556      -627.3132      6936.3816       194.9660       194.8626

PRESSURE: 88900 -598.57 44.2286 -40.0173 44.2286 1170.37 -1100.35 -40.0173 -1100.35 199.623
GPRESSURE: 88900 831.72 420.254 -491.467 467.95 -1091.44 -738.538 -556.89 732.793 -559.592
PRESSAVG: 88900 163.921 -693.676 85.0178 -693.676 -160.294 -232.797 85.0178 -232.797 103.755
GPRESSAVG: 88900 206.675 -643.033 6.88221 -658.546 -105.176 -238.89 157.68 -199.265 -11.966
ENERGY:   88900       225.7569       133.0748         0.0000         0.0000          -2976.6125       340.1092         0.0000         0.0000       627.7120          -1649.9596       301.2676     -2277.6717     -1643.9665       291.5023            257.1399      -273.1057      6936.1365        35.7941        29.8442

PRESSURE: 89000 1725.03 797.68 546.134 797.68 -917.722 70.0758 546.134 70.0758 899.326
GPRESSURE: 89000 247.407 -772.828 214.751 -1505.75 457.605 469.09 -331.317 530.168 -128.259
PRESSAVG: 89000 -716.478 -708.45 -73.8339 -708.45 961.017 -51.3833 -73.8339 -51.3833 365.296
GPRESSAVG: 89000 -699.006 -721.758 -29.5092 -644.591 862.367 -56.1207 -253.828 -63.9618 446.234
TIMING: 89000  CPU: 431.453, 0.004777/step  Wall: 431.453, 0.004777/step, 0.0147291 hours remaining, 6.375000 MB of memory in use.
ETITLE:      TS           BOND          ANGLE          DIHED          IMPRP               ELECT            VDW       BOUNDARY           MISC        KINETIC               TOTAL           TEMP      POTENTIAL         TOTAL3        TEMPAVG            PRESSURE      GPRESSURE         VOLUME       PRESSAVG      GPRESSAVG

ENERGY:   89000       226.6318       124.5155         0.0000         0.0000          -2989.7717       340.2342         0.0000         0.0000       655.8575          -1642.5327       314.7759     -2298.3903     -1636.0993       300.1814            568.8792       192.2510      6809.6251       203.2784       203.1985

WRITING EXTENDED SYSTEM TO RESTART FILE AT STEP 89000
WRITING COORDINATES TO DCD FILE water_simulation.dcd AT STEP 89000
WRITING COORDINATES TO RESTART FILE AT STEP 89000
FINISHED WRITING RESTART COORDINATES
WRITING VELOCITIES TO DCD FILE AT STEP 89000
WRITING VELOCITIES TO RESTART FILE AT STEP 89000
FINISHED WRITING RESTART VELOCITIES
PRESSURE: 89100 832.356 -597.782 -3669.53 -597.782 103.659 -321.106 -3669.53 -321.106 1457.18
GPRESSURE: 89100 -44.8065 -48.7425 -798.251 -279.277 1283.11 966.756 -1623.75 1437.32 424.502
PRESSAVG: 89100 -312.74 -23.1174 -394.817 -23.1174 -348.601 771.412 -394.817 771.412 55.4991
GPRESSAVG: 89100 -402.97 -41.0903 -332.467 -124.617 -220.461 793.061 -307.261 762.043 45.8045
ENERGY:   89100       239.7118       144.8982         0.0000         0.0000          -3004.6107       353.6562         0.0000         0.0000       617.6756          -1648.6689       296.4506     -2266.3445     -1643.7130       294.2089            797.7313       554.2675      6834.2540      -201.9472      -192.5421

PRESSURE: 89200 -2703.53 -270.215 2016.68 -270.215 920.229 -394.339 2016.68 -394.339 3133.59
GPRESSURE: 89200 -1446.82 -770.192 63.7751 -1389.33 -752.593 25.7396 813.931 430.677 598.476
PRESSAVG: 89200 237.529 -701.352 -332.687 -701.352 925.56 176.079 -332.687 176.079 -399.762
GPRESSAVG: 89200 278.478 -693.127 -422.019 -659.155 836.282 123.092 -339.925 207.313 -459.492
ENERGY:   89200       236.2972       128.6861         0.0000         0.0000          -2934.5536       322.7040         0.0000         0.0000       600.9587          -1645.9076       288.4275     -2246.8663     -1640.8973       297.0765            450.0974      -533.6444      6918.1511       254.4424       218.4226

PRESSURE: 89300 1309.89 508.952 1556.66 508.952 1331.2 73.8068 1556.66 73.8068 -322.352
GPRESSURE: 89300 -620.483 -1330.21 -35.3987 -726.346 -241.522 -122.9 613.854 -565.561 -313.929
PRESSAVG: 89300 -123.257 -118.468 986.947 -118.468 109.873 462.709 986.947 462.709 319.949
GPRESSAVG: 89300 -96.4078 -151.091 1061.43 -125.954 68.3086 540.442 961.469 436.313 340.435
ENERGY:   89300       220.6468       122.7695         0.0000         0.0000          -2952.9676       320.9699         0.0000         0.0000       654.6162          -1633.9651       314.1801     -2288.5814     -1627.1081       300.7027            772.9121      -391.9779      6800.4898       102.1884       104.1121

PRESSURE: 89400 -282.158 1467.92 497.269 1467.92 -2266.66 1228.36 497.269 1228.36 423.632
GPRESSURE: 89400 -348.129 -310.459 322.419 441.715 -1292.12 483.488 -689.766 806.875 -462.879
PRESSAVG: 89400 -459.603 214.104 107.859 214.104 -737.584 520.601 107.859 520.601 913.381
GPRESSAVG: 89400 -536.375 239.126 88.9498 188.74 -683.722 505.721 45.6413 495.942 946.652
ENERGY:   89400       239.6244       144.7422         0.0000         0.0000          -2931.4505       310.7150         0.0000         0.0000       603.9298          -1632.4390       289.8534     -2236.3688     -1627.4085       302.0161           -708.3949      -701.0430      6794.7272       -94.6022       -91.1483

PRESSURE: 89500 -1136.08 -245.191 326.943 -245.191 7208.49 1684.53 326.943 1684.53 986.651
GPRESSURE: 89500 -1147.92 1819.56 228.013 212.851 4113.94 666.156 -580.139 539.274 1168.12
PRESSAVG: 89500 -1051.23 207.403 191.477 207.403 725.822 439.98 191.477 439.98 277.615
GPRESSAVG: 89500 -998.738 221.198 204.558 227.726 706.63 453.36 305.359 424.864 252.784
ENERGY:   89500       223.8123       125.5064         0.0000         0.0000          -2953.3973       362.0622         0.0000         0.0000       614.0201          -1627.9962       294.6962     -2242.0163     -1621.5747       294.7593           2353.0201      1378.0456      6809.8515       -15.9316       -13.1080

WRITING EXTENDED SYSTEM TO RESTART FILE AT STEP 89500
WRITING COORDINATES TO DCD FILE water_simulation.dcd AT STEP 89500
WRITING COORDINATES TO RESTART FILE AT STEP 89500
FINISHED WRITING RESTART COORDINATES
WRITING VELOCITIES TO DCD FILE AT STEP 89500
WRITING VELOCITIES TO RESTART FILE AT STEP 89500
FINISHED WRITING RESTART VELOCITIES
PRESSURE: 89600 5452.01 1201.92 1645.43 1201.92 3385.28 1872.27 1645.43 1872.27 2639.93
GPRESSURE: 89600 1546.77 1261.3 -147.558 829.102 1950.05 203.045 29.7683 226.725 982.982
PRESSAVG: 89600 -528.789 1070.74 317.709 1070.74 511.118 683.316 317.709 683.316 -136.969
GPRESSAVG: 89600 -551.562 1074.33 305.139 1056.23 501.533 639.021 264.533 718.496 -169.754
ENERGY:   89600       228.1446       141.8527         0.0000         0.0000          -2979.5249       363.0259         0.0000         0.0000       637.0132          -1609.4884       305.7317     -2246.5017     -1603.8289       298.0174           3825.7405      1493.2659      6771.0638       -51.5468       -73.2613

PRESSURE: 89700 3112.92 -3443.84 763.232 -3443.84 3542 -203.583 763.232 -203.583 5711.14
GPRESSURE: 89700 2219.8 -928.318 437.461 48.4175 854.333 -724.613 1267.02 -450.715 2174.55
PRESSAVG: 89700 -594.834 18.6516 2.50543 18.6516 651.243 369.945 2.50543 369.945 127.48
GPRESSAVG: 89700 -622.879 -19.0214 -10.7544 58.2185 620.515 364.139 32.5763 404.026 177.765
ENERGY:   89700       216.2151       131.5027         0.0000         0.0000          -2984.6997       363.1993         0.0000         0.0000       647.5801          -1626.2025       310.8032     -2273.7826     -1619.1177       302.2379           4122.0219      1749.5624      6682.8118        61.2966        58.4669

PRESSURE: 89800 -3905.97 -2628.48 27.8363 -2628.48 -463.549 -1956.95 27.8363 -1956.95 726.119
GPRESSURE: 89800 -2030.42 170.724 656.043 -742.621 -2424.09 804.241 1091.65 -1402.49 -1855.19
PRESSAVG: 89800 -1317.05 122.776 -306.692 122.776 600.666 -53.3888 -306.692 -53.3888 880.076
GPRESSAVG: 89800 -1252.76 180.33 -279.369 201.619 568.962 21.2486 -360.586 -137.215 821.788
ENERGY:   89800       228.9352       138.6595         0.0000         0.0000          -2879.2359       281.9792         0.0000         0.0000       606.6912          -1622.9708       291.1787     -2229.6620     -1618.2151       304.0100          -1214.4679     -2103.2330      6995.4964        54.5653        45.9980

PRESSURE: 89900 1251.16 92.5274 -1289.7 92.5274 140.551 738.377 -1289.7 738.377 4303.5
GPRESSURE: 89900 1193.68 -72.7177 394.113 288.627 543.271 -463.13 88.4881 -544.14 576.427
PRESSAVG: 89900 622.491 64.1528 258.64 64.1528 -56.9723 -640.711 258.64 -640.711 -932.366
GPRESSAVG: 89900 624.915 -30.498 329.899 43.879 5.25011 -674.534 361.886 -641.028 -965.744
ENERGY:   89900       235.0614       115.3607         0.0000         0.0000          -2995.3204       368.9257         0.0000         0.0000       641.0332          -1634.9394       307.6610     -2275.9726     -1629.3101       299.8318           1898.4029       771.1266      6910.4667      -122.2825      -111.8596

PRESSURE: 90000 612.827 236.965 1946.79 236.965 855.464 1587.09 1946.79 1587.09 268.668
GPRESSURE: 90000 -1641.13 -155.041 640.943 -684.567 32.5323 1156.44 -36.3129 587.938 752.621
PRESSAVG: 90000 111.445 -276.992 129.962 -276.992 369.232 255.335 129.962 255.335 38.4948
GPRESSAVG: 90000 25.3023 -101.047 39.6874 -428.772 405.05 247.403 11.3024 292.754 70.7611
TIMING: 90000  CPU: 436.108, 0.004655/step  Wall: 436.108, 0.004655/step, 0.0130599 hours remaining, 6.375000 MB of memory in use.
ETITLE:      TS           BOND          ANGLE          DIHED          IMPRP               ELECT            VDW       BOUNDARY           MISC        KINETIC               TOTAL           TEMP      POTENTIAL         TOTAL3        TEMPAVG            PRESSURE      GPRESSURE         VOLUME       PRESSAVG      GPRESSAVG

ENERGY:   90000       233.2368       148.0635         0.0000         0.0000          -2989.2784       338.4464         0.0000         0.0000       637.1155          -1632.4162       305.7807     -2269.5317     -1626.6499       301.7640            578.9863      -285.3242      6888.2059       173.0570       167.0378

WRITING EXTENDED SYSTEM TO RESTART FILE AT STEP 90000
WRITING COORDINATES TO DCD FILE water_simulation.dcd AT STEP 90000
WRITING COORDINATES TO RESTART FILE AT STEP 90000
FINISHED WRITING RESTART COORDINATES
WRITING VELOCITIES TO DCD FILE AT STEP 90000
WRITING VELOCITIES TO RESTART FILE AT STEP 90000
FINISHED WRITING RESTART VELOCITIES
PRESSURE: 90100 2655.66 -1409.41 1856.05 -1409.41 3039.26 1291.82 1856.05 1291.82 -1342.82
GPRESSURE: 90100 2296.61 128.456 737.492 -376.845 929.058 1894.24 1088.29 1026.68 664.993
PRESSAVG: 90100 537.519 -322.275 494.89 -322.275 314.119 30.0116 494.89 30.0116 -434.707
GPRESSAVG: 90100 595.878 -497.154 513.787 -285.427 152.221 4.66716 557.352 -18.2655 -373.743
ENERGY:   90100       230.1903       132.0019         0.0000         0.0000          -2964.9402       365.4393         0.0000         0.0000       614.5510          -1622.7577       294.9510     -2237.3087     -1616.5510       304.8256           1450.7004      1296.8868      6826.0123       138.9769       124.7854

LDB: ============= START OF LOAD BALANCING ============== 436.834
LDB: ============== END OF LOAD BALANCING =============== 436.834
LDB: =============== DONE WITH MIGRATION ================ 436.834
LDB: ============= START OF LOAD BALANCING ============== 437.068
LDB: ============== END OF LOAD BALANCING =============== 437.068
LDB: =============== DONE WITH MIGRATION ================ 437.068
PRESSURE: 90200 -846.027 -300.156 401.176 -300.156 -3144.24 296.536 401.176 296.536 -1165.16
GPRESSURE: 90200 -712.246 353.111 438.556 335.858 -2143.35 536.335 -242.425 713.373 -931.662
PRESSAVG: 90200 -202.406 -685.813 331.005 -685.813 -411.516 -253.786 331.005 -253.786 433.207
GPRESSAVG: 90200 -195.434 -641.131 351.446 -621.361 -270.732 -202.495 256.731 -147.456 340.688
ENERGY:   90200       233.1732       114.6944         0.0000         0.0000          -2902.4742       300.5432         0.0000         0.0000       629.2261          -1624.8374       301.9943     -2254.0635     -1618.3647       297.9302          -1718.4753     -1262.4204      6917.0342       -60.2386       -41.8261

PRESSURE: 90300 1543.24 -781.589 -1885.63 -781.589 866.652 3199.31 -1885.63 3199.31 -1807.85
GPRESSURE: 90300 1714.81 -57.7056 4.66601 -845.261 2548.6 -1704.34 639.708 -85.4468 -677.773
PRESSAVG: 90300 -0.83344 196.185 170.096 196.185 -209.751 493.096 170.096 493.096 -43.6985
GPRESSAVG: 90300 -17.8852 237.093 138.091 143.173 -228.339 319.587 211.173 381.377 11.8563
ENERGY:   90300       251.8979       138.5181         0.0000         0.0000          -2997.6953       364.2605         0.0000         0.0000       606.3356          -1636.6832       291.0080     -2243.0188     -1631.6463       296.6622            200.6802      1195.2129      6729.3329       -84.7610       -78.1226

PRESSURE: 90400 -998.04 -1937.09 570.931 -1937.09 -1574.13 -900.08 570.931 -900.08 -385.099
GPRESSURE: 90400 247.384 715.589 1033.36 246.485 1999.85 1323.29 373.336 1822.94 554.194
PRESSAVG: 90400 -1132.48 -437.742 720.603 -437.742 484.862 -601.479 720.603 -601.479 175.912
GPRESSAVG: 90400 -1159.25 -374.569 809.619 -408.103 434.872 -526.445 731.485 -520.308 237.454
ENERGY:   90400       244.4443       132.0947         0.0000         0.0000          -2979.8947       362.4609         0.0000         0.0000       607.6300          -1633.2648       291.6293     -2240.8948     -1627.2375       294.6709           -985.7577       933.8087      6894.8479      -157.2362      -162.3081

PRESSURE: 90500 -1656.7 -671.632 1377.63 -671.632 -2329.13 -689.306 1377.63 -689.306 -2565.69
GPRESSURE: 90500 1042.28 476.472 226.195 -351.811 319.85 769.387 1460.28 739.774 -1556.59
PRESSAVG: 90500 -265.912 819.437 357.088 819.437 -696.161 815.682 357.088 815.682 884.247
GPRESSAVG: 90500 -211.068 700.222 329.033 870.144 -713.001 859.945 358.265 760.268 861.109
ENERGY:   90500       246.3231       145.0843         0.0000         0.0000          -2990.6578       343.5293         0.0000         0.0000       619.8424          -1635.8787       297.4906     -2255.7211     -1629.8011       299.8031          -2183.8392       -64.8186      6868.7958       -25.9423       -20.9868

WRITING EXTENDED SYSTEM TO RESTART FILE AT STEP 90500
WRITING COORDINATES TO DCD FILE water_simulation.dcd AT STEP 90500
WRITING COORDINATES TO RESTART FILE AT STEP 90500
FINISHED WRITING RESTART COORDINATES
WRITING VELOCITIES TO DCD FILE AT STEP 90500
WRITING VELOCITIES TO RESTART FILE AT STEP 90500
FINISHED WRITING RESTART VELOCITIES
PRESSURE: 90600 -1457.12 1940.85 1049.66 1940.85 -4754.08 161.018 1049.66 161.018 -2944.01
GPRESSURE: 90600 -639.811 907.351 397.349 759.658 -1885.45 371.021 1477.78 807.791 -572.351
PRESSAVG: 90600 -34.1811 -452.749 -172.454 -452.749 154.016 -298.474 -172.454 -298.474 -468.873
GPRESSAVG: 90600 -43.3294 -503.409 -244.58 -487.604 229.96 -285.946 -233.426 -238.457 -533.343
ENERGY:   90600       245.2632       141.5343         0.0000         0.0000          -3003.3100       330.8399         0.0000         0.0000       647.9570          -1637.7156       310.9841     -2285.6726     -1632.1295       297.5747          -3051.7368     -1032.5370      6950.5638      -116.3458      -115.5707

PRESSURE: 90700 -1725.34 -286.751 892.931 -286.751 -3788.16 -983.737 892.931 -983.737 -828.063
GPRESSURE: 90700 -1308.82 623.335 -166.163 -1188.42 -864.21 -909.411 -276.447 -1328.11 -27.6418
PRESSAVG: 90700 28.0149 -653.256 204.92 -653.256 272.224 155.532 204.92 155.532 134.293
GPRESSAVG: 90700 22.1544 -591.988 215.722 -682.086 189.48 151.829 223.047 83.3955 234.102
ENERGY:   90700       242.7391       134.4007         0.0000         0.0000          -2979.9230       338.2386         0.0000         0.0000       634.5341          -1630.0105       304.5418     -2264.5446     -1623.8714       306.4356          -2113.8543      -733.5579      7011.2473       144.8440       148.5789

PRESSURE: 90800 1377.98 -2322.58 1499.5 -2322.58 -1230.59 496.219 1499.5 496.219 2922.64
GPRESSURE: 90800 1631.75 -2144.61 890.233 -2115.88 3038.86 702.874 -152.211 -274.608 2230.74
PRESSAVG: 90800 -320.832 -272.447 859.604 -272.447 403.42 -399.296 859.604 -399.296 -59.913
GPRESSAVG: 90800 -269.995 -210.773 872.799 -356.374 475.781 -400.717 879.344 -384.756 -170.743
ENERGY:   90800       250.7929       141.7301         0.0000         0.0000          -3054.1841       401.9635         0.0000         0.0000       626.0439          -1633.6536       300.4670     -2259.6975     -1628.7426       299.6317           1023.3452      2300.4489      6802.7545         7.5581        11.6811

PRESSURE: 90900 -2772.93 1771.71 -1117.79 1771.71 1928.29 -843.484 -1117.79 -843.484 -2366.82
GPRESSURE: 90900 1576.53 657.093 501.364 489.308 721.412 -370.691 -580.427 99.6795 -2266.71
PRESSAVG: 90900 -417.137 -450.091 48.8563 -450.091 940.977 -498.941 48.8563 -498.941 -101.079
GPRESSAVG: 90900 -439.298 -486.183 41.9057 -385.816 883.864 -478.508 40.6659 -442.876 -1.97891
ENERGY:   90900       249.2994       130.9931         0.0000         0.0000          -3002.2066       348.9455         0.0000         0.0000       643.6759          -1629.2927       308.9294     -2272.9686     -1623.6749       306.2875          -1070.4868        10.4094      6881.8369       140.9204       147.5289

PRESSURE: 91000 -3605.47 1754.03 1630.11 1754.03 -1893.07 950.108 1630.11 950.108 -327.669
GPRESSURE: 91000 -1365.34 -276.63 1378.35 759.098 2046.63 -498.461 -8.43459 -247.519 -594.603
PRESSAVG: 91000 349.683 -249.041 854.354 -249.041 734.65 -391.241 854.354 -391.241 -704.164
GPRESSAVG: 91000 348.257 -292.114 888.035 -220.008 779.133 -420.294 903.89 -439.409 -747.717
TIMING: 91000  CPU: 440.652, 0.004544/step  Wall: 440.652, 0.004544/step, 0.0114862 hours remaining, 6.375000 MB of memory in use.
ETITLE:      TS           BOND          ANGLE          DIHED          IMPRP               ELECT            VDW       BOUNDARY           MISC        KINETIC               TOTAL           TEMP      POTENTIAL         TOTAL3        TEMPAVG            PRESSURE      GPRESSURE         VOLUME       PRESSAVG      GPRESSAVG

ENERGY:   91000       239.9980       138.6360         0.0000         0.0000          -2964.7411       333.3538         0.0000         0.0000       626.0537          -1626.6996       300.4717     -2252.7533     -1620.6252       299.0093          -1942.0714        28.8966      6779.6783       126.7235       126.5576

WRITING EXTENDED SYSTEM TO RESTART FILE AT STEP 91000
WRITING COORDINATES TO DCD FILE water_simulation.dcd AT STEP 91000
WRITING COORDINATES TO RESTART FILE AT STEP 91000
FINISHED WRITING RESTART COORDINATES
WRITING VELOCITIES TO DCD FILE AT STEP 91000
WRITING VELOCITIES TO RESTART FILE AT STEP 91000
FINISHED WRITING RESTART VELOCITIES
PRESSURE: 91100 101.206 -995.355 -194.648 -995.355 5045.32 1410.18 -194.648 1410.18 -2817.22
GPRESSURE: 91100 680.413 -347.657 -97.7709 594.708 3416.38 1124.7 297.672 770.741 391.098
PRESSAVG: 91100 -215.018 487.39 483.171 487.39 1103.67 -211.473 483.171 -211.473 -1561.09
GPRESSAVG: 91100 -263.788 571.471 403.766 510.422 1099.63 -215.428 421.906 -179.482 -1505.17
ENERGY:   91100       236.4383       131.1177         0.0000         0.0000          -2997.0626       369.4648         0.0000         0.0000       635.4643          -1624.5776       304.9883     -2260.0419     -1619.2361       306.5916            776.4377      1495.9634      6791.4121      -224.1486      -223.1086

PRESSURE: 91200 -1812.95 358.642 -2593.01 358.642 1772.08 2503.12 -2593.01 2503.12 -1030.04
GPRESSURE: 91200 -116.482 -803.557 -68.2303 -954.419 900.033 757.747 243.026 655.554 -1958.25
PRESSAVG: 91200 208.459 -237.812 -101.928 -237.812 154.761 -42.6913 -101.928 -42.6913 -384.368
GPRESSAVG: 91200 278.513 -326.735 -73.3588 -214.762 162.694 -68.0859 -47.6321 -27.4104 -461.452
ENERGY:   91200       214.7249       136.1703         0.0000         0.0000          -2916.3451       322.4593         0.0000         0.0000       619.6067          -1623.3840       297.3775     -2242.9907     -1616.1972       302.3424           -356.9669      -391.5667      6926.0508        -7.0493        -6.7486

PRESSURE: 91300 -1882.93 1203.87 1044.37 1203.87 1033.57 -2036.56 1044.37 -2036.56 -2650.56
GPRESSURE: 91300 368.634 672.381 1238.76 -231.495 175.466 97.3929 1552.56 -838.675 -661.954
PRESSAVG: 91300 298.528 695.527 -384.38 695.527 388.601 607.686 -384.38 607.686 -487.029
GPRESSAVG: 91300 210.911 684.536 -290.348 596.775 452.593 594.431 -449.535 609.951 -426.691
ENERGY:   91300       249.8107       115.1081         0.0000         0.0000          -2979.9148       344.6511         0.0000         0.0000       639.9419          -1630.4030       307.1373     -2270.3449     -1625.6316       298.1782          -1166.6418       -39.2843      6898.1965        66.6998        78.9376

PRESSURE: 91400 -3876.08 -1510.21 917.919 -1510.21 -1595.42 97.9283 917.919 97.9283 -2609.91
GPRESSURE: 91400 -169.721 -420.719 107.945 927.815 -1757.55 643.434 367.636 413.792 -1009.91
PRESSAVG: 91400 168.854 18.0276 1258.59 18.0276 258.144 -76.4301 1258.59 -76.4301 -446.949
GPRESSAVG: 91400 271.338 60.8576 1140.02 49.8217 161.036 -16.2376 1291.91 -69.3698 -420.504
ENERGY:   91400       246.3345       157.8731         0.0000         0.0000          -2955.7206       323.3073         0.0000         0.0000       595.2172          -1632.9886       285.6719     -2228.2058     -1627.4052       303.1184          -2693.8004      -979.0584      6978.3686        -6.6504         3.9566

PRESSURE: 91500 -3574.02 -479.956 -1009.34 -479.956 546.828 1840.91 -1009.34 1840.91 1419.67
GPRESSURE: 91500 -703.603 -276.088 582.265 -1361.92 2536.96 616.588 -105.449 983.623 446.682
PRESSAVG: 91500 -147.64 327.714 -214.441 327.714 -410.196 731.725 -214.441 731.725 40.081
GPRESSAVG: 91500 -174.296 347.58 -167.037 366.858 -376.79 676.532 -139.045 711.408 25.3764
ENERGY:   91500       244.8978       126.7427         0.0000         0.0000          -2980.6832       357.1360         0.0000         0.0000       628.7624          -1623.1443       301.7717     -2251.9067     -1617.7811       297.3274           -535.8406       760.0125      6834.7680      -172.5849      -175.2365

WRITING EXTENDED SYSTEM TO RESTART FILE AT STEP 91500
WRITING COORDINATES TO DCD FILE water_simulation.dcd AT STEP 91500
WRITING COORDINATES TO RESTART FILE AT STEP 91500
FINISHED WRITING RESTART COORDINATES
WRITING VELOCITIES TO DCD FILE AT STEP 91500
WRITING VELOCITIES TO RESTART FILE AT STEP 91500
FINISHED WRITING RESTART VELOCITIES
PRESSURE: 91600 134.904 875.186 -1345.12 875.186 -2825.06 -801.063 -1345.12 -801.063 1736.23
GPRESSURE: 91600 1316.58 1061.33 -2009.27 789.383 -839.033 139.689 65.4547 393.111 600.963
PRESSAVG: 91600 405.125 -112.071 -318.948 -112.071 130.756 126.255 -318.948 126.255 -676.134
GPRESSAVG: 91600 524.133 -113.726 -287.553 -200.806 74.5802 159.364 -347.883 46.705 -710.559
ENERGY:   91600       238.4814       143.4675         0.0000         0.0000          -2976.8959       337.6458         0.0000         0.0000       648.9359          -1608.3654       311.4539     -2257.3013     -1603.0114       300.9565           -317.9775       359.5042      6798.9073       -46.7511       -37.2822

PRESSURE: 91700 1817.52 -1160.45 -256.632 -1160.45 -6.99015 1309.92 -256.632 1309.92 -1908.71
GPRESSURE: 91700 612.509 -298.773 -1919.66 -859.475 -277.892 608.892 -684.079 722.725 191.432
PRESSAVG: 91700 125.461 -357.928 370.856 -357.928 -117.422 -174.748 370.856 -174.748 -99.5519
GPRESSAVG: 91700 12.5023 -374.832 285.074 -370.523 -87.9119 -142.805 324.393 -132.275 -40.282
ENERGY:   91700       227.9027       139.3186         0.0000         0.0000          -2966.7005       335.3725         0.0000         0.0000       646.9730          -1617.1339       310.5118     -2264.1068     -1610.8251       301.7893            -32.7264       175.3497      6725.8864       -30.5041       -38.5639

PRESSURE: 91800 -1067.54 -2855.21 395.436 -2855.21 1603.23 2114.52 395.436 2114.52 1201.49
GPRESSURE: 91800 1112.06 -346.036 1103.81 -539.217 1821.56 -398.153 1880.07 -52.7594 458.955
PRESSAVG: 91800 -474.142 92.6925 -139.242 92.6925 -102.297 -111.227 -139.242 -111.227 658.591
GPRESSAVG: 91800 -470.47 131.309 -37.7579 171.196 -97.2978 -87.0772 -166.51 -123.365 660.233
ENERGY:   91800       242.5736       138.3360         0.0000         0.0000          -2983.7132       356.2869         0.0000         0.0000       625.0803          -1621.4365       300.0045     -2246.5168     -1616.2407       305.2180            579.0592      1130.8599      6723.4974        27.3840        30.8216

PRESSURE: 91900 2115.69 -1811.94 50.8213 -1811.94 -854.913 -1013.13 50.8213 -1013.13 3582.92
GPRESSURE: 91900 439.763 129.981 69.8027 -824.785 58.8129 -509.706 -137.373 -546.664 3593.66
PRESSAVG: 91900 390.793 933.592 666.082 933.592 -128.663 -208.506 666.082 -208.506 399.719
GPRESSAVG: 91900 347.192 914.41 614.415 966.75 -47.0713 -302.082 722.45 -200.003 328.646
ENERGY:   91900       228.6296       129.7533         0.0000         0.0000          -2986.9752       366.1840         0.0000         0.0000       628.6316          -1633.7768       301.7089     -2262.4083     -1628.2848       298.5872           1614.5626      1364.0778      6750.5031       220.6161       209.5889

PRESSURE: 92000 4059.41 190.068 -919.387 190.068 4464.04 56.5214 -919.387 56.5214 -818.281
GPRESSURE: 92000 991.952 -616.94 -820.974 -965.138 3626.16 -294.145 -649.983 47.475 2436.53
PRESSAVG: 92000 -899.504 -319.553 -44.5903 -319.553 338.276 316.318 -44.5903 316.318 371.681
GPRESSAVG: 92000 -845.475 -261.508 -51.0751 -401.055 243.966 348.72 -2.54247 277.638 424.743
TIMING: 92000  CPU: 445.235, 0.004583/step  Wall: 445.235, 0.004583/step, 0.0103118 hours remaining, 6.375000 MB of memory in use.
ETITLE:      TS           BOND          ANGLE          DIHED          IMPRP               ELECT            VDW       BOUNDARY           MISC        KINETIC               TOTAL           TEMP      POTENTIAL         TOTAL3        TEMPAVG            PRESSURE      GPRESSURE         VOLUME       PRESSAVG      GPRESSAVG

ENERGY:   92000       228.8021       153.2985         0.0000         0.0000          -3054.4521       387.3868         0.0000         0.0000       662.8478          -1622.1169       318.1309     -2284.9647     -1615.8400       300.0047           2568.3896      2351.5455      6656.2598       -63.1825       -58.9219

WRITING EXTENDED SYSTEM TO RESTART FILE AT STEP 92000
WRITING COORDINATES TO DCD FILE water_simulation.dcd AT STEP 92000
WRITING COORDINATES TO RESTART FILE AT STEP 92000
FINISHED WRITING RESTART COORDINATES
WRITING VELOCITIES TO DCD FILE AT STEP 92000
WRITING VELOCITIES TO RESTART FILE AT STEP 92000
FINISHED WRITING RESTART VELOCITIES
PRESSURE: 92100 1759.48 1850.46 1594.34 1850.46 2869.28 1059.74 1594.34 1059.74 -48.4725
GPRESSURE: 92100 3688.69 -877.539 373.055 -407.59 564.132 1970 -59.5317 1345.42 1748.91
PRESSAVG: 92100 -1.78134 474.012 -740.034 474.012 -536.328 385.823 -740.034 385.823 620.46
GPRESSAVG: 92100 -56.781 348.051 -861.442 578.207 -517.336 297.337 -817.825 468.898 651.856
ENERGY:   92100       232.9376       132.8137         0.0000         0.0000          -3000.4850       369.4121         0.0000         0.0000       641.0531          -1624.2685       307.6706     -2265.3216     -1617.2092       304.1441           1526.7624      2000.5768      6634.7190        27.4500        25.9132

LDB: ============= START OF LOAD BALANCING ============== 446.028
LDB: ============== END OF LOAD BALANCING =============== 446.028
LDB: =============== DONE WITH MIGRATION ================ 446.028
LDB: ============= START OF LOAD BALANCING ============== 446.299
LDB: ============== END OF LOAD BALANCING =============== 446.299
LDB: =============== DONE WITH MIGRATION ================ 446.299
PRESSURE: 92200 -5067.26 194.667 -2886.62 194.667 2185.39 -1229.87 -2886.62 -1229.87 1282.89
GPRESSURE: 92200 -2143.7 -672.841 -936.652 -124.729 944.28 -1147.02 -501.233 -1271.78 375.416
PRESSAVG: 92200 4.15388 301.5 254.61 301.5 -90.2304 332.29 254.61 332.29 205.631
GPRESSAVG: 92200 121.07 333.734 442.879 235.879 -109.233 413.916 279.051 281.263 90.5056
ENERGY:   92200       231.6884       136.8479         0.0000         0.0000          -2925.9549       315.2025         0.0000         0.0000       622.9518          -1619.2642       298.9829     -2242.2160     -1613.6512       299.1481           -532.9948      -274.6674      6790.3778        39.8516        34.1142

PRESSURE: 92300 -1890.2 -1469.28 2315.04 -1469.28 -2550.56 -123.814 2315.04 -123.814 1368.55
GPRESSURE: 92300 -311.843 -764.522 -564.33 -1083.06 -1468.64 1135.6 -11.8604 538.401 1896.85
PRESSAVG: 92300 29.139 -655.171 -800.395 -655.171 -820.713 89.8675 -800.395 89.8675 812.616
GPRESSAVG: 92300 -62.2614 -629.614 -921.264 -554.073 -794.166 19.7906 -805.211 174.515 868.187
ENERGY:   92300       239.8269       142.4946         0.0000         0.0000          -2939.9286       335.0109         0.0000         0.0000       607.1506          -1615.4456       291.3992     -2222.5962     -1610.2482       301.7053          -1024.0717        38.7917      6891.5968         7.0140         3.9200

PRESSURE: 92400 -760.344 2654.23 1235.49 2654.23 1645.48 403.234 1235.49 403.234 4184.31
GPRESSURE: 92400 594.078 2515.74 566.793 1489.57 844.153 -436.092 920.399 147.753 3518.29
PRESSAVG: 92400 -491.27 105.593 847.224 105.593 375.079 -40.3068 847.224 -40.3068 873.557
GPRESSAVG: 92400 -445.19 109.742 897.536 -100.216 348.952 61.8442 751.605 -105.293 856.305
ENERGY:   92400       224.0757       152.5691         0.0000         0.0000          -2990.5850       367.4260         0.0000         0.0000       626.8452          -1619.6691       300.8515     -2246.5143     -1613.7474       298.5474           1689.8160      1652.1748      6752.4261       252.4554       253.3558

PRESSURE: 92500 3416.33 2673.24 -2240.7 2673.24 1537.6 -1820.36 -2240.7 -1820.36 -2788.4
GPRESSURE: 92500 469.359 184.724 155.395 832.453 -1147.97 -299.24 255.604 -1662.64 561.816
PRESSAVG: 92500 -990.265 -171.457 -616.038 -171.457 61.2343 -60.4876 -616.038 -60.4876 497.036
GPRESSAVG: 92500 -1019.59 -157.709 -624.233 -70.2517 62.6153 -86.4521 -624.673 -19.8649 521.073
ENERGY:   92500       226.4859       128.6059         0.0000         0.0000          -2933.5468       331.5762         0.0000         0.0000       627.7136          -1619.1653       301.2683     -2246.8788     -1613.7525       296.5580            721.8423       -38.9299      6903.3099      -143.9982      -145.3010

WRITING EXTENDED SYSTEM TO RESTART FILE AT STEP 92500
WRITING COORDINATES TO DCD FILE water_simulation.dcd AT STEP 92500
WRITING COORDINATES TO RESTART FILE AT STEP 92500
FINISHED WRITING RESTART COORDINATES
WRITING VELOCITIES TO DCD FILE AT STEP 92500
WRITING VELOCITIES TO RESTART FILE AT STEP 92500
FINISHED WRITING RESTART VELOCITIES
PRESSURE: 92600 2156.57 655.767 -986.818 655.767 1063.07 -129.927 -986.818 -129.927 3568.53
GPRESSURE: 92600 1515.5 1121.45 275.165 969.169 1523.94 -1190.94 1044.2 -842.882 1519.61
PRESSAVG: 92600 265.454 -243.623 -299.423 -243.623 498.969 -599.306 -299.423 -599.306 -123.695
GPRESSAVG: 92600 222.268 -300.998 -266.486 -199.27 467.687 -600.502 -141.727 -531.817 -78.1339
ENERGY:   92600       221.6169       141.4085         0.0000         0.0000          -2969.2066       366.8496         0.0000         0.0000       616.3452          -1622.9865       295.8121     -2239.3317     -1616.4656       299.3605           2262.7260      1519.6823      6821.1500       213.5758       203.9404

PRESSURE: 92700 765.79 -585.394 4345.84 -585.394 507.669 641.702 4345.84 641.702 997.037
GPRESSURE: 92700 -1562.21 -119.214 835.648 58.1409 978.682 1506.97 1729.42 1066.34 -593.008
PRESSAVG: 92700 -1097.26 1117.37 1052.01 1117.37 101.03 233.905 1052.01 233.905 1157.72
GPRESSAVG: 92700 -1076.23 1115.52 1030.54 1125.06 238.077 232.834 991.034 90.957 1035.76
ENERGY:   92700       227.0427       121.8049         0.0000         0.0000          -2897.6763       312.0242         0.0000         0.0000       613.5127          -1623.2918       294.4527     -2236.8045     -1617.2315       300.5521            756.8322      -392.1803      6798.5227        53.8323        65.8706

PRESSURE: 92800 1521.98 13.6794 -2007.66 13.6794 -1308.9 1873.91 -2007.66 1873.91 -1969.53
GPRESSURE: 92800 -2095.01 -328.94 -1397.63 129.804 -1485.32 1085 -2518.75 837.768 -2065.65
PRESSAVG: 92800 -585.99 -267.328 -529.802 -267.328 1311.04 1425.9 -529.802 1425.9 -517.305
GPRESSAVG: 92800 -570.101 -226.36 -481.488 -368.05 1251.04 1471.15 -483.531 1420.75 -441.273
ENERGY:   92800       219.5026       152.5085         0.0000         0.0000          -2852.2756       270.8242         0.0000         0.0000       584.9441          -1624.4962       280.7413     -2209.4403     -1617.6302       300.2481           -585.4822     -1881.9902      6837.6700        69.2491        79.8896

PRESSURE: 92900 3179.03 -1115.35 146.773 -1115.35 4433.18 -676.515 146.773 -676.515 2860.88
GPRESSURE: 92900 2.22151 196.708 -276.997 -1437.28 1729.88 1677.91 -887.062 764.117 2956.22
PRESSAVG: 92900 -122.603 243.959 110.175 243.959 -449.151 683.158 110.175 683.158 370.554
GPRESSAVG: 92900 -136.499 229.613 143.007 280.166 -464.337 603.26 107.006 726.438 319.843
ENERGY:   92900       219.0689       144.6351         0.0000         0.0000          -2952.7169       346.0473         0.0000         0.0000       618.3446          -1624.6210       296.7717     -2242.9656     -1618.1501       300.6300           3491.0308      1562.7753      6554.2715       -67.0667       -93.6645

PRESSURE: 93000 7333.85 1456.15 3296.16 1456.15 2653.07 -530.25 3296.16 -530.25 558.534
GPRESSURE: 93000 1106.54 883.431 1191.03 -3.57078 1513.25 6.16201 1188.68 518.682 603.11
PRESSAVG: 93000 -558.769 -347.655 351.265 -347.655 -297.267 1379.98 351.265 1379.98 710.308
GPRESSAVG: 93000 -565.254 -382.035 279.466 -284.802 -345.691 1331.38 326.379 1408.05 811.349
TIMING: 93000  CPU: 450.084, 0.004849/step  Wall: 450.084, 0.004849/step, 0.00956331 hours remaining, 6.375000 MB of memory in use.
ETITLE:      TS           BOND          ANGLE          DIHED          IMPRP               ELECT            VDW       BOUNDARY           MISC        KINETIC               TOTAL           TEMP      POTENTIAL         TOTAL3        TEMPAVG            PRESSURE      GPRESSURE         VOLUME       PRESSAVG      GPRESSAVG

ENERGY:   93000       227.5259       122.7394         0.0000         0.0000          -2943.5240       332.6907         0.0000         0.0000       634.9202          -1625.6478       304.7271     -2260.5680     -1620.4926       306.2521           3515.1514      1074.3021      6558.3739       -48.5760       -33.1985

WRITING EXTENDED SYSTEM TO RESTART FILE AT STEP 93000
WRITING COORDINATES TO DCD FILE water_simulation.dcd AT STEP 93000
WRITING COORDINATES TO RESTART FILE AT STEP 93000
FINISHED WRITING RESTART COORDINATES
WRITING VELOCITIES TO DCD FILE AT STEP 93000
WRITING VELOCITIES TO RESTART FILE AT STEP 93000
FINISHED WRITING RESTART VELOCITIES
PRESSURE: 93100 3548.34 773.5 1676.9 773.5 1537.93 2837.19 1676.9 2837.19 3214.9
GPRESSURE: 93100 1651 188.768 784.539 273.568 110.38 1788.51 493.745 1885.94 77.4058
PRESSAVG: 93100 -126.885 126.633 106.445 126.633 -75.7563 328.641 106.445 328.641 1386.15
GPRESSAVG: 93100 -130.718 184.163 139.121 96.3035 -50.2003 415.127 37.927 353.944 1386.24
ENERGY:   93100       212.1974       150.1002         0.0000         0.0000          -2990.0111       338.9968         0.0000         0.0000       661.6813          -1627.0354       317.5710     -2288.7167     -1620.2487       304.7947           2767.0575       612.9289      6631.3995       394.5041       401.7737

PRESSURE: 93200 2730.35 -73.7242 1314.96 -73.7242 -2280.31 -698.876 1314.96 -698.876 5335.17
GPRESSURE: 93200 -559.837 25.9941 435.064 -299.205 -2730.65 -1113.77 -165.259 506.268 -920.717
PRESSAVG: 93200 342.882 255.204 274.096 255.204 -622.248 248.362 274.096 248.362 -20.5711
GPRESSAVG: 93200 373.97 212.884 231.713 267.615 -614.315 225.096 316.49 160.23 -121.39
ENERGY:   93200       224.3223       109.9729         0.0000         0.0000          -2843.4136       282.5905         0.0000         0.0000       597.5218          -1629.0062       286.7779     -2226.5280     -1624.3316       304.5219           1928.4054     -1403.7343      6828.8224       -99.9791      -120.5785

PRESSURE: 93300 4233.97 -788.32 4088.49 -788.32 -63.5405 -1022.18 4088.49 -1022.18 2006.47
GPRESSURE: 93300 -1581.2 -300.379 318.143 -215.575 -1567.86 833.961 -439.147 575.312 -2317.78
PRESSAVG: 93300 -321.866 -90.3319 344.727 -90.3319 -319.406 98.7191 344.727 98.7191 555.074
GPRESSAVG: 93300 -322.982 -59.6636 389.023 -83.3848 -335.871 193.452 260.661 70.6975 616.717
ENERGY:   93300       211.7941       123.9271         0.0000         0.0000          -2875.9525       281.2715         0.0000         0.0000       637.4949          -1621.4650       305.9628     -2258.9599     -1615.3861       295.1893           2058.9697     -1822.2792      6854.3023       -28.7326       -14.0452

PRESSURE: 93400 7226.2 3003.76 -3894.55 3003.76 1861.16 3317.96 -3894.55 3317.96 2129.6
GPRESSURE: 93400 2313.01 784.611 -1142.65 413.311 8.41232 1082.45 -74.6014 361.736 -1557.78
PRESSAVG: 93400 1356.5 24.9682 -601.717 24.9682 137.349 845.574 -601.717 845.574 -1272.23
GPRESSAVG: 93400 1290.14 23.1865 -718.312 15.4888 184.241 731.699 -519.887 863.593 -1294.3
ENERGY:   93400       210.7904       149.5387         0.0000         0.0000          -2924.9379       322.7001         0.0000         0.0000       606.2825          -1635.6263       290.9826     -2241.9088     -1629.7743       300.6837           3738.9853       254.5462      6685.2335        73.8748        60.0278

PRESSURE: 93500 2615.63 737.815 -556.451 737.815 5220.34 -1706.64 -556.451 -1706.64 -1485.19
GPRESSURE: 93500 1067.5 119.234 319.263 28.3469 -1178.01 -964.757 -233.488 -1071.42 -951.84
PRESSAVG: 93500 655.814 581.728 -480.088 581.728 -376.302 226.885 -480.088 226.885 -576.876
GPRESSAVG: 93500 704.741 547.706 -355.54 506.662 -457.761 210.981 -449.618 276.324 -540.565
ENERGY:   93500       224.7667       122.1064         0.0000         0.0000          -2905.0752       313.1557         0.0000         0.0000       599.1929          -1645.8534       287.5800     -2245.0463     -1640.7098       297.3408           2116.9265      -354.1161      6699.2535       -99.1214       -97.8615

WRITING EXTENDED SYSTEM TO RESTART FILE AT STEP 93500
WRITING COORDINATES TO DCD FILE water_simulation.dcd AT STEP 93500
WRITING COORDINATES TO RESTART FILE AT STEP 93500
FINISHED WRITING RESTART COORDINATES
WRITING VELOCITIES TO DCD FILE AT STEP 93500
WRITING VELOCITIES TO RESTART FILE AT STEP 93500
FINISHED WRITING RESTART VELOCITIES
PRESSURE: 93600 5255.06 -1774.25 305.239 -1774.25 2904.48 -3243.35 305.239 -3243.35 2534.58
GPRESSURE: 93600 -224.753 259.697 -464.456 -608.586 378.107 -16.1773 -5.53672 484.163 -127.051
PRESSAVG: 93600 821.191 -356.82 112.229 -356.82 91.5026 558.725 112.229 558.725 -462.335
GPRESSAVG: 93600 797.442 -280.379 113.754 -357.456 71.5854 687.145 100.622 587.647 -458.135
ENERGY:   93600       197.1834       172.2890         0.0000         0.0000          -2980.2027       336.7356         0.0000         0.0000       628.4488          -1645.5458       301.6212     -2273.9947     -1638.5666       295.5161           3564.7069         8.7679      6747.9268       150.1196       136.9643

PRESSURE: 93700 387.665 1371.64 1716.6 1371.64 2106.97 3002.95 1716.6 3002.95 4667.83
GPRESSURE: 93700 864.913 585.85 1758.52 631.691 -977.017 175.828 1091.04 -34.2813 -373.537
PRESSAVG: 93700 1341.35 371.859 367.72 371.859 -935.536 -449.672 367.72 -449.672 -787.431
GPRESSAVG: 93700 1326.89 386.563 355.64 396.29 -866.138 -508.795 306.43 -479.114 -880.945
ENERGY:   93700       230.9957       135.4354         0.0000         0.0000          -2932.2315       322.9716         0.0000         0.0000       599.0415          -1643.7872       287.5073     -2242.8287     -1639.6697       295.0837           2387.4864      -161.8803      6819.8628      -127.2053      -140.0640

PRESSURE: 93800 2369.57 1339.99 1272.83 1339.99 4454.5 802.681 1272.83 802.681 2173.77
GPRESSURE: 93800 1210.49 -313.986 27.4431 -611.984 401.211 -672.297 1070.93 355.802 -1026.26
PRESSAVG: 93800 445.669 -82.225 1135.01 -82.225 -107.385 -145.969 1135.01 -145.969 -281.421
GPRESSAVG: 93800 477.367 -125.494 1171.05 -94.4636 -160.514 -113.826 1149.13 -221.356 -178.63
ENERGY:   93800       204.4803       127.0563         0.0000         0.0000          -2952.9506       331.4073         0.0000         0.0000       632.5054          -1657.5014       303.5682     -2290.0068     -1650.7373       295.5320           2999.2788       195.1471      6700.5224        18.9546        46.0740

PRESSURE: 93900 -321.646 -404.657 4301.76 -404.657 300.448 -1711.34 4301.76 -1711.34 -1408.88
GPRESSURE: 93900 -1450.12 212.672 1826.15 2002.69 -1780.85 359.455 2006.25 -3.07237 -3821.15
PRESSAVG: 93900 1150.38 480.711 469.881 480.711 326.912 -118.715 469.881 -118.715 -971.784
GPRESSAVG: 93900 1252.83 418.107 347.435 587.562 299.872 -155.569 498.831 -108.287 -995.385
ENERGY:   93900       217.7821       167.1843         0.0000         0.0000          -2899.0435       274.7083         0.0000         0.0000       583.3389          -1656.0299       279.9709     -2239.3688     -1651.3396       297.4913           -476.6939     -2350.7052      6902.2337       168.5015       185.7736

PRESSURE: 94000 5109.4 373.298 -1773.31 373.298 2787.57 -2545.15 -1773.31 -2545.15 2833.5
GPRESSURE: 94000 1742.44 236.743 -893.189 1061.78 2013.17 60.1276 445.754 1969.8 -895.655
PRESSAVG: 94000 1335.08 373.105 875.359 373.105 197.228 -604.927 875.359 -604.927 -1686.79
GPRESSAVG: 94000 1225.07 475.053 930.403 301.999 267.881 -677.849 780.164 -510.509 -1697.42
TIMING: 94000  CPU: 454.852, 0.004768/step  Wall: 454.852, 0.004768/step, 0.00807911 hours remaining, 6.375000 MB of memory in use.
ETITLE:      TS           BOND          ANGLE          DIHED          IMPRP               ELECT            VDW       BOUNDARY           MISC        KINETIC               TOTAL           TEMP      POTENTIAL         TOTAL3        TEMPAVG            PRESSURE      GPRESSURE         VOLUME       PRESSAVG      GPRESSAVG

ENERGY:   94000       219.4833       140.8347         0.0000         0.0000          -2991.8029       343.9070         0.0000         0.0000       644.9283          -1642.6497       309.5304     -2287.5780     -1637.0056       299.7412           3576.8259       953.3188      6646.0624       -51.4936       -68.1561

WRITING EXTENDED SYSTEM TO RESTART FILE AT STEP 94000
WRITING COORDINATES TO DCD FILE water_simulation.dcd AT STEP 94000
WRITING COORDINATES TO RESTART FILE AT STEP 94000
FINISHED WRITING RESTART COORDINATES
WRITING VELOCITIES TO DCD FILE AT STEP 94000
WRITING VELOCITIES TO RESTART FILE AT STEP 94000
FINISHED WRITING RESTART VELOCITIES
PRESSURE: 94100 2229.01 1677.76 -344.987 1677.76 5592.54 -457.752 -344.987 -457.752 5591.53
GPRESSURE: 94100 1370.55 1830.81 -213.283 1122.68 2338.29 335.304 450.199 -45.2226 1115.92
PRESSAVG: 94100 -43.7983 1219.27 -202.431 1219.27 237.327 513.028 -202.431 513.028 -287.695
GPRESSAVG: 94100 -2.91761 1207.64 -172.995 1218.85 287.244 622.804 -108.469 454.137 -340.748
ENERGY:   94100       212.8330       151.1330         0.0000         0.0000          -3007.2146       369.0578         0.0000         0.0000       620.7135          -1653.4774       297.9087     -2274.1909     -1647.1918       300.2114           4471.0234      1608.2522      6648.2016       -31.3887       -18.8074

LDB: ============= START OF LOAD BALANCING ============== 455.55
LDB: ============== END OF LOAD BALANCING =============== 455.55
LDB: =============== DONE WITH MIGRATION ================ 455.55
LDB: ============= START OF LOAD BALANCING ============== 455.784
LDB: ============== END OF LOAD BALANCING =============== 455.784
LDB: =============== DONE WITH MIGRATION ================ 455.784
PRESSURE: 94200 121.153 658.471 -568.43 658.471 7346.95 330.335 -568.43 330.335 2542.26
GPRESSURE: 94200 701.124 2092.04 240.58 494.672 2234.38 945.956 -47.9851 593.157 1170.19
PRESSAVG: 94200 1093.41 808.478 -361.924 808.478 -121.603 -148.525 -361.924 -148.525 -749.321
GPRESSAVG: 94200 1073.5 737.017 -442.1 788.867 -166.589 -165.275 -330.977 -193.107 -649.415
ENERGY:   94200       219.4080       148.7815         0.0000         0.0000          -2977.4549       353.3542         0.0000         0.0000       598.5143          -1657.3969       287.2543     -2255.9112     -1652.1803       296.6393           3336.7885      1368.5673      6582.9485        74.1613        85.8325

PRESSURE: 94300 4846.28 -2935.64 -1341.37 -2935.64 3519.82 549.751 -1341.37 549.751 3906.61
GPRESSURE: 94300 1468.91 -1465.01 -686.796 -1057.61 2209.27 225.994 136.187 304.912 1284.46
PRESSAVG: 94300 -763.267 -1054.21 414.019 -1054.21 108.561 345.139 414.019 345.139 430.44
GPRESSAVG: 94300 -713.136 -989.059 471.018 -1011.69 123.191 324.685 359.763 412.18 320.34
ENERGY:   94300       216.8920       155.5953         0.0000         0.0000          -3014.6344       370.5918         0.0000         0.0000       612.0154          -1659.5398       293.7341     -2271.5553     -1653.7839       295.0614           4090.9022      1654.2144      6602.0838       -74.7553       -89.8686

PRESSURE: 94400 7324.18 -612.378 799.762 -612.378 4685.84 1716.57 799.762 1716.57 3035.7
GPRESSURE: 94400 2743 -143.863 1082.14 -355.207 2549.95 225.506 -813.64 -131.024 2464.3
PRESSAVG: 94400 388.243 461.619 381.243 461.619 3.49911 287.247 381.243 287.247 183.242
GPRESSAVG: 94400 282.697 438.732 410.297 548.793 -16.0779 209.826 353.942 189.036 272.973
ENERGY:   94400       240.7204       128.5688         0.0000         0.0000          -3037.8312       389.5121         0.0000         0.0000       618.2982          -1660.7318       296.7494     -2279.0300     -1656.2278       296.7345           5015.2407      2585.7504      6556.8390       191.6613       179.8640

PRESSURE: 94500 -1780.75 -515.789 -483.814 -515.789 3553.59 -826.652 -483.814 -826.652 4620.48
GPRESSURE: 94500 -1366.51 -1659.12 137.14 -2323.71 -460.187 -905.618 -923.205 281.743 2377.7
PRESSAVG: 94500 601.5 37.5322 -144.071 37.5322 -196.295 -730.671 -144.071 -730.671 -734.037
GPRESSAVG: 94500 556.514 32.754 -155.052 -133.205 -128.719 -688.165 -148.457 -647.996 -716.649
ENERGY:   94500       210.3920       156.8881         0.0000         0.0000          -2985.8188       330.9919         0.0000         0.0000       623.4171          -1664.1297       299.2062     -2287.5468     -1657.4313       296.0019           2131.1059       183.6665      6624.7067      -109.6104       -96.2848

WRITING EXTENDED SYSTEM TO RESTART FILE AT STEP 94500
WRITING COORDINATES TO DCD FILE water_simulation.dcd AT STEP 94500
WRITING COORDINATES TO RESTART FILE AT STEP 94500
FINISHED WRITING RESTART COORDINATES
WRITING VELOCITIES TO DCD FILE AT STEP 94500
WRITING VELOCITIES TO RESTART FILE AT STEP 94500
FINISHED WRITING RESTART VELOCITIES
PRESSURE: 94600 -2078.25 242.392 -1265.22 242.392 4561.16 -549.681 -1265.22 -549.681 132.847
GPRESSURE: 94600 -343.986 -209.507 -1403.75 924.296 -125.697 -38.4779 -225.934 -1085.87 -396.084
PRESSAVG: 94600 197.098 -91.6656 217.753 -91.6656 717.376 -261.784 217.753 -261.784 -973.081
GPRESSAVG: 94600 325.146 -102.863 160.149 37.6478 672.804 -251.052 207.945 -223.858 -1033.66
ENERGY:   94600       229.6899       152.5920         0.0000         0.0000          -2983.0422       323.4054         0.0000         0.0000       616.0887          -1661.2662       295.6890     -2277.3549     -1655.8279       294.0028            871.9196      -288.5892      6633.8579       -19.5355       -11.9047

PRESSURE: 94700 294.812 -466.828 -1143.83 -466.828 2713.65 -232.036 -1143.83 -232.036 -40.1735
GPRESSURE: 94700 -1438.58 -192.25 672.359 808.123 -99.039 -1671.62 -201.524 -1797.98 -2260.86
PRESSAVG: 94700 -388.669 -60.9538 -34.4149 -60.9538 1.52781 -152.804 -34.4149 -152.804 567.305
GPRESSAVG: 94700 -465.695 -133.353 51.6092 -64.3895 0.332222 -178.151 157.921 -187.063 603.009
ENERGY:   94700       212.1112       135.6228         0.0000         0.0000          -2929.4381       296.1995         0.0000         0.0000       617.0041          -1668.5005       296.1283     -2285.5046     -1662.5590       297.9915            989.4297     -1266.1600      6686.3062        60.0543        45.8823

PRESSURE: 94800 1035.66 1957.9 828.532 1957.9 3426.96 273.258 828.532 273.258 5149.05
GPRESSURE: 94800 -287.506 111.996 -871.244 293.524 -1245.51 942.989 -1700.93 1078.6 -619.995
PRESSAVG: 94800 -720.117 428.901 -302.947 428.901 -211.355 422.169 -302.947 422.169 887.786
GPRESSAVG: 94800 -657.274 482.183 -361.805 370.197 -276.403 430.212 -490.241 389.676 852.629
ENERGY:   94800       218.0819       135.1315         0.0000         0.0000          -2938.5374       301.9108         0.0000         0.0000       622.1246          -1661.2885       298.5859     -2283.4132     -1655.7016       295.2476           3203.8877      -717.6697      6604.4524       -14.5617       -27.0160

PRESSURE: 94900 6979.42 715.376 1319.68 715.376 2730.18 551.285 1319.68 551.285 3099.93
GPRESSURE: 94900 -247.033 1105.26 152.734 558.394 239.615 369.492 270.648 -131.27 -95.5891
PRESSAVG: 94900 -872.805 1252.52 -380.196 1252.52 729.075 211.411 -380.196 211.411 103.334
GPRESSAVG: 94900 -930.205 1252.62 -430.692 1233.45 798.215 301.816 -354.1 293.751 46.6959
ENERGY:   94900       208.7548       137.1557         0.0000         0.0000          -2996.6391       332.4147         0.0000         0.0000       646.7629          -1671.5510       310.4110     -2318.3139     -1665.0964       299.3223           4269.8434       -34.3357      6619.4191       -13.4656       -28.4313

PRESSURE: 95000 -604.755 495.928 -2826.31 495.928 7281.49 1789 -2826.31 1789 6593.98
GPRESSURE: 95000 -380.357 897.363 -654.131 1164.55 435.34 -443.54 144.133 -311.981 401.548
PRESSAVG: 95000 -368.741 194.068 184.484 194.068 -260.053 -243.186 184.484 -243.186 330.233
GPRESSAVG: 95000 -412.605 197.029 199.618 225.325 -334.274 -329.839 185.52 -293.031 433.828
TIMING: 95000  CPU: 459.5, 0.004648/step  Wall: 459.5, 0.004648/step, 0.00658467 hours remaining, 6.375000 MB of memory in use.
ETITLE:      TS           BOND          ANGLE          DIHED          IMPRP               ELECT            VDW       BOUNDARY           MISC        KINETIC               TOTAL           TEMP      POTENTIAL         TOTAL3        TEMPAVG            PRESSURE      GPRESSURE         VOLUME       PRESSAVG      GPRESSAVG

ENERGY:   95000       199.1617       143.3287         0.0000         0.0000          -2959.7870       327.3069         0.0000         0.0000       613.4477          -1676.5420       294.4215     -2289.9897     -1669.1102       298.3657           4423.5712       152.1769      6587.4685       -99.5203      -104.3502

WRITING EXTENDED SYSTEM TO RESTART FILE AT STEP 95000
WRITING COORDINATES TO DCD FILE water_simulation.dcd AT STEP 95000
WRITING COORDINATES TO RESTART FILE AT STEP 95000
FINISHED WRITING RESTART COORDINATES
WRITING VELOCITIES TO DCD FILE AT STEP 95000
WRITING VELOCITIES TO RESTART FILE AT STEP 95000
FINISHED WRITING RESTART VELOCITIES
PRESSURE: 95100 2624.99 2391.86 -1713.55 2391.86 1952.29 1677.59 -1713.55 1677.59 372.679
GPRESSURE: 95100 548.619 1337.77 -994.624 986.746 -830.398 264.767 11.2386 1571.7 -2008.96
PRESSAVG: 95100 -520.828 -71.0667 -513.934 -71.0667 -15.0567 453.117 -513.934 453.117 226.705
GPRESSAVG: 95100 -424.881 9.67538 -401.302 -137.341 -38.5235 453.407 -472.69 349.194 204.802
ENERGY:   95100       215.9614       149.5387         0.0000         0.0000          -2959.6613       307.6597         0.0000         0.0000       614.6625          -1671.8390       295.0045     -2286.5015     -1666.6911       294.9632           1649.9877      -763.5785      6629.0297      -103.0599       -86.2006

PRESSURE: 95200 -1326.79 -1556.71 -364.69 -1556.71 2908.49 241.963 -364.69 241.963 3383.7
GPRESSURE: 95200 -1492.13 -762.551 -775.917 -892.737 -1189.97 482.402 693.185 -896.827 -459.641
PRESSAVG: 95200 824.855 -623.451 339.364 -623.451 -375.897 100.221 339.364 100.221 -12.7255
GPRESSAVG: 95200 781.136 -673.351 222.905 -566.17 -361.663 134.822 338.646 132.94 41.4721
ENERGY:   95200       208.4414       138.6421         0.0000         0.0000          -2935.3217       300.2950         0.0000         0.0000       603.1888          -1684.7545       289.4978     -2287.9432     -1678.3485       297.0352           1655.1368     -1047.2489      6627.6083       145.4111       153.6482

PRESSURE: 95300 3606.39 2917.51 -3015.56 2917.51 1811.07 740.759 -3015.56 740.759 5383.06
GPRESSURE: 95300 320.344 737.758 -1252.64 970.288 165.293 -1210.48 -1441.55 -500.396 1770.6
PRESSAVG: 95300 -241.624 1077.68 16.0301 1077.68 -278.848 146.281 16.0301 146.281 106.86
GPRESSAVG: 95300 -158.489 1041.58 116.033 1172.61 -327.893 159.013 9.09827 180.683 56.403
ENERGY:   95300       215.7861       137.0647         0.0000         0.0000          -2981.3994       346.5150         0.0000         0.0000       605.5604          -1676.4731       290.6360     -2282.0335     -1671.0997       288.9719           3600.1735       752.0804      6633.4407      -137.8704      -143.3265

PRESSURE: 95400 1801.45 244.482 257.798 244.482 1234.58 -4725.31 257.798 -4725.31 -1217.38
GPRESSURE: 95400 -383.375 -523.962 -133.947 -1187.26 -55.8999 -2614.84 743.457 -1102.73 -586.325
PRESSAVG: 95400 177.811 -7.76322 -613.863 -7.76322 -1276.54 -818.533 -613.863 -818.533 955.062
GPRESSAVG: 95400 137.539 57.3171 -652.128 -105.346 -1148.63 -836.066 -509.69 -822.848 909.702
ENERGY:   95400       213.3293       134.7056         0.0000         0.0000          -2984.2269       326.5957         0.0000         0.0000       638.0814          -1671.5149       306.2443     -2309.5963     -1664.2625       296.9752            606.2205      -341.8666      6668.3929       -47.8879       -33.7949

PRESSURE: 95500 -635.589 -2286.01 1497.73 -2286.01 563.691 -1633.54 1497.73 -1633.54 2527.16
GPRESSURE: 95500 -536.081 -1566.77 -92.6232 -1471.69 -1068.44 -104.541 -60.4097 -1101.93 2001.22
PRESSAVG: 95500 494.574 -53.9777 -74.6645 -53.9777 -927.841 -3.52816 -74.6645 -3.52816 890.059
GPRESSAVG: 95500 480.709 -22.8062 -20.2353 -44.3814 -913.274 71.3562 -263.718 -10.5875 921.879
ENERGY:   95500       221.8421       134.2631         0.0000         0.0000          -2975.3932       334.0028         0.0000         0.0000       611.0067          -1674.2784       293.2499     -2285.2851     -1669.3085       299.9370            818.4203       132.2325      6651.0635       152.2640       163.1047

WRITING EXTENDED SYSTEM TO RESTART FILE AT STEP 95500
WRITING COORDINATES TO DCD FILE water_simulation.dcd AT STEP 95500
WRITING COORDINATES TO RESTART FILE AT STEP 95500
FINISHED WRITING RESTART COORDINATES
WRITING VELOCITIES TO DCD FILE AT STEP 95500
WRITING VELOCITIES TO RESTART FILE AT STEP 95500
FINISHED WRITING RESTART VELOCITIES
PRESSURE: 95600 2095.75 -346.047 741.084 -346.047 -494.112 2024.95 741.084 2024.95 984.871
GPRESSURE: 95600 750.643 -1437.23 108.617 -1405.55 -1347.19 746.192 267.036 377.102 306.226
PRESSAVG: 95600 42.2423 95.0665 -203.747 95.0665 125.894 -758.345 -203.747 -758.345 294.241
GPRESSAVG: 95600 150.706 60.0514 -217.995 104.715 40.3142 -886.026 -227.932 -693.643 271.644
ENERGY:   95600       230.4388       148.6763         0.0000         0.0000          -3015.2164       337.8134         0.0000         0.0000       628.3664          -1669.9216       301.5816     -2298.2879     -1665.0950       305.2872            862.1690       -96.7743      6717.3702       154.1259       154.2212

PRESSURE: 95700 3247.19 1977.75 1528.04 1977.75 -2529.21 -393.793 1528.04 -393.793 -825.878
GPRESSURE: 95700 -122.739 1329.39 685.511 1510.52 -683.026 237.239 310.626 -192.551 -695.584
PRESSAVG: 95700 -313.782 463.099 165.853 463.099 284.064 155.109 165.853 155.109 145.55
GPRESSAVG: 95700 -446.84 436.645 116.339 380.026 357.053 180.727 266.084 88.5783 203.291
ENERGY:   95700       229.9872       141.3641         0.0000         0.0000          -2972.5523       326.2822         0.0000         0.0000       600.1469          -1674.7719       288.0378     -2274.9188     -1669.6277       299.8913            -35.9663      -500.4496      6823.2477        38.6108        37.8348

PRESSURE: 95800 -174.692 -49.7127 1884.07 -49.7127 26.9573 -675.705 1884.07 -675.705 6159.81
GPRESSURE: 95800 1216.52 -1090.99 1692.38 438.918 134.588 561.104 1606.83 291.939 3507.12
PRESSAVG: 95800 549.034 -435.578 365.094 -435.578 -699.361 -45.3347 365.094 -45.3347 374.223
GPRESSAVG: 95800 533.421 -405.014 337.083 -363.083 -658.406 13.2039 385.825 -70.7713 337.855
ENERGY:   95800       238.3784       148.6484         0.0000         0.0000          -3036.2671       380.1453         0.0000         0.0000       610.1862          -1658.9087       292.8562     -2269.0949     -1653.6256       295.2542           2004.0264      1619.4108      6731.5076        74.6318        70.9566

PRESSURE: 95900 -69.8811 118.899 -1921.9 118.899 328.689 -618.762 -1921.9 -618.762 225.573
GPRESSURE: 95900 -544.799 62.1882 -597.148 -411.788 -339.94 1184.01 -152.469 1274.28 -489.769
PRESSAVG: 95900 -485.094 -0.261207 236.036 -0.261207 -294.266 -249.205 236.036 -249.205 982.58
GPRESSAVG: 95900 -381.375 -13.3279 274.403 -89.3859 -367.288 -319.249 174.793 -143.891 956.107
ENERGY:   95900       229.1755       126.0134         0.0000         0.0000          -2959.5901       321.2658         0.0000         0.0000       619.7182          -1663.4173       297.4310     -2283.1355     -1658.0097       295.0221            161.4605      -458.1691      6781.2190        67.7401        69.1479

PRESSURE: 96000 482.763 -2601.26 -413.143 -2601.26 1877.57 -1482.62 -413.143 -1482.62 -2237.12
GPRESSURE: 96000 -289.503 -2176.16 -1299.09 -260.04 295.855 -636.431 -610.907 -624.781 -2660.02
PRESSAVG: 96000 312.888 -291.943 289.617 -291.943 183.952 -95.2679 289.617 -95.2679 -795.354
GPRESSAVG: 96000 264.345 -313.447 338.634 -189.928 195.358 -31.5755 299.2 -225.981 -773.717
TIMING: 96000  CPU: 464.391, 0.004891/step  Wall: 464.391, 0.004891/step, 0.00557031 hours remaining, 6.375000 MB of memory in use.
ETITLE:      TS           BOND          ANGLE          DIHED          IMPRP               ELECT            VDW       BOUNDARY           MISC        KINETIC               TOTAL           TEMP      POTENTIAL         TOTAL3        TEMPAVG            PRESSURE      GPRESSURE         VOLUME       PRESSAVG      GPRESSAVG

ENERGY:   96000       235.6491       131.1771         0.0000         0.0000          -2957.6023       319.7279         0.0000         0.0000       590.7463          -1680.3019       283.5260     -2271.0482     -1675.6958       292.5622             41.0716      -884.5549      6890.1413       -99.5048      -104.6715

WRITING EXTENDED SYSTEM TO RESTART FILE AT STEP 96000
WRITING COORDINATES TO DCD FILE water_simulation.dcd AT STEP 96000
WRITING COORDINATES TO RESTART FILE AT STEP 96000
FINISHED WRITING RESTART COORDINATES
WRITING VELOCITIES TO DCD FILE AT STEP 96000
WRITING VELOCITIES TO RESTART FILE AT STEP 96000
FINISHED WRITING RESTART VELOCITIES
PRESSURE: 96100 626.083 -3733.61 766.762 -3733.61 3012.8 -582.729 766.762 -582.729 550.377
GPRESSURE: 96100 142.651 -1059.07 812.501 -1190.55 414.572 1665.38 -647.805 1245.71 -673.252
PRESSAVG: 96100 459.557 -312.877 -11.0393 -312.877 -651.472 -154.975 -11.0393 -154.975 194.594
GPRESSAVG: 96100 439.596 -308.592 -54.4749 -361.072 -665.276 -95.7724 -0.227411 -78.7814 275.892
ENERGY:   96100       211.0673       134.1221         0.0000         0.0000          -2976.1986       343.3630         0.0000         0.0000       608.0519          -1679.5942       291.8318     -2287.6461     -1672.3144       284.2618           1396.4213       -38.6761      6845.2605         0.8928        16.7374

LDB: ============= START OF LOAD BALANCING ============== 465.077
LDB: ============== END OF LOAD BALANCING =============== 465.077
LDB: =============== DONE WITH MIGRATION ================ 465.077
LDB: ============= START OF LOAD BALANCING ============== 465.296
LDB: ============== END OF LOAD BALANCING =============== 465.296
LDB: =============== DONE WITH MIGRATION ================ 465.296
PRESSURE: 96200 3331.57 976.233 1366.23 976.233 1731.05 2079.1 1366.23 2079.1 3947.19
GPRESSURE: 96200 837.41 -228.624 1081.91 -1452.52 1000.55 -462.014 792.971 -305.01 1727.59
PRESSAVG: 96200 -86.5685 -551.742 -254.462 -551.742 -210.255 -259.89 -254.462 -259.89 101.013
GPRESSAVG: 96200 -3.11496 -542.416 -221.298 -465.977 -244.141 -250.899 -283.667 -312.683 30.9291
ENERGY:   96200       222.3299       141.1036         0.0000         0.0000          -3001.6770       371.6552         0.0000         0.0000       601.6903          -1664.8979       288.7786     -2266.5882     -1659.5120       290.7809           3003.2679      1188.5169      6802.2576       -65.2700       -72.1090

PRESSURE: 96300 2011.81 -35.6185 -200.673 -35.6185 -791.368 -143.806 -200.673 -143.806 3435.28
GPRESSURE: 96300 -927.077 626.146 -1714.54 -326.945 -201.75 -1220.5 -801.608 -998.156 -645.145
PRESSAVG: 96300 -999.335 37.3899 124.781 37.3899 370.897 826.394 124.781 826.394 -3.53325
GPRESSAVG: 96300 -1018.67 18.9294 82.5345 -70.0002 429.689 795.542 235.873 748.013 -12.1842
ENERGY:   96300       230.1574       120.7520         0.0000         0.0000          -2981.9035       329.1473         0.0000         0.0000       640.9234          -1660.9234       307.6083     -2301.8468     -1655.6386       293.6016           1551.9080      -591.3239      6855.2920      -210.6572      -200.3878

PRESSURE: 96400 4145.55 1032.39 1954.7 1032.39 3655.9 -1462.72 1954.7 -1462.72 1164.12
GPRESSURE: 96400 2106.3 -256.02 264.72 589.294 1484.65 503.672 698.289 -13.4125 -206.95
PRESSAVG: 96400 1165.52 -22.0846 -465.812 -22.0846 -1026.88 -894.595 -465.812 -894.595 -618.881
GPRESSAVG: 96400 1164.08 20.805 -428.019 79.6752 -1012.06 -972.807 -568 -736.773 -617.928
ENERGY:   96400       225.9556       134.2032         0.0000         0.0000          -3011.1263       373.7004         0.0000         0.0000       612.4904          -1664.7765       293.9621     -2277.2670     -1659.0049       299.1949           2988.5239      1127.9999      6810.1700      -160.0811      -155.3032

PRESSURE: 96500 -716.235 1447.21 593.159 1447.21 1426.8 -1671.71 593.159 -1671.71 4858.11
GPRESSURE: 96500 -1477.16 215.192 -57.9023 28.6773 -66.4973 -454.905 -95.0832 -785.411 625.953
PRESSAVG: 96500 -1082.55 936.149 85.3914 936.149 871.522 -184.581 85.3914 -184.581 407.182
GPRESSAVG: 96500 -996.141 890.54 -1.24415 892.874 840.407 -45.3256 145.876 -231.408 342.831
ENERGY:   96500       228.5928       133.3477         0.0000         0.0000          -2939.9294       329.4079         0.0000         0.0000       600.3251          -1648.2558       288.1234     -2248.5809     -1642.9726       293.7554           1856.2249      -305.9012      6882.3928        65.3837        62.3658

WRITING EXTENDED SYSTEM TO RESTART FILE AT STEP 96500
WRITING COORDINATES TO DCD FILE water_simulation.dcd AT STEP 96500
WRITING COORDINATES TO RESTART FILE AT STEP 96500
FINISHED WRITING RESTART COORDINATES
WRITING VELOCITIES TO DCD FILE AT STEP 96500
WRITING VELOCITIES TO RESTART FILE AT STEP 96500
FINISHED WRITING RESTART VELOCITIES
PRESSURE: 96600 5570.06 482.377 2561.88 482.377 1718.59 534.41 2561.88 534.41 4818.71
GPRESSURE: 96600 1980.81 -972.2 1740.92 -1121.32 915.893 1783.64 2838.43 1571.18 3131.88
PRESSAVG: 96600 328.944 -606.375 -30.542 -606.375 -370.45 84.3708 -30.542 84.3708 -231.682
GPRESSAVG: 96600 250.502 -579.811 92.5905 -588.273 -316.057 -63.4643 -130.125 102.935 -160.306
ENERGY:   96600       218.0109       133.0107         0.0000         0.0000          -2981.9819       374.2946         0.0000         0.0000       611.1208          -1645.5449       293.3047     -2256.6657     -1639.7531       296.3055           4035.7886      2009.5287      6710.5733       -91.0627       -75.2869

PRESSURE: 96700 4422.18 -559.682 -1817.34 -559.682 3957.72 -2374.55 -1817.34 -2374.55 961.123
GPRESSURE: 96700 -78.0664 60.1111 487.127 787.166 722.274 -733.781 417.84 -526.359 -135.254
PRESSAVG: 96700 642.198 441.457 527.738 441.457 339.354 723.502 527.738 723.502 -452.195
GPRESSAVG: 96700 583.777 423.71 470.273 386.989 322.493 843.151 658.482 702.712 -423.816
ENERGY:   96700       209.6709       140.5594         0.0000         0.0000          -2946.6263       324.1961         0.0000         0.0000       626.1197          -1646.0802       300.5034     -2272.1999     -1639.1608       292.9269           3113.6722       169.6510      6630.6596       176.4520       160.8182

PRESSURE: 96800 -467.523 1179.73 -4383.76 1179.73 3071.07 1701.3 -4383.76 1701.3 5779.92
GPRESSURE: 96800 1115.95 321.012 -843.31 816.219 1632.23 825.106 -2270.37 916.908 274.204
PRESSAVG: 96800 30.1378 340.218 26.5084 340.218 542.863 65.2901 26.5084 65.2901 -325.261
GPRESSAVG: 96800 161.974 456.005 114.083 379.647 494.99 -7.90566 58.3607 160.88 -369.062
ENERGY:   96800       233.1293       123.3150         0.0000         0.0000          -2936.9568       338.6658         0.0000         0.0000       604.5691          -1637.2775       290.1603     -2241.8467     -1633.0107       296.2228           2794.4871      1007.4594      6601.2629        82.5800        95.9675

PRESSURE: 96900 5351.86 1218.7 2251.47 1218.7 1983.69 820.286 2251.47 820.286 2123.35
GPRESSURE: 96900 857.425 -236.267 -13.0488 132.713 1749.6 1356.95 365.113 1323.43 1823.89
PRESSAVG: 96900 335.009 -418.008 27.2345 -418.008 507.449 -302.4 27.2345 -302.4 -239.489
GPRESSAVG: 96900 233.08 -603.099 11.2158 -569.811 601.503 -203.89 -14.5819 -401.63 -268.676
ENERGY:   96900       223.7383       144.7067         0.0000         0.0000          -2989.5940       362.1972         0.0000         0.0000       619.0120          -1639.9397       297.0920     -2258.9517     -1633.6629       296.1302           3152.9698      1476.9713      6655.4798       200.9896       188.6355

PRESSURE: 97000 2416.73 -4358.59 1220.53 -4358.59 3775.4 4587.18 1220.53 4587.18 586.059
GPRESSURE: 97000 2101.45 -296.301 -611.045 -1548.45 -90.5943 1568.46 -1018.3 1532.16 -116.419
PRESSAVG: 97000 1713.99 -145.487 -781.224 -145.487 168.383 420.125 -781.224 420.125 -1616.98
GPRESSAVG: 97000 1727.14 -168.052 -922.886 33.9593 111.159 314.006 -863.928 411.162 -1572.59
TIMING: 97000  CPU: 468.932, 0.004541/step  Wall: 468.932, 0.004541/step, 0.00391031 hours remaining, 6.375000 MB of memory in use.
ETITLE:      TS           BOND          ANGLE          DIHED          IMPRP               ELECT            VDW       BOUNDARY           MISC        KINETIC               TOTAL           TEMP      POTENTIAL         TOTAL3        TEMPAVG            PRESSURE      GPRESSURE         VOLUME       PRESSAVG      GPRESSAVG

ENERGY:   97000       217.3618       119.6112         0.0000         0.0000          -2947.4707       343.8902         0.0000         0.0000       624.1670          -1642.4405       299.5662     -2266.6075     -1635.9669       301.1646           2259.3970       631.4797      6758.2789        88.4645        88.5703

WRITING EXTENDED SYSTEM TO RESTART FILE AT STEP 97000
WRITING COORDINATES TO DCD FILE water_simulation.dcd AT STEP 97000
WRITING COORDINATES TO RESTART FILE AT STEP 97000
FINISHED WRITING RESTART COORDINATES
WRITING VELOCITIES TO DCD FILE AT STEP 97000
WRITING VELOCITIES TO RESTART FILE AT STEP 97000
FINISHED WRITING RESTART VELOCITIES
PRESSURE: 97100 969.679 -4552.06 -2492.86 -4552.06 4660.04 -2966 -2492.86 -2966 2974.3
GPRESSURE: 97100 -58.6316 -1390.56 -461.724 -2436.78 755.487 -1026.35 -555.315 -1465.9 1894.51
PRESSAVG: 97100 -231.236 -311.561 150.563 -311.561 -258.06 987.754 150.563 987.754 452.606
GPRESSAVG: 97100 -157.544 -104.385 230.635 -346.136 -326.96 933.868 245.453 996.604 485.998
ENERGY:   97100       225.5282       137.3343         0.0000         0.0000          -2968.9933       351.2122         0.0000         0.0000       605.2788          -1649.6398       290.5009     -2254.9186     -1644.6384       296.0393           2868.0077       863.7877      6741.8804       -12.2303         0.4978

PRESSURE: 97200 1920.35 2299.4 -669.958 2299.4 -739.302 -1745.08 -669.958 -1745.08 5092.57
GPRESSURE: 97200 -534.306 1737.58 124.484 121.162 -1708.77 1804.36 -1014.68 802.903 843.364
PRESSAVG: 97200 -587.531 -526.37 190.528 -526.37 423.348 187.972 190.528 187.972 -256.563
GPRESSAVG: 97200 -577.074 -675.751 237.018 -550.505 420.241 179.872 193.601 221.836 -284.446
ENERGY:   97200       221.2734       158.4163         0.0000         0.0000          -2924.0625       318.6673         0.0000         0.0000       580.4040          -1645.3015       278.5623     -2225.7056     -1639.5529       297.1436           2091.2082      -466.5710      6828.7509      -140.2488      -147.0931

PRESSURE: 97300 2597.7 -603.235 4013.52 -603.235 2562.51 838.958 4013.52 838.958 2356.11
GPRESSURE: 97300 -1180.35 -666.78 833.945 -926.956 1148.83 1830.38 745.677 1069.2 57.0354
PRESSAVG: 97300 912.687 -80.8758 -152.162 -80.8758 81.2259 484.629 -152.162 484.629 -1287.07
GPRESSAVG: 97300 752.611 -33.7346 -169.153 -130.334 173.725 558.898 -216.252 534.52 -1258.66
ENERGY:   97300       211.1013       154.6814         0.0000         0.0000          -2986.9608       332.1860         0.0000         0.0000       642.8072          -1646.1849       308.5125     -2288.9921     -1639.3766       298.7736           2505.4409         8.5030      6702.2788       -97.7203      -110.7749

PRESSURE: 97400 2432.7 -2753.95 -1072.9 -2753.95 5154.69 3598.37 -1072.9 3598.37 3125.58
GPRESSURE: 97400 -1210.83 -455.211 -1420.35 -146.758 180.587 986.383 -921.892 1471.67 1490.47
PRESSAVG: 97400 -227.711 -157.401 -39.6061 -157.401 285.495 554.226 -39.6061 554.226 -79.4004
GPRESSAVG: 97400 -85.9558 -86.6716 -64.7637 -59.5385 169.062 420.84 5.00318 521.515 -120.532
ENERGY:   97400       214.3686       119.0488         0.0000         0.0000          -2931.1784       320.9473         0.0000         0.0000       636.9583          -1639.8554       305.7053     -2276.8137     -1633.5150       299.8694           3570.9884       153.4075      6734.5434        -7.2055       -12.4753

PRESSURE: 97500 1164.26 2449.07 -1482.32 2449.07 5020.64 -89.6658 -1482.32 -89.6658 -918.337
GPRESSURE: 97500 -1197.94 -66.9424 -24.8023 1116.84 290.136 86.4478 130.673 -455.802 -2581.45
PRESSAVG: 97500 -517.198 -77.4196 156.026 -77.4196 568.165 378.849 156.026 378.849 259.807
GPRESSAVG: 97500 -586.855 -128.068 130.541 -99.6289 629.908 433.785 152.99 349.972 269.134
ENERGY:   97500       220.7049       148.6656         0.0000         0.0000          -2919.6004       296.8077         0.0000         0.0000       609.7495          -1643.6727       292.6466     -2253.4222     -1638.6556       295.7217           1755.5240     -1163.0868      6836.6175       103.5917       104.0623

WRITING EXTENDED SYSTEM TO RESTART FILE AT STEP 97500
WRITING COORDINATES TO DCD FILE water_simulation.dcd AT STEP 97500
WRITING COORDINATES TO RESTART FILE AT STEP 97500
FINISHED WRITING RESTART COORDINATES
WRITING VELOCITIES TO DCD FILE AT STEP 97500
WRITING VELOCITIES TO RESTART FILE AT STEP 97500
FINISHED WRITING RESTART VELOCITIES
PRESSURE: 97600 5307.97 -141.509 -1673.41 -141.509 2527.63 384.231 -1673.41 384.231 5159.5
GPRESSURE: 97600 875.5 -595.832 -609.1 -494.971 522.723 118.442 -226.838 82.2374 1051.08
PRESSAVG: 97600 -227.133 -104.472 407.852 -104.472 232.402 173.256 407.852 173.256 131.295
GPRESSAVG: 97600 -224.298 -158.221 385.547 -167.487 171.075 227.471 443.478 156.721 114.801
ENERGY:   97600       211.1867       135.3628         0.0000         0.0000          -2916.7276       337.6695         0.0000         0.0000       587.5260          -1644.9827       281.9805     -2232.5087     -1639.6929       293.6404           4331.6985       816.4343      6782.9628        45.5215        20.5258

PRESSURE: 97700 5089.7 -1709.88 -2372.42 -1709.88 3697.03 1416.66 -2372.42 1416.66 3535.35
GPRESSURE: 97700 1254.72 499.155 -1437.11 -677.946 1133.94 7.27244 -880.325 1535.33 -684.05
PRESSAVG: 97700 -90.2048 -632.793 -292.799 -632.793 579.198 47.3481 -292.799 47.3481 -534.228
GPRESSAVG: 97700 -98.711 -443.427 -256.939 -655.768 637.537 76.7036 -311.786 193.833 -643.817
ENERGY:   97700       222.2849       129.6718         0.0000         0.0000          -2964.1646       347.0191         0.0000         0.0000       619.9284          -1645.2605       297.5319     -2265.1889     -1640.1212       299.2471           4107.3597       568.2007      6803.6222       -15.0782       -34.9968

PRESSURE: 97800 5119.53 -958.693 1980.63 -958.693 4232.95 2643.17 1980.63 2643.17 4867.95
GPRESSURE: 97800 -598.354 -86.9732 103.031 -758.332 2619.68 -1471.28 -1073.48 -876.77 1915.12
PRESSAVG: 97800 196.589 204.687 114.122 204.687 -35.6663 -406.506 114.122 -406.506 18.0665
GPRESSAVG: 97800 144.288 95.0804 117.056 160.697 -77.4207 -489.697 73.2224 -533.865 130.506
ENERGY:   97800       225.8469       125.4090         0.0000         0.0000          -2971.7601       352.5881         0.0000         0.0000       624.0974          -1643.8187       299.5328     -2267.9162     -1637.7052       301.2342           4740.1424      1312.1492      6648.7110        59.6630        65.7909

PRESSURE: 97900 2937.86 2368.77 -2286.86 2368.77 3996.13 -2249.72 -2286.86 -2249.72 4340.51
GPRESSURE: 97900 557.913 204.222 -536.251 158.918 614.649 -1226.07 -662.164 -483.106 475.567
PRESSAVG: 97900 -854.428 -378.831 -304.955 -378.831 458.468 -750.882 -304.955 -750.882 -29.6518
GPRESSAVG: 97900 -828.51 -434.862 -344.166 -266.582 530.758 -698.767 -313.17 -773.682 -133.573
ENERGY:   97900       211.3180       135.8547         0.0000         0.0000          -2969.4818       339.9549         0.0000         0.0000       636.8061          -1645.5483       305.6322     -2282.3543     -1639.2129       293.8974           3758.1665       549.3762      6655.4413      -141.8706      -143.7753

PRESSURE: 98000 -2876.98 1212.15 -2622.46 1212.15 6705.45 -4526.81 -2622.46 -4526.81 3799.57
GPRESSURE: 98000 -1692.47 -1362.81 -670.445 -472.391 3188.78 -454.309 -609.428 -771.2 1421.95
PRESSAVG: 98000 -674.993 -30.922 -87.4896 -30.922 353.437 -460.041 -87.4896 -460.041 435.517
GPRESSAVG: 98000 -619.568 -48.5656 -47.8767 -109.682 367.029 -390.577 44.6715 -455.714 426.55
TIMING: 98000  CPU: 473.603, 0.004671/step  Wall: 473.602, 0.00467/step, 0.00272417 hours remaining, 6.375000 MB of memory in use.
ETITLE:      TS           BOND          ANGLE          DIHED          IMPRP               ELECT            VDW       BOUNDARY           MISC        KINETIC               TOTAL           TEMP      POTENTIAL         TOTAL3        TEMPAVG            PRESSURE      GPRESSURE         VOLUME       PRESSAVG      GPRESSAVG

ENERGY:   98000       220.6930       130.4205         0.0000         0.0000          -2961.9219       347.7610         0.0000         0.0000       625.2378          -1637.8096       300.0801     -2263.0474     -1632.2937       303.3916           2542.6813       972.7516      6660.4372        37.9871        58.0035

WRITING EXTENDED SYSTEM TO RESTART FILE AT STEP 98000
WRITING COORDINATES TO DCD FILE water_simulation.dcd AT STEP 98000
WRITING COORDINATES TO RESTART FILE AT STEP 98000
FINISHED WRITING RESTART COORDINATES
WRITING VELOCITIES TO DCD FILE AT STEP 98000
WRITING VELOCITIES TO RESTART FILE AT STEP 98000
FINISHED WRITING RESTART VELOCITIES
PRESSURE: 98100 3035.73 -345.608 2108.06 -345.608 5569.73 44.7543 2108.06 44.7543 1272.98
GPRESSURE: 98100 686.541 1124.4 798.598 -142.418 107.466 18.5555 -98.789 849.013 325.488
PRESSAVG: 98100 155.789 -193.765 -351.346 -193.765 243.685 -59.3636 -351.346 -59.3636 297.386
GPRESSAVG: 98100 181.738 -139.22 -312.729 -79.2203 144.418 -54.5091 -376.036 -18.5103 390.179
ENERGY:   98100       231.6953       141.3209         0.0000         0.0000          -2971.8973       330.1738         0.0000         0.0000       627.3179          -1641.3893       301.0784     -2268.7072     -1636.2184       302.2634           3292.8114       373.1648      6604.8020       232.2866       238.7784

LDB: ============= START OF LOAD BALANCING ============== 474.314
LDB: ============== END OF LOAD BALANCING =============== 474.314
LDB: =============== DONE WITH MIGRATION ================ 474.314
LDB: ============= START OF LOAD BALANCING ============== 474.557
LDB: ============== END OF LOAD BALANCING =============== 474.557
LDB: =============== DONE WITH MIGRATION ================ 474.557
PRESSURE: 98200 1379.2 2009.94 -164.555 2009.94 5941.71 -1125.56 -164.555 -1125.56 5285.07
GPRESSURE: 98200 1026.84 -332.35 2225.89 -556.748 1170.82 -923.655 1045.48 -669.373 2396.18
PRESSAVG: 98200 -476.797 616.506 -92.5911 616.506 355.54 -146.498 -92.5911 -146.498 -3.40404
GPRESSAVG: 98200 -512.826 624.73 -134.674 569.627 401.208 -232.538 -161.778 -156.494 -4.21483
ENERGY:   98200       210.5834       143.2077         0.0000         0.0000          -2957.3245       348.0970         0.0000         0.0000       605.4961          -1649.9403       290.6051     -2255.4364     -1644.1276       295.8369           4201.9913      1531.2780      6520.9278       -41.5538       -38.6109

PRESSURE: 98300 1695.35 1428.7 -3269.18 1428.7 2763.04 -1507.69 -3269.18 -1507.69 1435.57
GPRESSURE: 98300 -1826.59 28.5474 -1452.84 -79.8686 66.6801 1149.03 -1757.23 504.038 136.604
PRESSAVG: 98300 -659.393 346.25 702.929 346.25 337.551 -118.103 702.929 -118.103 221.535
GPRESSAVG: 98300 -666.876 307.692 711.274 253.167 351.714 -163.373 769.799 -85.3703 139.501
ENERGY:   98300       235.9822       141.9051         0.0000         0.0000          -2942.0217       306.4925         0.0000         0.0000       605.5251          -1652.1168       290.6191     -2257.6419     -1648.7415       294.3945           1964.6545      -541.1019      6610.6329       -33.4356       -58.5534

PRESSURE: 98400 4547 -810.109 2198.03 -810.109 2448.15 194.853 2198.03 194.853 23.6341
GPRESSURE: 98400 981.236 242.341 542.752 -868.812 -384.61 151.498 1213.53 818.515 -350.653
PRESSAVG: 98400 -793.212 469.352 -278.689 469.352 854.477 24.0726 -278.689 24.0726 129.623
GPRESSAVG: 98400 -910.27 438.214 -165.171 579.075 848.563 204.136 -410.032 -61.6311 250.749
ENERGY:   98400       216.3770       136.9876         0.0000         0.0000          -2896.7723       306.7912         0.0000         0.0000       593.3269          -1643.2896       284.7646     -2236.6164     -1638.1554       296.1015           2339.5932        81.9910      6582.2868        63.6290        63.0141

PRESSURE: 98500 5065.14 1130.77 216.746 1130.77 886.616 -43.9732 216.746 -43.9732 3297.91
GPRESSURE: 98500 2780.66 -535.98 -746.888 295.36 502.173 144.632 -1195.43 -1493.28 85.6466
PRESSAVG: 98500 869.347 -318.297 -138.779 -318.297 -221.425 -467.014 -138.779 -467.014 87.5494
GPRESSAVG: 98500 909.276 -207.205 -245.806 -394.5 -212.544 -629.237 -121.712 -436.422 57.1435
ENERGY:   98500       217.3166       132.2188         0.0000         0.0000          -2927.9114       330.9154         0.0000         0.0000       624.6724          -1622.7882       299.8087     -2247.4605     -1616.6424       297.6251           3083.2206      1122.8275      6488.8147       245.1570       251.2920

WRITING EXTENDED SYSTEM TO RESTART FILE AT STEP 98500
WRITING COORDINATES TO DCD FILE water_simulation.dcd AT STEP 98500
WRITING COORDINATES TO RESTART FILE AT STEP 98500
FINISHED WRITING RESTART COORDINATES
WRITING VELOCITIES TO DCD FILE AT STEP 98500
WRITING VELOCITIES TO RESTART FILE AT STEP 98500
FINISHED WRITING RESTART VELOCITIES
PRESSURE: 98600 4800.85 2154.55 -3758.59 2154.55 1537.07 -221.058 -3758.59 -221.058 812.924
GPRESSURE: 98600 1099.67 -575.387 -1220.65 1000.45 -285.299 794.736 -1574.92 2192.74 -6.3436
PRESSAVG: 98600 95.8374 -364.977 -255.834 -364.977 762.705 -121.424 -255.834 -121.424 -653.436
GPRESSAVG: 98600 64.916 -539.277 -177.926 -369.143 793.941 -107.694 -199.295 -42.1781 -671.999
ENERGY:   98600       213.6715       150.2121         0.0000         0.0000          -2910.7712       306.8345         0.0000         0.0000       628.2819          -1611.7711       301.5411     -2240.0531     -1605.8703       299.1394           2383.6145       269.3438      6525.0383        68.3688        62.2860

PRESSURE: 98700 -550.855 639.388 617.077 639.388 -20.817 3758.31 617.077 3758.31 2472
GPRESSURE: 98700 -254.659 529.675 -269.66 -242.88 -1635.11 149.19 337.14 -376.735 360.912
PRESSAVG: 98700 86.9686 -350.682 -323.326 -350.682 391.179 290.638 -323.326 290.638 -528.132
GPRESSAVG: 98700 169.358 -279.826 -399.792 -346.141 329.018 296.985 -215.899 239.302 -566.561
ENERGY:   98700       223.3030       139.7758         0.0000         0.0000          -2930.1388       301.9238         0.0000         0.0000       653.1063          -1612.0300       313.4554     -2265.1362     -1605.9564       308.3651            633.4411      -509.6177      6601.4938       -16.6613       -22.7283

PRESSURE: 98800 3710.19 -2072.76 3189.81 -2072.76 -1140.62 -982.596 3189.81 -982.596 421.779
GPRESSURE: 98800 1589.58 10.3686 208.674 -104.914 -1260.31 6.44961 370.115 53.0036 -882.035
PRESSAVG: 98800 549.665 -502.785 -45.0333 -502.785 1.10439 102.647 -45.0333 102.647 402.575
GPRESSAVG: 98800 618.839 -467.459 -51.7778 -491.74 -60.2157 86.9675 -121.545 104.36 405.042
ENERGY:   98800       223.2007       130.2672         0.0000         0.0000          -2886.3308       303.0925         0.0000         0.0000       620.8850          -1608.8855       297.9910     -2229.7705     -1604.1369       304.2261            997.1136      -184.2532      6618.6077       317.7814       321.2219

PRESSURE: 98900 3665.44 20.7273 -508.65 20.7273 -330.312 -406.954 -508.65 -406.954 -838.687
GPRESSURE: 98900 942.41 212.056 869.242 653.209 -552.299 -569.891 946.669 -559.949 -1591.04
PRESSAVG: 98900 -83.8066 -590.347 289.07 -590.347 247.073 -157.818 289.07 -157.818 -256.105
GPRESSAVG: 98900 -126.332 -535.632 327.114 -552.755 320.741 -97.9229 271.365 -137.259 -289.525
ENERGY:   98900       227.6535       139.0464         0.0000         0.0000          -2936.3065       310.6374         0.0000         0.0000       652.8410          -1606.1282       313.3281     -2258.9692     -1599.6732       304.4522            832.1463      -400.3096      6675.0586       -30.9461       -31.7051

PRESSURE: 99000 343.327 3306.53 224.403 3306.53 4529.7 3231.19 224.403 3231.19 -1305.22
GPRESSURE: 99000 -669.59 871.355 130.11 783.479 -1115.25 -157.729 -270.47 353.808 -25.0768
PRESSAVG: 99000 -18.9195 147.46 -228.371 147.46 -443.577 -1439.2 -228.371 -1439.2 207.361
GPRESSAVG: 99000 -81.9658 46.6988 -220.191 84.501 -473.223 -1463.86 -96.392 -1521.94 282.829
TIMING: 99000  CPU: 478.438, 0.004835/step  Wall: 478.438, 0.004836/step, 0.00147767 hours remaining, 6.375000 MB of memory in use.
ETITLE:      TS           BOND          ANGLE          DIHED          IMPRP               ELECT            VDW       BOUNDARY           MISC        KINETIC               TOTAL           TEMP      POTENTIAL         TOTAL3        TEMPAVG            PRESSURE      GPRESSURE         VOLUME       PRESSAVG      GPRESSAVG

ENERGY:   99000       211.6972       141.2494         0.0000         0.0000          -2895.0367       295.6629         0.0000         0.0000       641.8304          -1604.5968       308.0436     -2246.4272     -1598.3672       303.5484           1189.2675      -603.3053      6594.2838       -85.0452       -90.7867

WRITING EXTENDED SYSTEM TO RESTART FILE AT STEP 99000
WRITING COORDINATES TO DCD FILE water_simulation.dcd AT STEP 99000
WRITING COORDINATES TO RESTART FILE AT STEP 99000
FINISHED WRITING RESTART COORDINATES
WRITING VELOCITIES TO DCD FILE AT STEP 99000
WRITING VELOCITIES TO RESTART FILE AT STEP 99000
FINISHED WRITING RESTART VELOCITIES
PRESSURE: 99100 792.986 848.56 2828.81 848.56 -450.347 1343.66 2828.81 1343.66 3306.07
GPRESSURE: 99100 -953.188 -424.032 -1409.73 466.501 -964.239 -449.639 -650.456 -324.715 -182.638
PRESSAVG: 99100 842.08 111.251 -290.696 111.251 -151.681 -332.129 -290.696 -332.129 -263.739
GPRESSAVG: 99100 874.907 102.499 -341.553 156.68 -163.709 -356.548 -466.78 -294.179 -315.327
ENERGY:   99100       219.0732       116.6347         0.0000         0.0000          -2863.0001       293.3126         0.0000         0.0000       625.8652          -1608.1145       300.3812     -2233.9797     -1602.2672       307.7287           1216.2377      -700.0217      6723.2435       142.2200       131.9567

PRESSURE: 99200 5883.48 -2379.57 -1120.69 -2379.57 -1599.22 508.404 -1120.69 508.404 3304.97
GPRESSURE: 99200 2536.83 338.837 -775.245 536.138 -1109.83 613.225 -1090.87 454.818 378.121
PRESSAVG: 99200 -424.076 849.672 -752.17 849.672 -478.868 45.2252 -752.17 45.2252 198.937
GPRESSAVG: 99200 -491.896 924.21 -756.051 880.937 -494.042 62.824 -674.604 18.1445 247.58
ENERGY:   99200       206.5464       133.6821         0.0000         0.0000          -2943.9079       332.2969         0.0000         0.0000       658.7212          -1612.6613       316.1503     -2271.3825     -1605.6051       302.2674           2529.7454       601.7093      6632.2663      -234.6691      -246.1196

PRESSURE: 99300 1486 950.135 -1315.9 950.135 -205.973 -322.445 -1315.9 -322.445 676.686
GPRESSURE: 99300 -1208.68 658.627 -915.869 269.135 -1584.87 -961.762 -402.01 196.16 -1045.13
PRESSAVG: 99300 159.257 443.033 153.953 443.033 -1205.45 588.193 153.953 588.193 1428.29
GPRESSAVG: 99300 88.8418 484.792 150.56 399.19 -1105.43 577.574 137.925 665.638 1379.67
ENERGY:   99300       224.7233       141.4160         0.0000         0.0000          -2891.6620       283.5324         0.0000         0.0000       636.9021          -1605.0882       305.6783     -2241.9903     -1599.9804       307.1134            652.2387     -1279.5562      6682.6716       127.3650       121.0275

PRESSURE: 99400 272.132 2387.26 -374.773 2387.26 -740.298 1053.84 -374.773 1053.84 -2885.08
GPRESSURE: 99400 -1352.26 557.107 809.673 547.516 -2949.65 969.053 222.374 861.646 -1885.01
PRESSAVG: 99400 1124.86 -206.512 -943.045 -206.512 -407.198 338.453 -943.045 338.453 -911.871
GPRESSAVG: 99400 1138.01 -274.118 -840.234 -179.959 -508.498 356.013 -990.825 361.627 -815.693
ENERGY:   99400       225.0087       135.6037         0.0000         0.0000          -2872.1398       265.0890         0.0000         0.0000       645.7109          -1600.7275       309.9061     -2246.4384     -1594.0276       307.1699          -1117.7501     -2062.3090      6734.9607       -64.7366       -62.0616

PRESSURE: 99500 -1401.17 -58.053 2356.51 -58.053 -1684.5 2439.3 2356.51 2439.3 2791.85
GPRESSURE: 99500 -1589.79 -717.559 597.057 -911.034 -802.825 197.611 1551.64 1325.12 132.161
PRESSAVG: 99500 -1069.58 306.222 250.854 306.222 563.143 344.209 250.854 344.209 98.5576
GPRESSAVG: 99500 -1007.65 258.98 138.228 257.438 608.494 271.829 360.976 186.826 -11.0173
ENERGY:   99500       218.6268       126.1013         0.0000         0.0000          -2868.0691       292.7967         0.0000         0.0000       628.8595          -1601.6847       301.8183     -2230.5443     -1595.2558       302.7166            -97.9395      -753.4854      6733.7514      -135.9606      -136.7250

WRITING EXTENDED SYSTEM TO RESTART FILE AT STEP 99500
WRITING COORDINATES TO DCD FILE water_simulation.dcd AT STEP 99500
WRITING COORDINATES TO RESTART FILE AT STEP 99500
FINISHED WRITING RESTART COORDINATES
WRITING VELOCITIES TO DCD FILE AT STEP 99500
WRITING VELOCITIES TO RESTART FILE AT STEP 99500
FINISHED WRITING RESTART VELOCITIES
PRESSURE: 99600 -1341.12 -4792.89 -1298.42 -4792.89 3818.61 -1620.09 -1298.42 -1620.09 -2445.56
GPRESSURE: 99600 -1205.12 -211.76 723.211 345.067 339.953 701.759 -3.21497 983.848 -1833.39
PRESSAVG: 99600 -653.772 317.549 461.124 317.549 190.972 -183.787 461.124 -183.787 285.806
GPRESSAVG: 99600 -579.738 401.547 526.816 358.998 151.311 -127.646 398.397 -17.6565 302.225
ENERGY:   99600       232.9027       127.8999         0.0000         0.0000          -2876.2106       288.2857         0.0000         0.0000       639.9987          -1587.1236       307.1645     -2227.1223     -1581.9107       302.1729             10.6451      -899.5172      6728.0515       -58.9982       -42.0673

PRESSURE: 99700 -1158.98 -485.097 -940.699 -485.097 349.303 -16.0953 -940.699 -16.0953 -2315.54
GPRESSURE: 99700 -1246.42 103.651 -729.537 284.885 -441.29 2.42653 -228.657 591.389 -1206.93
PRESSAVG: 99700 -467.627 -665.259 -372.641 -665.259 695.592 668.005 -372.641 668.005 -174.207
GPRESSAVG: 99700 -576.736 -621.555 -418.684 -577.242 645.004 643.053 -357.179 635.55 -15.9596
ENERGY:   99700       239.8490       137.5390         0.0000         0.0000          -2872.7214       282.4876         0.0000         0.0000       611.5396          -1601.3062       293.5057     -2212.8459     -1595.7553       303.8796          -1041.7366      -964.8823      6645.9049        17.9191        17.4360

PRESSURE: 99800 2215.31 4170.6 -2449.12 4170.6 766.201 1390.05 -2449.12 1390.05 1627.93
GPRESSURE: 99800 1329.38 54.2546 -1774.33 651.703 3138.01 187.273 -480.324 200.508 450.003
PRESSAVG: 99800 -183.71 426.429 71.4066 426.429 1.02215 236.343 71.4066 236.343 210.277
GPRESSAVG: 99800 -193.794 335.614 91.9546 246.566 69.6821 268.185 144.118 267.433 107.159
ENERGY:   99800       221.3226       140.0534         0.0000         0.0000          -2941.4039       340.5544         0.0000         0.0000       637.1076          -1602.3661       305.7769     -2239.4736     -1595.0309       304.6094           1536.4788      1639.1316      6514.1393         9.1962        -5.6510

PRESSURE: 99900 -4881.17 -299.399 -63.9415 -299.399 -988.206 -484.372 -63.9415 -484.372 -2317.07
GPRESSURE: 99900 -3962.95 -226.464 -180.523 73.1526 -749.355 677.649 -141.833 20.5684 -25.2088
PRESSAVG: 99900 -600.552 -469.752 258.235 -469.752 154.076 -160.447 258.235 -160.447 176.747
GPRESSAVG: 99900 -566.665 -535.368 238.834 -395.479 209.767 -139.793 66.678 -243.656 155.275
ENERGY:   99900       228.4882       135.1577         0.0000         0.0000          -2860.8706       263.7481         0.0000         0.0000       643.6349          -1589.8417       308.9097     -2233.4766     -1582.8773       305.2256          -2728.8169     -1579.1721      6645.7073       -89.9096       -67.2081

PRESSURE: 100000 -2942.19 -2434.65 -1592.19 -2434.65 -2587.13 -2275.2 -1592.19 -2275.2 -442.177
GPRESSURE: 100000 -114.381 -82.1038 -775.284 346.338 -1460.43 -845.016 -761.702 -1188.46 -1852.99
PRESSAVG: 100000 -294.817 588.238 -39.3222 588.238 -713.587 280.182 -39.3222 280.182 787.861
GPRESSAVG: 100000 -281.192 699.096 -29.9442 648.368 -771.561 389.581 54.5062 234.059 797.98
TIMING: 100000  CPU: 483.185, 0.004747/step  Wall: 483.185, 0.004747/step, 0.000131861 hours remaining, 6.375000 MB of memory in use.
ETITLE:      TS           BOND          ANGLE          DIHED          IMPRP               ELECT            VDW       BOUNDARY           MISC        KINETIC               TOTAL           TEMP      POTENTIAL         TOTAL3        TEMPAVG            PRESSURE      GPRESSURE         VOLUME       PRESSAVG      GPRESSAVG

ENERGY:  100000       243.1743       136.1043         0.0000         0.0000          -2870.8936       283.6597         0.0000         0.0000       619.8709          -1588.0843       297.5043     -2207.9552     -1582.3289       311.4241          -1990.4978     -1142.5995      6735.5066       -73.5143       -84.9242

WRITING EXTENDED SYSTEM TO RESTART FILE AT STEP 100000
WRITING COORDINATES TO DCD FILE water_simulation.dcd AT STEP 100000
WRITING COORDINATES TO RESTART FILE AT STEP 100000
FINISHED WRITING RESTART COORDINATES
WRITING VELOCITIES TO DCD FILE AT STEP 100000
WRITING VELOCITIES TO RESTART FILE AT STEP 100000
FINISHED WRITING RESTART VELOCITIES
PRESSURE: 100100 1235.94 -321.068 905.173 -321.068 -1721.73 1664.5 905.173 1664.5 -3544.35
GPRESSURE: 100100 1144.9 -582.224 -138.591 -1140.74 -1150.16 307.028 -1476.09 1093.7 180.364
PRESSAVG: 100100 -337.059 -292.408 -480.99 -292.408 372.315 113.092 -480.99 113.092 -799.82
GPRESSAVG: 100100 -283.63 -338.095 -379.614 -268.322 393.542 -60.703 -480.456 180.127 -845.282
ENERGY:  100100       233.8204       114.8026         0.0000         0.0000          -2902.2200       311.2188         0.0000         0.0000       645.0102          -1597.3680       309.5698     -2242.3782     -1591.3437       310.0757          -1343.3780        58.3711      6666.5544      -254.8546      -245.1234

WRITING EXTENDED SYSTEM TO OUTPUT FILE AT STEP 100100
CLOSING EXTENDED SYSTEM TRAJECTORY FILE
WRITING COORDINATES TO OUTPUT FILE AT STEP 100100
CLOSING COORDINATE DCD FILE water_simulation.dcd
WRITING VELOCITIES TO OUTPUT FILE AT STEP 100100
CLOSING VELOCITY DCD FILE
====================================================

WallClock: 483.673004  CPUTime: 483.674011  Memory: 6.375000 MB
